propertyCode,thumbnail,externalReference,numPhotos,floor,price,priceInfo,propertyType,operation,size,rooms,bathrooms,address,province,municipality,district,country,latitude,longitude,showAddress,url,description,hasVideo,status,newDevelopment,hasLift,parkingSpace,priceByArea,change,detailedType,suggestedTexts,hasPlan,has3DTour,has360,hasStaging,savedAd,notes,topNewDevelopment,topPlus,neighborhood,newDevelopmentFinished
34120604,https://img4.idealista.pt/blur/480_360_mq/0/id.pro.pt.image.master/06/a0/32/281345311.webp,CB06-0188,31,5,3500.0,"{'price': {'amount': 3500.0, 'currencySuffix': '€/mês'}}",flat,rent,210.0,4,3,"rua Cais das Naus, 3 A",Lisboa,Parque das Nações,Expo Norte,pt,38.7753974,-9.0925077,True,https://www.idealista.pt/imovel/34120604/,"Apartamento T4 para arrendamento no Parque das Nações Norte. Se procura viver numa zona premium de Lisboa, este imóvel na zona norte do Parque das Nações é a escolha certa! Fantástico apartamento de tipologia T4, onde a área social se encontra separada da zona privativa por um amplo corredor com roupeiros embutidos.  O imóvel é composto por quatro quartos, sendo um dele em suíte, três casas de banho, sala, cozinha equipada, zona de lavandaria e três lugares de estacionamento em garagem. Este apartamento conta com bastante arrumação e uma ótima exposição solar, pois a varanda da sala oferece uma vista desafogada sobre o Rio Tejo e Ponte Vasco da Gama.  Mais ainda, beneficia de uma excelente localização, junto a serviços, comércio, Campus da Justiça e vários colégios, públicos e privados.  O Parque das Nações, freguesia mais nova de Lisboa, é o local perfeito para residir, devido à qualidade de vida que proporciona a todos os seus residentes e visitantes. Os inúmeros espaços verdes, a disposição de peças de arte ao longo do Parque e a relação de proximidade única com o Rio Tejo tornam o Parque das Nações na zona premium que é. Mais ainda, a proximidade ao Aeroporto de Lisboa, aos vários meios de transporte, como autocarro, metro e comboio, aliados aos acessos à Ponte Vasco da Gama e autoestradas, tornam a entrada e saída do Parque das Nações um processo simples e acessível a todos. Não espere mais, venha conhecer a sua nova casa!",False,good,False,True,"{'hasParkingSpace': True, 'isParkingSpaceIncludedInPrice': True}",17.0,{},{'typology': 'flat'},"{'subtitle': 'Parque das Nações, Lisboa', 'title': 'Apartamento na rua Cais das Naus, 3 a'}",False,False,False,False,{},[],False,False,,
34120635,https://img4.idealista.pt/blur/480_360_mq/0/id.pro.pt.image.master/a0/e0/b1/281342396.webp,Para visitar contate : +351 968512711,7,1,1600.0,"{'price': {'amount': 1600.0, 'currencySuffix': '€/mês'}}",flat,rent,86.0,3,1,rua General Taborda,Lisboa,Campolide,Centro,pt,38.7301018,-9.1645278,False,https://www.idealista.pt/imovel/34120635/,"Apartamento 4 Assoalhadas para Arrendar em Campolide  Se está à procura de um apartamento para arrendar em Lisboa, com excelente localização e com ambiente tranquilo, considere este apartamento T3 localizado no 1. º andar da Rua General Taborda, em Campolide. Ideal para quem valoriza o conforto, a localização e a praticidade no dia a dia. Uma das grandes vantagens deste imóvel é a proximidade com diversas opções de transporte, facilitando a locomoção para outras zonas da cidade. Além disso, encontra uma variedade de serviços nas imediações, incluindo supermercados, restaurantes e comércio, tornando a rotina mais prática e fácil de viver. Excelente localização, perto das Amoreiras, uma das áreas mais dinâmicas e valorizadas de Lisboa, onde poderá desfrutar de um centro comercial, espaços de lazer e uma rica oferta cultural. A zona conta com escolas de qualidade e o Hospital das Forças Armadas, garantindo acesso a serviços de saúde e educação de excelência. Este T3 na Rua General Taborda é uma excelente opção para arrendamento em Lisboa. Para visitar contacte já!",False,good,False,False,,19.0,{},{'typology': 'flat'},"{'subtitle': 'Campolide, Lisboa', 'title': 'Apartamento na rua General Taborda'}",False,False,False,False,{},[],False,False,,
34120590,https://img4.idealista.pt/blur/480_360_mq/0/id.pro.pt.image.master/33/b3/95/281341326.webp,SAVLBN23000145,24,4,2150.0,"{'price': {'amount': 2150.0, 'currencySuffix': '€/mês'}}",flat,rent,76.0,1,1,Graça,Lisboa,São Vicente,Graça,pt,38.7184034,-9.1291554,False,https://www.idealista.pt/imovel/34120590/,"T1 com muito charme, luminosidade, varanda e vista para o Tejo e de cidade Edifício remodelado com elevador.  O apartamento tem um quarto grande com uma vista desafogada.    Tem também uma sala de estar com cozinha aberta, toda equipada e uma bonita vista de rio e cidade.  O apartamento é arrendado totalmente mobilado, cozinha equipada, ar condicionado. Este apartamento está localizado na Rua da Graça bem no coração do bairro!  Se gosta dos bairros típicos onde a agitação da rua é uma constante, este é definitivamente o seu bairro. Nas ruas da Graça abundam os pequenos negócios, o chamado comércio de bairro: O Pingo Doce, a mercearia, a pastelaria, o eletricista, a papelaria/tabacaria.  Mas a Graça não vive apenas da tradição. Os novos tempos e os novos habitantes trazem inovação. É por isso que os 'coworks', espaços culturais e restaurantes 'trendy' também coexistem aqui. A Graça é bem servida por autocarros, é possível utilizar o famoso eléctrico 28 para se deslocar e o rio e a estação de metro de Santa Apolónia estão a apenas 15 minutos a pé. Sobre a Savills: Ao longo de mais de 160 anos, a Savills cresceu e tornou-se uma das principais consultoras imobiliárias do mundo. O panorama imobiliário pode ser irreconhecível desde que abrimos o nosso primeiro escritório em Londres em 1855, mas o nosso pensamento progressista, os nossos valores de confiança e integridade e o nosso foco no serviço excecional ao cliente não mudaram. Hoje em dia, a Savills é uma empresa moderna e global. Com mais de 600 escritórios e associados em mais de 70 países em todo o mundo, o alcance e a experiência são incomparáveis, com 39.000 pessoas a trabalhar em 300 áreas que cobrem todo o espectro de serviços residenciais, comerciais e de propriedade rural. Alcançamos clientes em todo o mundo, através da nossa equipa de especialistas dedicados sediados em Londres, da nossa rede mundial de escritórios e associados e das nossas equipas internas especializadas em marketing, relações-públicas e investigação. Os nossos clientes podem encontrar-nos facilmente, graças aos nossos websites multilingues e pesquisa móvel, assim como graças à nossa reputação de líder de mercado e de análise. Aliamos o nosso alcance mundial, a experiência e a perícia a um serviço personalizado para cada cliente, incluindo departamentos especializados que oferecem os mais altos níveis de privacidade e profissionalismo. Orgulhamo-nos de construir relações duradouras que ajudam os nossos clientes a alcançar as suas ambições imobiliárias, sejam elas quais forem e onde quer que estejam.  Categoria Energética: B-  ref:SAVLBN23000145.",False,good,False,True,,28.0,{},{'typology': 'flat'},"{'subtitle': 'São Vicente, Lisboa', 'title': 'Apartamento'}",False,False,False,False,{},[],False,False,,
34120535,https://img4.idealista.pt/blur/480_360_mq/0/id.pro.pt.image.master/a2/df/ab/281340504.webp,APA_374,22,,1475.0,"{'price': {'amount': 1475.0, 'currencySuffix': '€/mês'}}",flat,rent,132.0,3,2,Olivais,Lisboa,Olivais,,pt,38.766854,-9.1099379,False,https://www.idealista.pt/imovel/34120535/,"Apartamento T3 para arrendar sem moveis, com 150m2 composto por sala ampla com zona de refeições, cozinha equipada, dois dos quartos com ar condicionado e duas casas de banho. Prédio com acesso por duas entradas, têm porteira e elevador. Excelente localização nos Olivais sul, apenas a 600m da Gare do Oriente e a 800m do centro comercial Vasco da gama, existência de escolas num raio de 500m, a 1 km do Spacio shopping, autocarros a porta, a 1KM do aeroporto, bem como o ginásio Go fit ao lado.  Zona ideal para quem procura espaço, conforto e acessibilidade.  Para mais informações contacte-nos!  Categoria Energética: C  ref: APA_374.",False,good,False,True,,11.0,{},{'typology': 'flat'},"{'subtitle': 'Olivais, Lisboa', 'title': 'Apartamento'}",False,False,False,False,{},[],False,False,,
33665040,https://img4.idealista.pt/blur/480_360_mq/0/id.pro.pt.image.master/02/7f/7b/281340566.webp,126926,25,2,1950.0,"{'price': {'amount': 1950.0, 'currencySuffix': '€/mês'}}",flat,rent,85.0,1,2,Gulbenkian - Praça Espanha,Lisboa,Avenidas Novas,Gulbenkian - Praça Espanha,pt,38.7384822,-9.1559663,False,https://www.idealista.pt/imovel/33665040/,"Trata-se de um apartamento T1 de luxo, com um quarto, 2 casas de banho, ar condicionado, e inserida no segundo andar de um edifício totalmente novo com elebvador, piscina, garagem e arrecadação. A porta do apartamento dá para um corredor que vai da espaçosa sala num dos extremos do imóvel, passando pela cozinha, segunda casa de banho e até ao quarto que tem casa de banho privativa. Virando à esquerda na entrada, entramos na luminosa sala de estar. Há ar condicionado nesta dicisão e em todas as outras. As amplas janelas a toda a largura abrem-se para permitir o acesso à varanda frontal, que tem largura suficiente para colocar mesa e cadeiras e percorre toda a extensão do imóvel, com acesso aqui pela sala, mas também pela cozinha, casa de banho privativa e quarto. Virando à direita na entrada, passamos primeiro à cozinha totalmente equipada, com forno, micro-ondas, máquina de lavar loiça, exaustor, placa, arrumação, e acesso a uma pequena lavandaria, onde está instalada a máquina de lavar roupa. A divisão seguinte ao longo do corredor é a casa de banho de hóspedes, com sanita, armário e lavatório. O quarto está situado no final do corredor e tem uma ampla casa de banho privativa, com dois lavatórios, armário e espelho grande, sanita, bidé e uma cabina de duche muito espaçosa. A luz natural entra pelas grandes janelas, embora, claro, existam estores elétricas para dar privacidade. O quarto tem muito espaço para uma grande cama de casal e roupeiros embutidos, bem como um walk-in closet, que oferece um amplo espaço de arrumação para a roupa. Todas as divisões têm estores eléctricos, e o imóvel dispõe de um lugar de garagem e arrecadação. O edifício dispõe de bonitas zonas comuns com jardim e piscina, à disposição de todos os residentes e inquilinos. NOTA: Disponível a partir de 15 de abril de 2025 ref: 126926 Licença de utilização: 472/UT - CML/2023.",True,good,False,,,23.0,{},{'typology': 'flat'},"{'subtitle': 'Avenidas Novas, Lisboa', 'title': 'Apartamento'}",True,False,False,False,{},[],False,False,,
34120448,https://img4.idealista.pt/blur/480_360_mq/0/id.pro.pt.image.master/95/76/e7/281336365.webp,,15,1,2000.0,"{'price': {'amount': 2000.0, 'currencySuffix': '€/mês'}}",penthouse,rent,85.0,1,1,Marvila,Lisboa,Marvila,,pt,38.7394607,-9.1062447,False,https://www.idealista.pt/imovel/34120448/,"Apartamento para arrendar, totalmente novo, com um quarto, na zona mais trendy da cidade de Lisboa, Marvila.  A luminosidade é um dos fortes deste apartamento, assim como cada um dos pormenores e detalhes únicos e pensados, especialmente, para trazer conforto aos futuros arrendatários. Tem dois terraços tem o da sala vista de rio. A recuperação está muito bem feita, excelentes acabamentos, grande qualidade dos materiais, de electrodomésticos e mobilado com enorme gosto. A recuperação é feita por pessoas muito experientes, que já recuperaram algumas casas em Lisboa. Esta experiência é uma grande vantagem. Não há erros, nem surpresas.  Marvila é uma zona da cidade em franco crescimento. Muito bem servida de transportes públicos e junto ao parque das Nações.  A área do apartamento é bastante boa, superior à media para imóveis desta tipologia. Se procura um imóvel com estas características, avalie esta possibilidade. Fale connosco, agende a sua visita.   O apartamento distribui-se da seguinte forma: - Hall - Sala de estar, de jantar com salamandra e cozinha aberta. Terraço com vista - Quarto com roupeiros e terraço - Casa de banho completa [PT] A Boost Properties nasceu em 2018, em Cascais, desenvolvendo a sua actividade em todo o país. Desde sempre, a Boost tem procurado ser uma imobiliária diferente, com um conceito próprio. Melhores experiências, melhores negócios e estabelecer boas relações. Somos e queremos ser uma agência imobiliária mais pequena, não por falta de ambição - porque essa não falta  mas porque há uma dimensão exacta para se conseguir os melhores negócios para os clientes. As vantagens que nos podem trazer o volume de negócios estão longe de compensar as vantagens, para os clientes, de trabalhar com uma agência imobiliária flexível e dedicada como a Boost Properties. Pode fazer toda a diferença, num negócio, ser representado pela Boost. [EN] Boost Properties was born in 2018, in Cascais, developing its activity throughout the country. Since the beginning, Boost has always sought to be a different real estate company, with its own concept. Better experiences, better deals and always establishing good relationships. We are and we want to be a smaller real estate agency, not for lack of ambition - we have a lot  but because there is an exact dimension to get the best deals for our customers. The advantages that volume of business can bring us far outweigh the advantages for clients of working with a flexible and dedicated real estate agency like Boost Properties. It can make all the difference, in a business, to be represented by Boost.",False,good,False,False,,24.0,{},"{'typology': 'flat', 'subTypology': 'penthouse'}","{'subtitle': 'Marvila, Lisboa', 'title': 'Penthouse'}",False,False,False,False,{},[],False,False,,
34120434,https://img4.idealista.pt/blur/480_360_mq/0/id.pro.pt.image.master/bf/e8/a6/281335524.webp,KWPT-013654,13,,1500.0,"{'price': {'amount': 1500.0, 'currencySuffix': '€/mês'}}",flat,rent,85.0,3,2,rua Coronel Santos Pedroso s/n,Lisboa,Benfica,Arneiros,pt,38.7541622,-9.1989613,True,https://www.idealista.pt/imovel/34120434/,"Apartamento T3 para arrendar em Benfica, numa zona consolidada, de estacionamento gratuito e com Comércio e serviços nas proximidades. Sobre o apartamento: fica ao nível de um 2º Andar, em prédio com 2 elevadores, em estado usado mas perfeitamente habitável, sendo composto por 3 Quartos, Sala, Cozinha com Despensa, circulação e 2 wc's - o edifício é em placa e encontra-se em bom estado de conservação geral. Sobre a localização: Possui todo o Comércio local nas proximidades a pouca distância da Av. Uruguai e Estrada de Benfica. O Hospital da Luz, o Centro Comercial Colombo e o Metro do Colégio Militar fica a menos de 15 minutos a pé do apartamento. Morar em Lisboa é um privilégio, venha conhecer a sua nova residência. Aguardo por si! Licença de utilização: 70.",False,good,False,,"{'hasParkingSpace': True, 'isParkingSpaceIncludedInPrice': True}",18.0,{},{'typology': 'flat'},"{'subtitle': 'Benfica, Lisboa', 'title': 'Apartamento na rua Coronel Santos Pedroso s/n'}",False,False,False,False,{},[],False,False,,
34120433,https://img4.idealista.pt/blur/480_360_mq/0/id.pro.pt.image.master/f5/53/c8/281335500.webp,KWPT-012938,4,,2300.0,"{'price': {'amount': 2300.0, 'currencySuffix': '€/mês'}}",flat,rent,65.0,1,2,rua do Telhal s/n,Lisboa,Santo António,Campo de Santana - Santa Marta,pt,38.7198582,-9.1420772,True,https://www.idealista.pt/imovel/34120433/,"Descubra este magnífico apartamento T1, situado numa das transversais da prestigiada Avenida da Liberdade, em pleno coração de Lisboa. Um espaço pensado para quem valoriza o requinte, o conforto e a exclusividade de uma das zonas mais emblemáticas e luxuosas da Europa. Inserido num edifício de alto padrão, este apartamento distingue-se pelo seu design contemporâneo e acabamentos de excelência. A elegante sala de estar, em open space com a cozinha totalmente equipada e uma varanda, convida a momentos de puro conforto. O quarto, amplo e luminoso, dispõe de roupeiros embutidos, garantindo funcionalidade e organização. As casas de banho, com linhas sofisticadas e materiais nobres, complementam este espaço único. Totalmente mobilado e decorado com requinte, este apartamento está pronto a habitar, oferecendo uma experiência residencial distinta. A localização privilegiada permite um estilo de vida cosmopolita, com acesso imediato a boutiques de luxo, restaurantes de renome, teatros e uma vasta oferta cultural e de lazer. Uma oportunidade rara para quem procura aliar modernidade, exclusividade e a sofisticação de viver no coração de Lisboa. Para mais informações ou marcação de visita, contacte-me! ESCOLHER TRABALHAR COM A KELLER WILLIAMS, SIGNIFICA: Optar pela mais eficiente Rede de Consultores Imobiliários do Mercado, capaz de aconselhar e acompanhar na compra do seu imóvel. Seja qual for o valor do seu investimento, terá sempre a certeza de que o seu novo imóvel, não é uma parte do que fazemos - É tudo o que fazemos!  Na KW Portugal, acreditamos na partilha como uma forma de prestar o melhor serviço ao nosso cliente, por isso se é um profissional do setor e tem um cliente qualificado, contacte-me para agendar visita. Partilhamos com todas as imobiliárias/ profissionais com licença AMI válida, em regime de 50% - 50%. Licença de utilização: 2025/43.",False,good,False,,,35.0,{},{'typology': 'flat'},"{'subtitle': 'Santo António, Lisboa', 'title': 'Apartamento na rua do Telhal s/n'}",False,False,False,False,{},[],False,False,,
34072212,https://img4.idealista.pt/blur/480_360_mq/0/id.pro.pt.image.master/ca/ac/29/281334796.webp,REHM03-10,26,9,1300.0,"{'price': {'amount': 1300.0, 'currencySuffix': '€/mês'}}",flat,rent,70.0,2,1,"rua Conde Almoster, 90",Lisboa,São Domingos de Benfica,Estrada de Benfica,pt,38.744221,-9.1822619,True,https://www.idealista.pt/imovel/34072212/,"T2 COM IMENSA LUZ NATURAL, EM PRÉDIO COM PORTEIRA Imagine viver num apartamento cheio de luz, conforto e com uma localização imbatível! Este T2 em excelente estado oferece tudo o que precisa para uma vida tranquila e prática. • Prédio com porteira e dois elevadores • Garagem com parqueamento (ideal para carro pequeno ou mota) • Terraço comum do prédio • Exposição solar nascente/poente  • Vistas desafogadas para o Monsanto • Janelas de alumínio com vidros duplos • Varanda fechada remodelada com janelas novas a estrear, com vidros de elevado desempenho em termos de controlo solar e isolamento térmico Localização Perfeita:  • Em frente ao Colégio Pupilos do Exército e perto do Externato Maristas de Lisboa  • A 10 min a pé do Metro do Alto dos Moinhos  • A 20 min a pé das estações de Sete Rios e Benfica  • A 10 min a pé dos Hospitais Lusíadas e Cruz Vermelha  • Rodeado por comércio, serviços e transportes Composição do Apartamento:  • Hall com roupeiro embutido de 4 portas e despensa (8m²)  • Sala: 14 m² com acesso à marquise  • Cozinha equipada: 6,15m² com fogão elétrico, frigorífico, esquentador e máquina de lavar roupa  • Quarto 1: 9,50m², com acesso à marquise  • Quarto 2: 9,30m²  • Casa de banho: 3,55m² com banheira Hall/corredor: 8m² com roupeiro embutido com 4 portas e despensa  • Varanda fechada: 10,50m²  • Parqueamento: no piso -1, com 8,50m² Condições de arrendamento:  • Contrato de 3 anos, renovado automaticamente por períodos de um ano  • Pagamento de 2 rendas + 1 caução  • Fiador obrigatório Não perca esta oportunidade! Agende já a sua visita e venha conhecer o seu novo lar. Licença de Utilização nº 79/1975.",True,good,False,True,"{'hasParkingSpace': True, 'isParkingSpaceIncludedInPrice': True}",19.0,{},{'typology': 'flat'},"{'subtitle': 'São Domingos de Benfica, Lisboa', 'title': 'Apartamento na rua Conde Almoster, 90'}",False,False,True,False,{},[],False,False,,
34120371,https://img4.idealista.pt/blur/480_360_mq/0/id.pro.pt.image.master/84/1f/b0/281332831.webp,123751444-43,20,5,1300.0,"{'price': {'amount': 1300.0, 'currencySuffix': '€/mês'}}",flat,rent,108.0,2,2,rua Martin Luther King,Lisboa,Santa Clara,,pt,38.7808533,-9.1507968,False,https://www.idealista.pt/imovel/34120371/,"Apartamento T2 para Arrendamento Alta de LisboaApresentamos este fantástico apartamento de 3 assoalhadas, em excelente estado de conservação, com luminosidade natural incrível, graças à sua ótima exposição solar.O imóvel distingue-se pela separação harmoniosa entre a área social e a área privativa. A área social inclui um espaçoso hall de entrada, uma cozinha equipada, uma sala ampla e um WC social. Já a área privativa dispõe de um hall com roupeiro, que dá acesso a dois quartos também com roupeiros embutidos, um deles em suíte, além de um segundo WC completo.Este apartamento conta ainda com um lugar de parqueamento de fácil acesso e uma arrecadação, proporcionando maior comodidade e espaço de arrumação.Inserido num condomínio com vídeo vigilância 24 horas e um agradável jardim, o imóvel beneficia de uma localização privilegiada, rodeado por uma ampla oferta de comércio e serviços. Além disso, está a poucos minutos das estações de Metro da Ameixoeira e da Quinta das Conchas (linha amarela) e próximo de várias zonas verdes e parques. A área é bem servida por acessos rodoviários, garantindo uma ligação rápida e eficiente a diferentes pontos da cidade.Não perca esta oportunidade! Entre em contacto connosco e marque já a sua visita.2-Bedroom Apartment with Excellent Sun Exposure and Unobstructed ViewsWe present this fantastic 3-room apartment in excellent condition, featuring a front-facing layout and incredible natural light, thanks to its optimal sun exposure.The property stands out for its harmonious separation between the social and private areas. The social area includes a spacious entrance hall, a fully equipped kitchen, a bright and airy living room, and a guest WC. The private area consists of a hallway with a built-in wardrobe, leading to two bedrooms—both with built-in wardrobes—one of which is a suite, as well as a second full bathroom.This apartment also offers a convenient parking space with easy access and a storage room, providing extra comfort and organization.Located in a condominium with 24-hour video surveillance and a pleasant garden, the property benefits from a prime location, surrounded by a wide range of shops and services. Additionally, it is just minutes from the Ameixoeira and Quinta das Conchas Metro stations (yellow line) and close to several parks and green spaces. The area is well-connected with excellent road access, ensuring quick and efficient links to different parts of the city.Don't miss this opportunity! Contact us today and schedule your visit. Licença de Utilização -.",False,good,False,True,"{'hasParkingSpace': True, 'isParkingSpaceIncludedInPrice': True}",12.0,{},{'typology': 'flat'},"{'subtitle': 'Santa Clara, Lisboa', 'title': 'Apartamento na rua Martin Luther King'}",False,False,False,False,{},[],False,False,,
34120285,https://img4.idealista.pt/blur/480_360_mq/0/id.pro.pt.image.master/79/90/be/281328545.webp,144659,36,,1900.0,"{'price': {'amount': 1900.0, 'currencySuffix': '€/mês'}}",flat,rent,45.0,2,1,avenida 5 de Outubro,Lisboa,Avenidas Novas,Campo Pequeno,pt,38.7362248,-9.147612,False,https://www.idealista.pt/imovel/34120285/,"RESERVAS E PEDIDOS DE INFORMAÇÃO Para obter informações detalhadas e reservar online, clique abaixo do mapa em “Link Adicional”. TERMOS E CONDIÇÕES DE ALOJAMENTO: - Data de Disponibilidade: 14/09/2025 - Duração Mínima de Aluguer: 27 dias - Número Máximo de Hóspedes: 3 - Todas as Despesas Incluídas: Sim, para mais informações visite o site - Adicional:  - Animais de Estimação Não Permitido  - Fumadores Permitido DETALHES DA PROPRIEDADE Apartamento luminoso de 2 quartos com varanda  - Localização: Localizado on Saldanha em Lisbon com uma variedade de opções de refeições, lojas essenciais e atividades para fazer, com fácil acesso aos transportes públicos. 2 quartos em Apartment com 1 casas de banho. Características  - Wi-Fi  - Televisão por cabo  - Air condicionado  - Zona exterior  - Elevador  - Toalhas e lençóis  - Forno  - Microondas  - Máquina de lavar roupa SOBRE A UNIPLACES O Seu Local de Confiança para Encontrar Casa Como uma plataforma online pioneira, a Uniplaces liga indivíduos, sejam estudantes, profissionais ou famílias, a uma variedade de alojamentos para arrendamento. O nosso compromisso vai para além das listagens - verificamos cada propriedade para garantir que cumpre os nossos rigorosos critérios de conforto e conveniência. Escolha a Uniplaces para uma jornada de arrendamento suave, fiável e com uma excelente relação qualidade-preço.",False,good,False,True,,42.0,{},{'typology': 'flat'},"{'subtitle': 'Avenidas Novas, Lisboa', 'title': 'Apartamento na avenida 5 de Outubro'}",False,False,False,False,{},[],False,False,,
34120277,https://img4.idealista.pt/blur/480_360_mq/0/id.pro.pt.image.master/46/34/ec/281328489.webp,169460,29,,1875.0,"{'price': {'amount': 1875.0, 'currencySuffix': '€/mês'}}",flat,rent,140.0,2,2,rua de Macau,Lisboa,Arroios,Anjos,pt,38.7236727,-9.1325388,False,https://www.idealista.pt/imovel/34120277/,"RESERVAS E PEDIDOS DE INFORMAÇÃO Para obter informações detalhadas e reservar online, clique abaixo do mapa em “Link Adicional”. TERMOS E CONDIÇÕES DE ALOJAMENTO: - Data de Disponibilidade: 16/09/2025 - Duração Mínima de Aluguer: 28 dias - Número Máximo de Hóspedes: 4 - Todas as Despesas Incluídas: Sim, para mais informações visite o site - Adicional:  - Animais de Estimação Não Permitido  - Fumadores Não Permitido DETALHES DA PROPRIEDADE Apartamento com 2 quartos, com área exterior  - Localização: Localizado on Anjos em Lisbon com uma variedade de opções de refeições, lojas essenciais e atividades para fazer, com fácil acesso aos transportes públicos. 2 quartos em Apartment com 2 casas de banho. Características  - Wi-Fi  - Televisão por cabo  - Zona exterior  - Toalhas e lençóis  - Forno  - Microondas  - Máquina de lavar roupa  - Máquina de lavar louça SOBRE A UNIPLACES O Seu Local de Confiança para Encontrar Casa Como uma plataforma online pioneira, a Uniplaces liga indivíduos, sejam estudantes, profissionais ou famílias, a uma variedade de alojamentos para arrendamento. O nosso compromisso vai para além das listagens - verificamos cada propriedade para garantir que cumpre os nossos rigorosos critérios de conforto e conveniência. Escolha a Uniplaces para uma jornada de arrendamento suave, fiável e com uma excelente relação qualidade-preço.",False,good,False,False,,13.0,{},{'typology': 'flat'},"{'subtitle': 'Arroios, Lisboa', 'title': 'Apartamento na rua de Macau'}",False,False,False,False,{},[],False,False,,
34120244,https://img4.idealista.pt/blur/480_360_mq/0/id.pro.pt.image.master/28/8d/c2/281328575.webp,199768,11,,1850.0,"{'price': {'amount': 1850.0, 'currencySuffix': '€/mês'}}",flat,rent,43.0,1,1,rua da Rosa,Lisboa,Misericórdia,Bairro Alto,pt,38.7135537,-9.1447717,False,https://www.idealista.pt/imovel/34120244/,"RESERVAS E PEDIDOS DE INFORMAÇÃO Para obter informações detalhadas e reservar online, clique abaixo do mapa em “Link Adicional”. TERMOS E CONDIÇÕES DE ALOJAMENTO: - Data de Disponibilidade: 21/09/2025 - Duração Mínima de Aluguer: 27 dias - Número Máximo de Hóspedes: 3 - Todas as Despesas Incluídas: Sim, para mais informações visite o site - Adicional:  - Animais de Estimação Não Permitido  - Fumadores Não Permitido DETALHES DA PROPRIEDADE Apartamento com 1 quarto  - Localização: Localizado on Bairro Alto em Lisbon com uma variedade de opções de refeições, lojas essenciais e atividades para fazer, com fácil acesso aos transportes públicos. 1 quartos em Apartment com 1 casas de banho. Características  - Wi-Fi  - Televisão por cabo  - Air condicionado  - Toalhas e lençóis  - Forno  - Microondas  - Máquina de lavar roupa SOBRE A UNIPLACES O Seu Local de Confiança para Encontrar Casa Como uma plataforma online pioneira, a Uniplaces liga indivíduos, sejam estudantes, profissionais ou famílias, a uma variedade de alojamentos para arrendamento. O nosso compromisso vai para além das listagens - verificamos cada propriedade para garantir que cumpre os nossos rigorosos critérios de conforto e conveniência. Escolha a Uniplaces para uma jornada de arrendamento suave, fiável e com uma excelente relação qualidade-preço.",False,good,False,False,,43.0,{},{'typology': 'flat'},"{'subtitle': 'Misericórdia, Lisboa', 'title': 'Apartamento na rua da Rosa'}",False,False,False,False,{},[],False,False,,
34120264,https://img4.idealista.pt/blur/480_360_mq/0/id.pro.pt.image.master/9c/7a/57/281328412.webp,142124,5,,1800.0,"{'price': {'amount': 1800.0, 'currencySuffix': '€/mês'}}",studio,rent,26.0,0,1,rua Sebastião Saraiva Lima,Lisboa,Penha de França,Centro,pt,38.7329192,-9.1326556,False,https://www.idealista.pt/imovel/34120264/,"RESERVAS E PEDIDOS DE INFORMAÇÃO Para obter informações detalhadas e reservar online, clique abaixo do mapa em “Link Adicional”. TERMOS E CONDIÇÕES DE ALOJAMENTO: - Data de Disponibilidade: 19/09/2025 - Duração Mínima de Aluguer: 27 dias - Número Máximo de Hóspedes: 2 - Todas as Despesas Incluídas: Não, para mais informações visite o site - Adicional:  - Animais de Estimação Não Permitido  - Fumadores Não Permitido DETALHES DA PROPRIEDADE Estúdio central em Arroios  - Descrição da Propriedade na Uniplaces: Que tal ter um lugar só para você? Parece ótimo, certo? Confira este estúdio em Arroios com equipamento de ar condicionado, pois este pode ser o ponto de partida que você está procurando. Não muito longe da estação de metrô Arroios, sua nova casa oferece um espaço confortável e moderno com uma atmosfera tranquila. Além disso, o estúdio fica perto de algumas lojas e restaurantes, o que é sempre um bônus! O estúdio é composto por um quarto, uma cozinha e um banheiro.  - Localização: Localizado on Arroios em Lisbon com uma variedade de opções de refeições, lojas essenciais e atividades para fazer, com fácil acesso aos transportes públicos. 0 quartos em Studio com 1 casas de banho. Características  - Wi-Fi  - Microondas SOBRE A UNIPLACES O Seu Local de Confiança para Encontrar Casa Como uma plataforma online pioneira, a Uniplaces liga indivíduos, sejam estudantes, profissionais ou famílias, a uma variedade de alojamentos para arrendamento. O nosso compromisso vai para além das listagens - verificamos cada propriedade para garantir que cumpre os nossos rigorosos critérios de conforto e conveniência. Escolha a Uniplaces para uma jornada de arrendamento suave, fiável e com uma excelente relação qualidade-preço.",False,good,False,False,,69.0,{},"{'typology': 'flat', 'subTypology': 'studio'}","{'subtitle': 'Penha de França, Lisboa', 'title': 'T0 na rua Sebastião Saraiva Lima'}",False,False,False,False,{},[],False,False,,
34120168,https://img4.idealista.pt/blur/480_360_mq/0/id.pro.pt.image.master/1f/7d/43/281328197.webp,246447,19,,1800.0,"{'price': {'amount': 1800.0, 'currencySuffix': '€/mês'}}",flat,rent,45.0,1,1,Calçada da Patriarcal,Lisboa,Santo António,Príncipe Real,pt,38.71531,-9.1488156,False,https://www.idealista.pt/imovel/34120168/,"RESERVAS E PEDIDOS DE INFORMAÇÃO Para obter informações detalhadas e reservar online, clique abaixo do mapa em “Link Adicional”. TERMOS E CONDIÇÕES DE ALOJAMENTO: - Data de Disponibilidade: 01/10/2025 - Duração Mínima de Aluguer: 27 dias - Número Máximo de Hóspedes: 2 - Todas as Despesas Incluídas: Não, para mais informações visite o site - Adicional:  - Animais de Estimação Permitido  - Fumadores Não Permitido DETALHES DA PROPRIEDADE Apartamento incrível com 1 quarto no Principe Real  - Localização: Localizado on Principe Real em Lisbon com uma variedade de opções de refeições, lojas essenciais e atividades para fazer, com fácil acesso aos transportes públicos. 1 quartos em Apartment com 1 casas de banho. Características  - Wi-Fi  - Toalhas e lençóis  - Forno  - Microondas  - Máquina de lavar roupa SOBRE A UNIPLACES O Seu Local de Confiança para Encontrar Casa Como uma plataforma online pioneira, a Uniplaces liga indivíduos, sejam estudantes, profissionais ou famílias, a uma variedade de alojamentos para arrendamento. O nosso compromisso vai para além das listagens - verificamos cada propriedade para garantir que cumpre os nossos rigorosos critérios de conforto e conveniência. Escolha a Uniplaces para uma jornada de arrendamento suave, fiável e com uma excelente relação qualidade-preço.",False,good,False,False,,40.0,{},{'typology': 'flat'},"{'subtitle': 'Santo António, Lisboa', 'title': 'Apartamento em Calçada da Patriarcal'}",False,False,False,False,{},[],False,False,,
34120289,https://img4.idealista.pt/blur/480_360_mq/0/id.pro.pt.image.master/3b/ac/71/281328113.webp,444009,18,,1800.0,"{'price': {'amount': 1800.0, 'currencySuffix': '€/mês'}}",flat,rent,63.0,2,1,rua David Lopes,Lisboa,Penha de França,Alto de São João - Alto do Varejão,pt,38.7275164,-9.1184791,False,https://www.idealista.pt/imovel/34120289/,"RESERVAS E PEDIDOS DE INFORMAÇÃO Para obter informações detalhadas e reservar online, clique abaixo do mapa em “Link Adicional”. TERMOS E CONDIÇÕES DE ALOJAMENTO: - Data de Disponibilidade: 01/10/2025 - Duração Mínima de Aluguer: 27 dias - Número Máximo de Hóspedes: 4 - Todas as Despesas Incluídas: Sim, para mais informações visite o site - Adicional:  - Animais de Estimação Permitido  - Fumadores Não Permitido DETALHES DA PROPRIEDADE Apartamento com 2 quartos, com área exterior  - Localização: Localizado on Penha de França em Lisbon com uma variedade de opções de refeições, lojas essenciais e atividades para fazer, com fácil acesso aos transportes públicos. 2 quartos em Apartment com 1 casas de banho. Características  - Wi-Fi  - Televisão por cabo  - Air condicionado  - Zona exterior  - Toalhas e lençóis  - Forno  - Microondas  - Máquina de lavar roupa  - Máquina de lavar louça SOBRE A UNIPLACES O Seu Local de Confiança para Encontrar Casa Como uma plataforma online pioneira, a Uniplaces liga indivíduos, sejam estudantes, profissionais ou famílias, a uma variedade de alojamentos para arrendamento. O nosso compromisso vai para além das listagens - verificamos cada propriedade para garantir que cumpre os nossos rigorosos critérios de conforto e conveniência. Escolha a Uniplaces para uma jornada de arrendamento suave, fiável e com uma excelente relação qualidade-preço.",False,good,False,False,,29.0,{},{'typology': 'flat'},"{'subtitle': 'Penha de França, Lisboa', 'title': 'Apartamento na rua David Lopes'}",False,False,False,False,{},[],False,False,,
34120282,https://img4.idealista.pt/blur/480_360_mq/0/id.pro.pt.image.master/0a/a3/67/281328251.webp,525330,23,,1800.0,"{'price': {'amount': 1800.0, 'currencySuffix': '€/mês'}}",flat,rent,64.0,2,1,rua David Lopes,Lisboa,Penha de França,Alto de São João - Alto do Varejão,pt,38.7264799,-9.1214521,False,https://www.idealista.pt/imovel/34120282/,"RESERVAS E PEDIDOS DE INFORMAÇÃO Para obter informações detalhadas e reservar online, clique abaixo do mapa em “Link Adicional”. TERMOS E CONDIÇÕES DE ALOJAMENTO: - Data de Disponibilidade: 01/10/2025 - Duração Mínima de Aluguer: 27 dias - Número Máximo de Hóspedes: 4 - Todas as Despesas Incluídas: Sim, para mais informações visite o site - Adicional:  - Animais de Estimação Permitido  - Fumadores Não Permitido DETALHES DA PROPRIEDADE Welcoming 2-bedroom apartment in Penha de França  - Localização: Localizado on Penha de França em Lisbon com uma variedade de opções de refeições, lojas essenciais e atividades para fazer, com fácil acesso aos transportes públicos. 2 quartos em Apartment com 1 casas de banho. Características  - Televisão por cabo  - Zona exterior  - Wi-Fi  - Toalhas e lençóis  - Máquina de lavar roupa  - Forno  - Máquina de lavar roupa SOBRE A UNIPLACES O Seu Local de Confiança para Encontrar Casa Como uma plataforma online pioneira, a Uniplaces liga indivíduos, sejam estudantes, profissionais ou famílias, a uma variedade de alojamentos para arrendamento. O nosso compromisso vai para além das listagens - verificamos cada propriedade para garantir que cumpre os nossos rigorosos critérios de conforto e conveniência. Escolha a Uniplaces para uma jornada de arrendamento suave, fiável e com uma excelente relação qualidade-preço.",False,good,False,False,,28.0,{},{'typology': 'flat'},"{'subtitle': 'Penha de França, Lisboa', 'title': 'Apartamento na rua David Lopes'}",False,False,False,False,{},[],False,False,,
34120276,https://img4.idealista.pt/blur/480_360_mq/0/id.pro.pt.image.master/65/5e/b2/281328160.webp,422001,20,,1769.0,"{'price': {'amount': 1769.0, 'currencySuffix': '€/mês'}}",flat,rent,80.0,2,2,Calçada dos Barbadinhos,Lisboa,São Vicente,Santa Engrácia,pt,38.7206147,-9.1205428,False,https://www.idealista.pt/imovel/34120276/,"RESERVAS E PEDIDOS DE INFORMAÇÃO Para obter informações detalhadas e reservar online, clique abaixo do mapa em “Link Adicional”. TERMOS E CONDIÇÕES DE ALOJAMENTO: - Data de Disponibilidade: 26/09/2025 - Duração Mínima de Aluguer: 28 dias - Número Máximo de Hóspedes: 4 - Todas as Despesas Incluídas: Sim, para mais informações visite o site - Adicional:  - Animais de Estimação Não Permitido  - Fumadores Não Permitido DETALHES DA PROPRIEDADE Apartamento com 2 quartos, com área exterior  - Descrição da Propriedade na Uniplaces: For bookings longer than 4 months, payment of the last month's rent in advance is required. The City tax will also be charged, it is a single payment of 14Eur per tenant. If you're heading to Lisbon to work or study with your peers, this apartment in Santa Apolónia might be a nice option. It's not too far from the city centre and has all the amenities necessary for your daily life! Variable price.  - Localização: Localizado on Santa Apolónia em Lisbon com uma variedade de opções de refeições, lojas essenciais e atividades para fazer, com fácil acesso aos transportes públicos. 2 quartos em Apartment com 2 casas de banho. Características  - Wi-Fi  - Televisão por cabo  - Air condicionado  - Zona exterior  - Toalhas e lençóis  - Forno  - Microondas  - Máquina de lavar roupa SOBRE A UNIPLACES O Seu Local de Confiança para Encontrar Casa Como uma plataforma online pioneira, a Uniplaces liga indivíduos, sejam estudantes, profissionais ou famílias, a uma variedade de alojamentos para arrendamento. O nosso compromisso vai para além das listagens - verificamos cada propriedade para garantir que cumpre os nossos rigorosos critérios de conforto e conveniência. Escolha a Uniplaces para uma jornada de arrendamento suave, fiável e com uma excelente relação qualidade-preço.",False,good,False,False,,22.0,{},{'typology': 'flat'},"{'subtitle': 'São Vicente, Lisboa', 'title': 'Apartamento em Calçada dos Barbadinhos'}",False,False,False,False,{},[],False,False,,
34120263,https://img4.idealista.pt/blur/480_360_mq/0/id.pro.pt.image.master/24/8b/74/281328223.webp,420003,10,,1750.0,"{'price': {'amount': 1750.0, 'currencySuffix': '€/mês'}}",flat,rent,44.0,1,1,rua da Bombarda,Lisboa,Arroios,Anjos,pt,38.7192764,-9.1325998,False,https://www.idealista.pt/imovel/34120263/,"RESERVAS E PEDIDOS DE INFORMAÇÃO Para obter informações detalhadas e reservar online, clique abaixo do mapa em “Link Adicional”. TERMOS E CONDIÇÕES DE ALOJAMENTO: - Data de Disponibilidade: 02/09/2025 - Duração Mínima de Aluguer: 90 dias - Número Máximo de Hóspedes: 2 - Todas as Despesas Incluídas: Sim, para mais informações visite o site - Adicional:  - Animais de Estimação Não Permitido  - Fumadores Não Permitido DETALHES DA PROPRIEDADE Apartamento com 1 quarto, com área exterior  - Localização: Localizado on Intendente em Lisbon com uma variedade de opções de refeições, lojas essenciais e atividades para fazer, com fácil acesso aos transportes públicos. 1 quartos em Apartment com 1 casas de banho. Características  - Accessibilidade  - Wi-Fi  - Televisão por cabo  - Zona exterior  - Toalhas e lençóis  - Elevador  - Forno  - Microondas  - Máquina de lavar roupa SOBRE A UNIPLACES O Seu Local de Confiança para Encontrar Casa Como uma plataforma online pioneira, a Uniplaces liga indivíduos, sejam estudantes, profissionais ou famílias, a uma variedade de alojamentos para arrendamento. O nosso compromisso vai para além das listagens - verificamos cada propriedade para garantir que cumpre os nossos rigorosos critérios de conforto e conveniência. Escolha a Uniplaces para uma jornada de arrendamento suave, fiável e com uma excelente relação qualidade-preço.",False,good,False,True,,40.0,{},{'typology': 'flat'},"{'subtitle': 'Arroios, Lisboa', 'title': 'Apartamento na rua da Bombarda'}",False,False,False,False,{},[],False,False,,
34120167,https://img4.idealista.pt/blur/480_360_mq/0/id.pro.pt.image.master/17/12/16/281328127.webp,664384,9,,1750.0,"{'price': {'amount': 1750.0, 'currencySuffix': '€/mês'}}",flat,rent,90.0,2,1,estrada de Benfica,Lisboa,Benfica,Igreja de Benfica,pt,38.7498538,-9.2037215,False,https://www.idealista.pt/imovel/34120167/,"RESERVAS E PEDIDOS DE INFORMAÇÃO Para obter informações detalhadas e reservar online, clique abaixo do mapa em “Link Adicional”. TERMOS E CONDIÇÕES DE ALOJAMENTO: - Data de Disponibilidade: 01/10/2025 - Duração Mínima de Aluguer: 27 dias - Número Máximo de Hóspedes: 5 - Todas as Despesas Incluídas: Não, para mais informações visite o site - Adicional:  - Animais de Estimação Não Permitido  - Fumadores Não Permitido DETALHES DA PROPRIEDADE Benfica, com 2 quartos e área exterior  - Descrição da Propriedade na Uniplaces: Apartamento simpático, em prédio calmo, com vista para estrada e igreja de Benfica, a poucos minutos do Centro Comercial Colombo. Acesso fácil a farmácias e bancos. Fica a 10 minutos do Aeroporto, a 5 minutos dos Hospital da Luz e do Hospital Lusíadas. Apartamento excelente com aquecimento, internet/WIFI, cozinha bem equipada, casa de banho. Apartamento muito confortável e totalmente equipado no centro de Lisboa, com vários autocarros a porta com ligação directa ao Centro comercial Colombo. Características da residência: cozinha equipada, eletrodomésticos, máquina de lavar, máquina de lavar louça, frigorífico, micro-ondas, tostadeira, máquina de café, utensílios e alguns produtos de limpeza já fornecido para sua comodidade. Internet de100mb download e 10mb upload.  - Localização: Localizado on Benfica em Lisbon com uma variedade de opções de refeições, lojas essenciais e atividades para fazer, com fácil acesso aos transportes públicos. 2 quartos em Apartment com 1 casas de banho. Características  - Wi-Fi  - Televisão por cabo  - Zona exterior  - Elevador  - Toalhas e lençóis  - Forno  - Microondas  - Máquina de lavar roupa  - Máquina de lavar louça SOBRE A UNIPLACES O Seu Local de Confiança para Encontrar Casa Como uma plataforma online pioneira, a Uniplaces liga indivíduos, sejam estudantes, profissionais ou famílias, a uma variedade de alojamentos para arrendamento. O nosso compromisso vai para além das listagens - verificamos cada propriedade para garantir que cumpre os nossos rigorosos critérios de conforto e conveniência. Escolha a Uniplaces para uma jornada de arrendamento suave, fiável e com uma excelente relação qualidade-preço.",False,good,False,True,,19.0,{},{'typology': 'flat'},"{'subtitle': 'Benfica, Lisboa', 'title': 'Apartamento na estrada de Benfica'}",False,False,False,False,{},[],False,False,,
34120281,https://img4.idealista.pt/blur/480_360_mq/0/id.pro.pt.image.master/17/e4/38/281328084.webp,678321,14,,1750.0,"{'price': {'amount': 1750.0, 'currencySuffix': '€/mês'}}",flat,rent,60.0,1,1,avenida General Roçadas,Lisboa,Penha de França,Centro,pt,38.7254037,-9.1294584,False,https://www.idealista.pt/imovel/34120281/,"RESERVAS E PEDIDOS DE INFORMAÇÃO Para obter informações detalhadas e reservar online, clique abaixo do mapa em “Link Adicional”. TERMOS E CONDIÇÕES DE ALOJAMENTO: - Data de Disponibilidade: 09/09/2025 - Duração Mínima de Aluguer: 30 dias - Número Máximo de Hóspedes: 2 - Todas as Despesas Incluídas: Sim, para mais informações visite o site - Adicional:  - Animais de Estimação Não Permitido  - Fumadores Não Permitido DETALHES DA PROPRIEDADE Apartamento adorável com 1 quarto e um pátio em Vila Candida  - Localização: Localizado on Penha de França em Lisbon com uma variedade de opções de refeições, lojas essenciais e atividades para fazer, com fácil acesso aos transportes públicos. 1 quartos em Apartment com 1 casas de banho. Características  - Accessibilidade  - Wi-Fi  - Televisão por cabo  - Zona exterior  - Toalhas e lençóis  - Forno  - Máquina de lavar roupa  - Máquina de lavar louça SOBRE A UNIPLACES O Seu Local de Confiança para Encontrar Casa Como uma plataforma online pioneira, a Uniplaces liga indivíduos, sejam estudantes, profissionais ou famílias, a uma variedade de alojamentos para arrendamento. O nosso compromisso vai para além das listagens - verificamos cada propriedade para garantir que cumpre os nossos rigorosos critérios de conforto e conveniência. Escolha a Uniplaces para uma jornada de arrendamento suave, fiável e com uma excelente relação qualidade-preço.",False,good,False,False,,29.0,{},{'typology': 'flat'},"{'subtitle': 'Penha de França, Lisboa', 'title': 'Apartamento na avenida General Roçadas'}",False,False,False,False,{},[],False,False,,
34120280,https://img4.idealista.pt/blur/480_360_mq/0/id.pro.pt.image.master/0e/e6/c6/281328104.webp,17870,20,,1750.0,"{'price': {'amount': 1750.0, 'currencySuffix': '€/mês'}}",flat,rent,50.0,2,1,rua da Oliveira ao Carmo,Lisboa,Santa Maria Maior,Chiado,pt,38.7124453,-9.1433875,False,https://www.idealista.pt/imovel/34120280/,"RESERVAS E PEDIDOS DE INFORMAÇÃO Para obter informações detalhadas e reservar online, clique abaixo do mapa em “Link Adicional”. TERMOS E CONDIÇÕES DE ALOJAMENTO: - Data de Disponibilidade: 01/10/2025 - Duração Mínima de Aluguer: 27 dias - Número Máximo de Hóspedes: 4 - Todas as Despesas Incluídas: Sim, para mais informações visite o site - Adicional:  - Animais de Estimação Não Permitido  - Fumadores Não Permitido DETALHES DA PROPRIEDADE Nice and cozy apartment in the heart of Lisbon Chiado, Metro Rossio  - Localização: Localizado on Chiado em Lisbon com uma variedade de opções de refeições, lojas essenciais e atividades para fazer, com fácil acesso aos transportes públicos. 2 quartos em Apartment com 1 casas de banho. Características  - Wi-Fi  - Televisão por cabo  - Zona exterior  - Toalhas e lençóis  - Forno  - Máquina de lavar roupa SOBRE A UNIPLACES O Seu Local de Confiança para Encontrar Casa Como uma plataforma online pioneira, a Uniplaces liga indivíduos, sejam estudantes, profissionais ou famílias, a uma variedade de alojamentos para arrendamento. O nosso compromisso vai para além das listagens - verificamos cada propriedade para garantir que cumpre os nossos rigorosos critérios de conforto e conveniência. Escolha a Uniplaces para uma jornada de arrendamento suave, fiável e com uma excelente relação qualidade-preço.",False,good,False,False,,35.0,{},{'typology': 'flat'},"{'subtitle': 'Santa Maria Maior, Lisboa', 'title': 'Apartamento na rua da Oliveira ao Carmo'}",False,False,False,False,{},[],False,False,,
34120243,https://img4.idealista.pt/blur/480_360_mq/0/id.pro.pt.image.master/2a/a4/a3/281327960.webp,88112,18,,1700.0,"{'price': {'amount': 1700.0, 'currencySuffix': '€/mês'}}",flat,rent,50.0,1,1,rua António Pedro,Lisboa,Arroios,São Jorge de Arroios,pt,38.7278495,-9.1365387,False,https://www.idealista.pt/imovel/34120243/,"RESERVAS E PEDIDOS DE INFORMAÇÃO Para obter informações detalhadas e reservar online, clique abaixo do mapa em “Link Adicional”. TERMOS E CONDIÇÕES DE ALOJAMENTO: - Data de Disponibilidade: 02/09/2025 - Duração Mínima de Aluguer: 27 dias - Número Máximo de Hóspedes: 2 - Todas as Despesas Incluídas: Sim, para mais informações visite o site - Adicional:  - Animais de Estimação Não Permitido  - Fumadores Não Permitido DETALHES DA PROPRIEDADE Cosy flat in the center of Lisbon near Anjos metro station  - Localização: Localizado on Arroios em Lisbon com uma variedade de opções de refeições, lojas essenciais e atividades para fazer, com fácil acesso aos transportes públicos. 1 quartos em Apartment com 1 casas de banho. Características  - Wi-Fi  - Televisão por cabo  - Air condicionado  - Elevador  - Toalhas e lençóis SOBRE A UNIPLACES O Seu Local de Confiança para Encontrar Casa Como uma plataforma online pioneira, a Uniplaces liga indivíduos, sejam estudantes, profissionais ou famílias, a uma variedade de alojamentos para arrendamento. O nosso compromisso vai para além das listagens - verificamos cada propriedade para garantir que cumpre os nossos rigorosos critérios de conforto e conveniência. Escolha a Uniplaces para uma jornada de arrendamento suave, fiável e com uma excelente relação qualidade-preço.",False,good,False,True,,34.0,{},{'typology': 'flat'},"{'subtitle': 'Alameda - Praça do Chile - Almirante Reis, Lisboa', 'title': 'Apartamento na rua António Pedro'}",False,False,False,False,{},[],False,False,Alameda - Praça do Chile - Almirante Reis,
34120279,https://img4.idealista.pt/blur/480_360_mq/0/id.pro.pt.image.master/4c/c2/97/281328189.webp,66028,13,,1700.0,"{'price': {'amount': 1700.0, 'currencySuffix': '€/mês'}}",flat,rent,80.0,1,1,rua São José,Lisboa,Santo António,Av. da Liberdade - Marquês de Pombal,pt,38.7182367,-9.1437251,False,https://www.idealista.pt/imovel/34120279/,"RESERVAS E PEDIDOS DE INFORMAÇÃO Para obter informações detalhadas e reservar online, clique abaixo do mapa em “Link Adicional”. TERMOS E CONDIÇÕES DE ALOJAMENTO: - Data de Disponibilidade: 01/10/2025 - Duração Mínima de Aluguer: 27 dias - Número Máximo de Hóspedes: 3 - Todas as Despesas Incluídas: Não, para mais informações visite o site - Adicional:  - Animais de Estimação Permitido  - Fumadores Não Permitido DETALHES DA PROPRIEDADE Apartamento com 1 quarto, com área exterior  - Localização: Localizado on Avenida da Liberdade em Lisbon com uma variedade de opções de refeições, lojas essenciais e atividades para fazer, com fácil acesso aos transportes públicos. 1 quartos em Apartment com 1 casas de banho. Características  - Wi-Fi  - Televisão por cabo  - Aquecimento central  - Zona exterior  - Toalhas e lençóis  - Forno  - Microondas  - Máquina de lavar roupa  - Máquina de lavar louça SOBRE A UNIPLACES O Seu Local de Confiança para Encontrar Casa Como uma plataforma online pioneira, a Uniplaces liga indivíduos, sejam estudantes, profissionais ou famílias, a uma variedade de alojamentos para arrendamento. O nosso compromisso vai para além das listagens - verificamos cada propriedade para garantir que cumpre os nossos rigorosos critérios de conforto e conveniência. Escolha a Uniplaces para uma jornada de arrendamento suave, fiável e com uma excelente relação qualidade-preço.",False,good,False,False,,21.0,{},{'typology': 'flat'},"{'subtitle': 'Santo António, Lisboa', 'title': 'Apartamento na rua São José'}",False,False,False,False,{},[],False,False,,
34120242,https://img4.idealista.pt/blur/480_360_mq/0/id.pro.pt.image.master/17/22/fe/281328014.webp,750437,39,,1700.0,"{'price': {'amount': 1700.0, 'currencySuffix': '€/mês'}}",flat,rent,44.0,1,1,rua das Taipas,Lisboa,Santo António,Praça da Alegria,pt,38.7183339,-9.1461772,False,https://www.idealista.pt/imovel/34120242/,"RESERVAS E PEDIDOS DE INFORMAÇÃO Para obter informações detalhadas e reservar online, clique abaixo do mapa em “Link Adicional”. TERMOS E CONDIÇÕES DE ALOJAMENTO: - Data de Disponibilidade: 01/10/2025 - Duração Mínima de Aluguer: 30 dias - Número Máximo de Hóspedes: 2 - Todas as Despesas Incluídas: Sim, para mais informações visite o site - Adicional:  - Animais de Estimação Não Permitido  - Fumadores Não Permitido DETALHES DA PROPRIEDADE Apartamento com 1 quarto, com área exterior perto Praça da Alegria  - Descrição da Propriedade na Uniplaces: Este luminoso apartamento, está situado no coração de Lisboa, junto á Praça da Alegria. É espaçoso, bem equipado para proporcionar uma estadia muito confortável para trabalhar remotamente e ainda aproveitar a proximidade da avenida da liberdade para passear ou tomar uma bebida no Príncipe Real em qualquer espaço charmoso ou com vista para a cidade!  - Localização: Localizado on Principe Real em Lisbon com uma variedade de opções de refeições, lojas essenciais e atividades para fazer, com fácil acesso aos transportes públicos. 1 quartos em Apartment com 1 casas de banho. Características  - Air condicionado  - Televisão por cabo  - Zona exterior  - Wi-Fi  - Toalhas e lençóis  - Máquina de lavar roupa  - Forno  - Microondas  - Máquina de lavar roupa SOBRE A UNIPLACES O Seu Local de Confiança para Encontrar Casa Como uma plataforma online pioneira, a Uniplaces liga indivíduos, sejam estudantes, profissionais ou famílias, a uma variedade de alojamentos para arrendamento. O nosso compromisso vai para além das listagens - verificamos cada propriedade para garantir que cumpre os nossos rigorosos critérios de conforto e conveniência. Escolha a Uniplaces para uma jornada de arrendamento suave, fiável e com uma excelente relação qualidade-preço.",False,good,False,False,,39.0,{},{'typology': 'flat'},"{'subtitle': 'Santo António, Lisboa', 'title': 'Apartamento na rua das Taipas'}",False,False,False,False,{},[],False,False,,
34120273,https://img4.idealista.pt/blur/480_360_mq/0/id.pro.pt.image.master/8f/1a/98/281328158.webp,416275,15,,1700.0,"{'price': {'amount': 1700.0, 'currencySuffix': '€/mês'}}",flat,rent,50.0,1,1,rua João de Castilho,Lisboa,Ajuda,Calçada da Ajuda - Belém,pt,38.700953,-9.2015971,False,https://www.idealista.pt/imovel/34120273/,"RESERVAS E PEDIDOS DE INFORMAÇÃO Para obter informações detalhadas e reservar online, clique abaixo do mapa em “Link Adicional”. TERMOS E CONDIÇÕES DE ALOJAMENTO: - Data de Disponibilidade: 01/10/2025 - Duração Mínima de Aluguer: 27 dias - Número Máximo de Hóspedes: 2 - Todas as Despesas Incluídas: Sim, para mais informações visite o site - Adicional:  - Animais de Estimação Não Permitido  - Fumadores Não Permitido DETALHES DA PROPRIEDADE Apartamento prestigioso na Ajuda  - Descrição da Propriedade na Uniplaces: Located in the historic area of Help, very close to the famous monuments of Belem, Prestige Help Apartment is a sophisticated and elegant 50 m2 accommodation, tastefully equipped and housed in a charming building, It has a spacious and elegant double bedroom with lots of light, a pleasant and harmonious living room, with TV, sofa bed, dining table and fully equipped kitchenette as well as a romantic outdoor space on the balcony with a small table for breakfast or for a moment of relaxation at the end of the day. Ultra modern bathroom and air conditioning in every room Access to the main public transportation, namely the famous yellow tram with direct connection to the center of Lisbon and the historic area of the city, buses and the Estoril line train. Free and easy street parking. 1st floor without elevator  - Localização: Localizado on Ajuda em Lisbon com uma variedade de opções de refeições, lojas essenciais e atividades para fazer, com fácil acesso aos transportes públicos. 1 quartos em Apartment com 1 casas de banho. Características  - Wi-Fi  - Televisão por cabo  - Air condicionado  - Toalhas e lençóis  - Forno  - Microondas  - Máquina de lavar roupa  - Máquina de lavar louça SOBRE A UNIPLACES O Seu Local de Confiança para Encontrar Casa Como uma plataforma online pioneira, a Uniplaces liga indivíduos, sejam estudantes, profissionais ou famílias, a uma variedade de alojamentos para arrendamento. O nosso compromisso vai para além das listagens - verificamos cada propriedade para garantir que cumpre os nossos rigorosos critérios de conforto e conveniência. Escolha a Uniplaces para uma jornada de arrendamento suave, fiável e com uma excelente relação qualidade-preço.",False,good,False,False,,34.0,{},{'typology': 'flat'},"{'subtitle': 'Ajuda, Lisboa', 'title': 'Apartamento na rua João de Castilho'}",False,False,False,False,{},[],False,False,,
34120272,https://img4.idealista.pt/blur/480_360_mq/0/id.pro.pt.image.master/dc/eb/5d/281327894.webp,333456,8,,1600.0,"{'price': {'amount': 1600.0, 'currencySuffix': '€/mês'}}",flat,rent,44.0,1,1,rua Conde das Antas,Lisboa,Campolide,Centro,pt,38.7280108,-9.1655421,False,https://www.idealista.pt/imovel/34120272/,"RESERVAS E PEDIDOS DE INFORMAÇÃO Para obter informações detalhadas e reservar online, clique abaixo do mapa em “Link Adicional”. TERMOS E CONDIÇÕES DE ALOJAMENTO: - Data de Disponibilidade: 15/09/2025 - Duração Mínima de Aluguer: 90 dias - Número Máximo de Hóspedes: 3 - Todas as Despesas Incluídas: Sim, para mais informações visite o site - Adicional:  - Animais de Estimação Não Permitido  - Fumadores Não Permitido DETALHES DA PROPRIEDADE Apartamento com 1 quarto  - Localização: Localizado on Campolide em Lisbon com uma variedade de opções de refeições, lojas essenciais e atividades para fazer, com fácil acesso aos transportes públicos. 1 quartos em Apartment com 1 casas de banho. Características  - Wi-Fi  - Toalhas e lençóis  - Forno  - Máquina de lavar roupa SOBRE A UNIPLACES O Seu Local de Confiança para Encontrar Casa Como uma plataforma online pioneira, a Uniplaces liga indivíduos, sejam estudantes, profissionais ou famílias, a uma variedade de alojamentos para arrendamento. O nosso compromisso vai para além das listagens - verificamos cada propriedade para garantir que cumpre os nossos rigorosos critérios de conforto e conveniência. Escolha a Uniplaces para uma jornada de arrendamento suave, fiável e com uma excelente relação qualidade-preço.",False,good,False,False,,36.0,{},{'typology': 'flat'},"{'subtitle': 'Campolide, Lisboa', 'title': 'Apartamento na rua Conde das Antas'}",False,False,False,False,{},[],False,False,,
34120262,https://img4.idealista.pt/blur/480_360_mq/0/id.pro.pt.image.master/c0/2d/1c/281327820.webp,171472,9,,1600.0,"{'price': {'amount': 1600.0, 'currencySuffix': '€/mês'}}",flat,rent,70.0,1,1,rua Jorge Amado,Lisboa,Marvila,,pt,38.7438574,-9.1182443,False,https://www.idealista.pt/imovel/34120262/,"RESERVAS E PEDIDOS DE INFORMAÇÃO Para obter informações detalhadas e reservar online, clique abaixo do mapa em “Link Adicional”. TERMOS E CONDIÇÕES DE ALOJAMENTO: - Data de Disponibilidade: 01/10/2025 - Duração Mínima de Aluguer: 27 dias - Número Máximo de Hóspedes: 2 - Todas as Despesas Incluídas: Sim, para mais informações visite o site - Adicional:  - Animais de Estimação Não Permitido  - Fumadores Não Permitido DETALHES DA PROPRIEDADE Lisbon Pool and Parking - Apartment in private condominium  - Localização: Localizado on Bela Vista em Lisbon com uma variedade de opções de refeições, lojas essenciais e atividades para fazer, com fácil acesso aos transportes públicos. 1 quartos em Apartment com 1 casas de banho. Características  - Accessibilidade  - Wi-Fi  - Televisão por cabo  - Zona exterior  - Toalhas e lençóis  - Elevador  - Forno  - Microondas  - Máquina de lavar roupa  - Máquina de lavar louça SOBRE A UNIPLACES O Seu Local de Confiança para Encontrar Casa Como uma plataforma online pioneira, a Uniplaces liga indivíduos, sejam estudantes, profissionais ou famílias, a uma variedade de alojamentos para arrendamento. O nosso compromisso vai para além das listagens - verificamos cada propriedade para garantir que cumpre os nossos rigorosos critérios de conforto e conveniência. Escolha a Uniplaces para uma jornada de arrendamento suave, fiável e com uma excelente relação qualidade-preço.",False,good,False,True,,23.0,{},{'typology': 'flat'},"{'subtitle': 'Marvila, Lisboa', 'title': 'Apartamento na rua Jorge Amado'}",False,False,False,False,{},[],False,False,,
34120253,https://img4.idealista.pt/blur/480_360_mq/0/id.pro.pt.image.master/0e/78/20/281327721.webp,316187,10,,1600.0,"{'price': {'amount': 1600.0, 'currencySuffix': '€/mês'}}",flat,rent,43.0,1,1,beco do Forno do Castelo,Lisboa,Santa Maria Maior,Mouraria - Castelo,pt,38.7139707,-9.1338408,False,https://www.idealista.pt/imovel/34120253/,"RESERVAS E PEDIDOS DE INFORMAÇÃO Para obter informações detalhadas e reservar online, clique abaixo do mapa em “Link Adicional”. TERMOS E CONDIÇÕES DE ALOJAMENTO: - Data de Disponibilidade: 01/10/2025 - Duração Mínima de Aluguer: 27 dias - Número Máximo de Hóspedes: 2 - Todas as Despesas Incluídas: Não, para mais informações visite o site - Adicional:  - Animais de Estimação Não Permitido  - Fumadores Não Permitido DETALHES DA PROPRIEDADE Apartment in historic castle area with 1 Bedroom. Renovated with taste and very confortable  - Descrição da Propriedade na Uniplaces: Localizado ao lado das muralhas do Castelo de São Jorge, o apartamento Kalathos III, com 50 m2, tem 1 quarto, espaçoso e uma sala de estar. Acomodações muito aconchegantes e luminosas, com decoração moderna e elegante. 1 andar sem elevador. O que amamos - Zona muito tranquila - Proximidade do Castelo e das zonas históricas de Lisboa - Decoração moderna e elegante. - Muito bem equipado - Muita luz - Localização perto dos principais transportes - Perto de cafés, restaurantes, bares e monumentos  - Localização: Localizado on Castle em Lisbon com uma variedade de opções de refeições, lojas essenciais e atividades para fazer, com fácil acesso aos transportes públicos. 1 quartos em Apartment com 1 casas de banho. Características  - Wi-Fi  - Televisão por cabo  - Toalhas e lençóis  - Forno  - Microondas  - Máquina de lavar roupa SOBRE A UNIPLACES O Seu Local de Confiança para Encontrar Casa Como uma plataforma online pioneira, a Uniplaces liga indivíduos, sejam estudantes, profissionais ou famílias, a uma variedade de alojamentos para arrendamento. O nosso compromisso vai para além das listagens - verificamos cada propriedade para garantir que cumpre os nossos rigorosos critérios de conforto e conveniência. Escolha a Uniplaces para uma jornada de arrendamento suave, fiável e com uma excelente relação qualidade-preço.",False,good,False,False,,37.0,{},{'typology': 'flat'},"{'subtitle': 'Santa Maria Maior, Lisboa', 'title': 'Apartamento no beco do Forno do Castelo'}",False,False,False,False,{},[],False,False,,
34120261,https://img4.idealista.pt/blur/480_360_mq/0/id.pro.pt.image.master/b9/2d/f2/281327824.webp,316160,15,,1600.0,"{'price': {'amount': 1600.0, 'currencySuffix': '€/mês'}}",flat,rent,45.0,1,1,beco do Forno do Castelo,Lisboa,Santa Maria Maior,Mouraria - Castelo,pt,38.7113833,-9.1312984,False,https://www.idealista.pt/imovel/34120261/,"RESERVAS E PEDIDOS DE INFORMAÇÃO Para obter informações detalhadas e reservar online, clique abaixo do mapa em “Link Adicional”. TERMOS E CONDIÇÕES DE ALOJAMENTO: - Data de Disponibilidade: 01/10/2025 - Duração Mínima de Aluguer: 27 dias - Número Máximo de Hóspedes: 2 - Todas as Despesas Incluídas: Não, para mais informações visite o site - Adicional:  - Animais de Estimação Permitido  - Fumadores Não Permitido DETALHES DA PROPRIEDADE Apartment with 1 Bedroom and Sunny Terrace in Castle area. Renovated and very confortable.  - Descrição da Propriedade na Uniplaces: Localizado ao lado das muralhas do Castelo de São Jorge, o apartamento Kalathos I, com 45 m2, tem 1 quarto com cama de casal, espaçosa sala de estar com sofá-cama e um terraço privado de 23 m2 com mobiliário de jardim para desfrutar de um descanso relaxante no final do dia. Acomodações muito aconchegantes e luminosas, com decoração moderna e elegante. Wi Fi de alta velocidade. 200m de ônibus e bonde. 1 km da estação de metro e Baixa de Lisboa  - Localização: Localizado on Castle em Lisbon com uma variedade de opções de refeições, lojas essenciais e atividades para fazer, com fácil acesso aos transportes públicos. 1 quartos em Apartment com 1 casas de banho. Características  - Wi-Fi  - Televisão por cabo  - Zona exterior  - Toalhas e lençóis  - Forno  - Microondas  - Máquina de lavar roupa SOBRE A UNIPLACES O Seu Local de Confiança para Encontrar Casa Como uma plataforma online pioneira, a Uniplaces liga indivíduos, sejam estudantes, profissionais ou famílias, a uma variedade de alojamentos para arrendamento. O nosso compromisso vai para além das listagens - verificamos cada propriedade para garantir que cumpre os nossos rigorosos critérios de conforto e conveniência. Escolha a Uniplaces para uma jornada de arrendamento suave, fiável e com uma excelente relação qualidade-preço.",False,good,False,False,,36.0,{},{'typology': 'flat'},"{'subtitle': 'Santa Maria Maior, Lisboa', 'title': 'Apartamento no beco do Forno do Castelo'}",False,False,False,False,{},[],False,False,,
34120270,https://img4.idealista.pt/blur/480_360_mq/0/id.pro.pt.image.master/3f/69/2e/281327849.webp,316178,12,,1600.0,"{'price': {'amount': 1600.0, 'currencySuffix': '€/mês'}}",flat,rent,50.0,1,1,beco do Forno do Castelo,Lisboa,Santa Maria Maior,Mouraria - Castelo,pt,38.7116159,-9.1327644,False,https://www.idealista.pt/imovel/34120270/,"RESERVAS E PEDIDOS DE INFORMAÇÃO Para obter informações detalhadas e reservar online, clique abaixo do mapa em “Link Adicional”. TERMOS E CONDIÇÕES DE ALOJAMENTO: - Data de Disponibilidade: 01/10/2025 - Duração Mínima de Aluguer: 27 dias - Número Máximo de Hóspedes: 2 - Todas as Despesas Incluídas: Não, para mais informações visite o site - Adicional:  - Animais de Estimação Permitido  - Fumadores Não Permitido DETALHES DA PROPRIEDADE Apartment with 1 Bedroom and Sunny Terrace in Castle area. Renovated and very confortable.  - Descrição da Propriedade na Uniplaces: Localizado junto às muralhas do Castelo de São Jorge, o apartamento, com 50 m2, tem 1 quarto, sala espaçosa e um terraço privado de 13 m2 com mobiliário de jardim para desfrutar de um descanso relaxante no final do dia. Acomodações muito aconchegantes e luminosas, com decoração moderna e elegante. Oi velocidade wi fi  - Localização: Localizado on Castle em Lisbon com uma variedade de opções de refeições, lojas essenciais e atividades para fazer, com fácil acesso aos transportes públicos. 1 quartos em Apartment com 1 casas de banho. Características  - Wi-Fi  - Televisão por cabo  - Zona exterior  - Toalhas e lençóis  - Forno  - Microondas SOBRE A UNIPLACES O Seu Local de Confiança para Encontrar Casa Como uma plataforma online pioneira, a Uniplaces liga indivíduos, sejam estudantes, profissionais ou famílias, a uma variedade de alojamentos para arrendamento. O nosso compromisso vai para além das listagens - verificamos cada propriedade para garantir que cumpre os nossos rigorosos critérios de conforto e conveniência. Escolha a Uniplaces para uma jornada de arrendamento suave, fiável e com uma excelente relação qualidade-preço.",False,good,False,False,,32.0,{},{'typology': 'flat'},"{'subtitle': 'Santa Maria Maior, Lisboa', 'title': 'Apartamento no beco do Forno do Castelo'}",False,False,False,False,{},[],False,False,,
34120269,https://img4.idealista.pt/blur/480_360_mq/0/id.pro.pt.image.master/28/bf/2e/281327732.webp,715644,22,,1550.0,"{'price': {'amount': 1550.0, 'currencySuffix': '€/mês'}}",flat,rent,65.0,1,1,rua Professor Francisco Gentil,Lisboa,Lumiar,Telheiras,pt,38.76227,-9.1654272,False,https://www.idealista.pt/imovel/34120269/,"RESERVAS E PEDIDOS DE INFORMAÇÃO Para obter informações detalhadas e reservar online, clique abaixo do mapa em “Link Adicional”. TERMOS E CONDIÇÕES DE ALOJAMENTO: - Data de Disponibilidade: 06/09/2025 - Duração Mínima de Aluguer: 60 dias - Número Máximo de Hóspedes: 2 - Todas as Despesas Incluídas: Sim, para mais informações visite o site - Adicional:  - Animais de Estimação Não Permitido  - Fumadores Não Permitido DETALHES DA PROPRIEDADE Apartamento recentemente renovado in Telheiras  - Descrição da Propriedade na Uniplaces: Este apartamento recentemente renovado oferece uma mistura de conforto moderno e design prático num dos bairros mais desejados de Lisboa. Telheiras é um bairro encantador e bem conectado em Lisboa, conhecido pela sua atmosfera amigável e vida comunitária vibrante. Encontrará tudo o que precisa para a vida quotidiana mesmo à sua porta. O bairro é elogiado pelos seus muitos espaços verdes, tornando-o ideal para quem procura um estilo de vida urbano equilibrado. Tem boas ligações, tanto de carro como de transportes públicos, com uma estação de metro apenas a dois minutos do apartamento e a 15 minutos de viagem.  - Localização: Localizado on Telheiras em Lisbon com uma variedade de opções de refeições, lojas essenciais e atividades para fazer, com fácil acesso aos transportes públicos. 1 quartos em Apartment com 1 casas de banho. Características  - Accessibilidade  - Wi-Fi  - Televisão por cabo  - Zona exterior  - Elevador  - Toalhas e lençóis  - Forno  - Microondas  - Máquina de lavar roupa  - Máquina de lavar louça SOBRE A UNIPLACES O Seu Local de Confiança para Encontrar Casa Como uma plataforma online pioneira, a Uniplaces liga indivíduos, sejam estudantes, profissionais ou famílias, a uma variedade de alojamentos para arrendamento. O nosso compromisso vai para além das listagens - verificamos cada propriedade para garantir que cumpre os nossos rigorosos critérios de conforto e conveniência. Escolha a Uniplaces para uma jornada de arrendamento suave, fiável e com uma excelente relação qualidade-preço.",False,good,False,True,,24.0,{},{'typology': 'flat'},"{'subtitle': 'Lumiar, Lisboa', 'title': 'Apartamento na rua Professor Francisco Gentil'}",False,False,False,False,{},[],False,False,,
34120260,https://img4.idealista.pt/blur/480_360_mq/0/id.pro.pt.image.master/3f/98/4c/281327612.webp,724379,29,,1550.0,"{'price': {'amount': 1550.0, 'currencySuffix': '€/mês'}}",flat,rent,63.0,2,1,rua Aliança Operária,Lisboa,Alcântara,Alto de Alcântara,pt,38.7054604,-9.1877893,False,https://www.idealista.pt/imovel/34120260/,"RESERVAS E PEDIDOS DE INFORMAÇÃO Para obter informações detalhadas e reservar online, clique abaixo do mapa em “Link Adicional”. TERMOS E CONDIÇÕES DE ALOJAMENTO: - Data de Disponibilidade: 01/10/2025 - Duração Mínima de Aluguer: 30 dias - Número Máximo de Hóspedes: 3 - Todas as Despesas Incluídas: Sim, para mais informações visite o site - Adicional:  - Animais de Estimação Não Permitido  - Fumadores Não Permitido DETALHES DA PROPRIEDADE Apartamento com 2 quartos  - Localização: Localizado on Ajuda em Lisbon com uma variedade de opções de refeições, lojas essenciais e atividades para fazer, com fácil acesso aos transportes públicos. 2 quartos em Apartment com 1 casas de banho. Características  - Wi-Fi  - Toalhas e lençóis  - Forno  - Microondas  - Máquina de lavar roupa  - Máquina de lavar louça SOBRE A UNIPLACES O Seu Local de Confiança para Encontrar Casa Como uma plataforma online pioneira, a Uniplaces liga indivíduos, sejam estudantes, profissionais ou famílias, a uma variedade de alojamentos para arrendamento. O nosso compromisso vai para além das listagens - verificamos cada propriedade para garantir que cumpre os nossos rigorosos critérios de conforto e conveniência. Escolha a Uniplaces para uma jornada de arrendamento suave, fiável e com uma excelente relação qualidade-preço.",False,good,False,False,,25.0,{},{'typology': 'flat'},"{'subtitle': 'Alcântara, Lisboa', 'title': 'Apartamento na rua Aliança Operária'}",False,False,False,False,{},[],False,False,,
34120237,https://img4.idealista.pt/blur/480_360_mq/0/id.pro.pt.image.master/da/ca/57/281327532.webp,351545,16,,1550.0,"{'price': {'amount': 1550.0, 'currencySuffix': '€/mês'}}",flat,rent,70.0,2,1,rua de São Paulo,Lisboa,Misericórdia,Chiado - Pç. de Camões,pt,38.7094204,-9.1436419,False,https://www.idealista.pt/imovel/34120237/,"RESERVAS E PEDIDOS DE INFORMAÇÃO Para obter informações detalhadas e reservar online, clique abaixo do mapa em “Link Adicional”. TERMOS E CONDIÇÕES DE ALOJAMENTO: - Data de Disponibilidade: 01/10/2025 - Duração Mínima de Aluguer: 180 dias - Número Máximo de Hóspedes: 2 - Todas as Despesas Incluídas: Sim, para mais informações visite o site - Adicional:  - Animais de Estimação Não Permitido  - Fumadores Não Permitido DETALHES DA PROPRIEDADE Apartamento T2 no Cais do Sodré, renovado! Decoração moderna, espaçoso e muito confortável  - Localização: Localizado on Cais do Sodré em Lisbon com uma variedade de opções de refeições, lojas essenciais e atividades para fazer, com fácil acesso aos transportes públicos. 2 quartos em Apartment com 1 casas de banho. Características  - Wi-Fi  - Televisão por cabo  - Aquecimento central  - Forno  - Microondas  - Máquina de lavar roupa  - Máquina de lavar louça SOBRE A UNIPLACES O Seu Local de Confiança para Encontrar Casa Como uma plataforma online pioneira, a Uniplaces liga indivíduos, sejam estudantes, profissionais ou famílias, a uma variedade de alojamentos para arrendamento. O nosso compromisso vai para além das listagens - verificamos cada propriedade para garantir que cumpre os nossos rigorosos critérios de conforto e conveniência. Escolha a Uniplaces para uma jornada de arrendamento suave, fiável e com uma excelente relação qualidade-preço.",False,good,False,False,,22.0,{},{'typology': 'flat'},"{'subtitle': 'Misericórdia, Lisboa', 'title': 'Apartamento na rua de São Paulo'}",False,False,False,False,{},[],False,False,,
34120238,https://img4.idealista.pt/blur/480_360_mq/0/id.pro.pt.image.master/7c/be/06/281327770.webp,723778,13,,1550.0,"{'price': {'amount': 1550.0, 'currencySuffix': '€/mês'}}",flat,rent,65.0,1,2,rua General Taborda,Lisboa,Campolide,Centro,pt,38.7302308,-9.1621165,False,https://www.idealista.pt/imovel/34120238/,"RESERVAS E PEDIDOS DE INFORMAÇÃO Para obter informações detalhadas e reservar online, clique abaixo do mapa em “Link Adicional”. TERMOS E CONDIÇÕES DE ALOJAMENTO: - Data de Disponibilidade: 01/10/2025 - Duração Mínima de Aluguer: 30 dias - Número Máximo de Hóspedes: 2 - Todas as Despesas Incluídas: Sim, para mais informações visite o site - Adicional:  - Animais de Estimação Não Permitido  - Fumadores Não Permitido DETALHES DA PROPRIEDADE Apartamento com 1 quarto, com área exterior  - Localização: Localizado on Campolide em Lisbon com uma variedade de opções de refeições, lojas essenciais e atividades para fazer, com fácil acesso aos transportes públicos. 1 quartos em Apartment com 2 casas de banho. Características  - Air condicionado  - Televisão por cabo  - Zona exterior  - Wi-Fi  - Máquina de lavar roupa  - Forno  - Microondas SOBRE A UNIPLACES O Seu Local de Confiança para Encontrar Casa Como uma plataforma online pioneira, a Uniplaces liga indivíduos, sejam estudantes, profissionais ou famílias, a uma variedade de alojamentos para arrendamento. O nosso compromisso vai para além das listagens - verificamos cada propriedade para garantir que cumpre os nossos rigorosos critérios de conforto e conveniência. Escolha a Uniplaces para uma jornada de arrendamento suave, fiável e com uma excelente relação qualidade-preço.",False,good,False,False,,24.0,{},{'typology': 'flat'},"{'subtitle': 'Campolide, Lisboa', 'title': 'Apartamento na rua General Taborda'}",False,False,False,False,{},[],False,False,,
34120250,https://img4.idealista.pt/blur/480_360_mq/0/id.pro.pt.image.master/93/2a/d9/281327563.webp,14430,21,,1550.0,"{'price': {'amount': 1550.0, 'currencySuffix': '€/mês'}}",flat,rent,50.0,1,1,travessa da Conceição,Lisboa,Misericórdia,Príncipe Real - São Bento,pt,38.7155566,-9.1479129,False,https://www.idealista.pt/imovel/34120250/,"RESERVAS E PEDIDOS DE INFORMAÇÃO Para obter informações detalhadas e reservar online, clique abaixo do mapa em “Link Adicional”. TERMOS E CONDIÇÕES DE ALOJAMENTO: - Data de Disponibilidade: 01/10/2025 - Duração Mínima de Aluguer: 27 dias - Número Máximo de Hóspedes: 2 - Todas as Despesas Incluídas: Sim, para mais informações visite o site - Adicional:  - Animais de Estimação Permitido  - Fumadores Não Permitido DETALHES DA PROPRIEDADE Carismático apartamento de 1 quarto no up-and-coming Príncipe Real  - Descrição da Propriedade na Uniplaces: A caminho de Lisboa para continuar os seus estudos e procura um sítio a que possa chamar casa no coração da cidade - ou para compartilhar com alguém próximo Porque não dar uma vista de olhos neste apartamento no Príncipe Real Pode ser o lugar ideal! O apartamento está decorado com estilo moderno e fresco, que inclui um quarto com cama de casal, uma casa de banho, uma cozinha e uma sala de estar. Tem ainda um jardim - com mesas e cadeiras, onde pode aproveitar os dias de sol para fazer as suas refeições ou beber um copo!  - Localização: Localizado on Principe Real em Lisbon com uma variedade de opções de refeições, lojas essenciais e atividades para fazer, com fácil acesso aos transportes públicos. 1 quartos em Apartment com 1 casas de banho. Características  - Wi-Fi  - Televisão por cabo  - Air condicionado  - Zona exterior  - Toalhas e lençóis  - Forno  - Microondas  - Máquina de lavar roupa  - Máquina de lavar louça SOBRE A UNIPLACES O Seu Local de Confiança para Encontrar Casa Como uma plataforma online pioneira, a Uniplaces liga indivíduos, sejam estudantes, profissionais ou famílias, a uma variedade de alojamentos para arrendamento. O nosso compromisso vai para além das listagens - verificamos cada propriedade para garantir que cumpre os nossos rigorosos critérios de conforto e conveniência. Escolha a Uniplaces para uma jornada de arrendamento suave, fiável e com uma excelente relação qualidade-preço.",False,good,False,False,,31.0,{},{'typology': 'flat'},"{'subtitle': 'Misericórdia, Lisboa', 'title': 'Apartamento na travessa da Conceição'}",False,False,False,False,{},[],False,False,,
34120166,https://img4.idealista.pt/blur/480_360_mq/0/id.pro.pt.image.master/38/d4/00/281327432.webp,382531,11,,1500.0,"{'price': {'amount': 1500.0, 'currencySuffix': '€/mês'}}",flat,rent,62.0,2,1,rua Pereira e Sousa,Lisboa,Campo de Ourique,Centro,pt,38.7184013,-9.1665394,False,https://www.idealista.pt/imovel/34120166/,"RESERVAS E PEDIDOS DE INFORMAÇÃO Para obter informações detalhadas e reservar online, clique abaixo do mapa em “Link Adicional”. TERMOS E CONDIÇÕES DE ALOJAMENTO: - Data de Disponibilidade: 01/10/2025 - Duração Mínima de Aluguer: 180 dias - Número Máximo de Hóspedes: 2 - Todas as Despesas Incluídas: Sim, para mais informações visite o site - Adicional:  - Animais de Estimação Permitido  - Fumadores Permitido DETALHES DA PROPRIEDADE Campo Ourique, Apartamento com 2 quartos e vista desafogada  - Localização: Localizado on Campo de Ourique em Lisbon com uma variedade de opções de refeições, lojas essenciais e atividades para fazer, com fácil acesso aos transportes públicos. 2 quartos em Apartment com 1 casas de banho. Características  - Wi-Fi  - Televisão por cabo  - Zona exterior  - Forno  - Máquina de lavar roupa SOBRE A UNIPLACES O Seu Local de Confiança para Encontrar Casa Como uma plataforma online pioneira, a Uniplaces liga indivíduos, sejam estudantes, profissionais ou famílias, a uma variedade de alojamentos para arrendamento. O nosso compromisso vai para além das listagens - verificamos cada propriedade para garantir que cumpre os nossos rigorosos critérios de conforto e conveniência. Escolha a Uniplaces para uma jornada de arrendamento suave, fiável e com uma excelente relação qualidade-preço.",False,good,False,False,,24.0,{},{'typology': 'flat'},"{'subtitle': 'Campo de Ourique, Lisboa', 'title': 'Apartamento na rua Pereira e Sousa'}",False,False,False,False,{},[],False,False,,
34120241,https://img4.idealista.pt/blur/480_360_mq/0/id.pro.pt.image.master/d4/35/e5/281327493.webp,732730,11,,1500.0,"{'price': {'amount': 1500.0, 'currencySuffix': '€/mês'}}",flat,rent,75.0,1,1,rua Engenheiro Santos Simões,Lisboa,Penha de França,Bairro dos Actores - Barão Sabrosa,pt,38.7365084,-9.1269998,False,https://www.idealista.pt/imovel/34120241/,"RESERVAS E PEDIDOS DE INFORMAÇÃO Para obter informações detalhadas e reservar online, clique abaixo do mapa em “Link Adicional”. TERMOS E CONDIÇÕES DE ALOJAMENTO: - Data de Disponibilidade: 01/10/2025 - Duração Mínima de Aluguer: 180 dias - Número Máximo de Hóspedes: 2 - Todas as Despesas Incluídas: Não, para mais informações visite o site - Adicional:  - Animais de Estimação Não Permitido  - Fumadores Não Permitido DETALHES DA PROPRIEDADE Apartamento com 1 quarto, com área exterior  - Localização: Localizado on Penha de França em Lisbon com uma variedade de opções de refeições, lojas essenciais e atividades para fazer, com fácil acesso aos transportes públicos. 1 quartos em Apartment com 1 casas de banho. Características  - Air condicionado  - Zona exterior  - Elevador  - Forno  - Microondas  - Máquina de lavar roupa  - Máquina de lavar louça SOBRE A UNIPLACES O Seu Local de Confiança para Encontrar Casa Como uma plataforma online pioneira, a Uniplaces liga indivíduos, sejam estudantes, profissionais ou famílias, a uma variedade de alojamentos para arrendamento. O nosso compromisso vai para além das listagens - verificamos cada propriedade para garantir que cumpre os nossos rigorosos critérios de conforto e conveniência. Escolha a Uniplaces para uma jornada de arrendamento suave, fiável e com uma excelente relação qualidade-preço.",False,good,False,True,,20.0,{},{'typology': 'flat'},"{'subtitle': 'Penha de França, Lisboa', 'title': 'Apartamento na rua Engenheiro Santos Simões'}",False,False,False,False,{},[],False,False,,
34120165,https://img4.idealista.pt/blur/480_360_mq/0/id.pro.pt.image.master/11/89/d0/281327502.webp,193344,11,,1500.0,"{'price': {'amount': 1500.0, 'currencySuffix': '€/mês'}}",flat,rent,67.0,1,1,Calçada dos Mestres,Lisboa,Campolide,Centro,pt,38.7280149,-9.1665607,False,https://www.idealista.pt/imovel/34120165/,"RESERVAS E PEDIDOS DE INFORMAÇÃO Para obter informações detalhadas e reservar online, clique abaixo do mapa em “Link Adicional”. TERMOS E CONDIÇÕES DE ALOJAMENTO: - Data de Disponibilidade: 01/10/2025 - Duração Mínima de Aluguer: 180 dias - Número Máximo de Hóspedes: 3 - Todas as Despesas Incluídas: Não, para mais informações visite o site - Adicional:  - Animais de Estimação Não Permitido  - Fumadores Não Permitido DETALHES DA PROPRIEDADE Apartamento T1 remodelado no centro, com cozinha equipada, e varanda  - Localização: Localizado on Campolide em Lisbon com uma variedade de opções de refeições, lojas essenciais e atividades para fazer, com fácil acesso aos transportes públicos. 1 quartos em Apartment com 1 casas de banho. Características  - Wi-Fi  - Televisão por cabo  - Zona exterior  - Elevador  - Toalhas e lençóis  - Forno  - Microondas  - Máquina de lavar roupa  - Máquina de lavar louça SOBRE A UNIPLACES O Seu Local de Confiança para Encontrar Casa Como uma plataforma online pioneira, a Uniplaces liga indivíduos, sejam estudantes, profissionais ou famílias, a uma variedade de alojamentos para arrendamento. O nosso compromisso vai para além das listagens - verificamos cada propriedade para garantir que cumpre os nossos rigorosos critérios de conforto e conveniência. Escolha a Uniplaces para uma jornada de arrendamento suave, fiável e com uma excelente relação qualidade-preço.",False,good,False,True,,22.0,{},{'typology': 'flat'},"{'subtitle': 'Campolide, Lisboa', 'title': 'Apartamento em Calçada dos Mestres'}",False,False,False,False,{},[],False,False,,
34120227,https://img4.idealista.pt/blur/480_360_mq/0/id.pro.pt.image.master/19/de/32/281327230.webp,594860,35,,1500.0,"{'price': {'amount': 1500.0, 'currencySuffix': '€/mês'}}",chalet,rent,50.0,1,1,rua Meio à Ajuda,Lisboa,Ajuda,Calçada da Ajuda - Belém,pt,38.7070596,-9.2009635,False,https://www.idealista.pt/imovel/34120227/,"RESERVAS E PEDIDOS DE INFORMAÇÃO Para obter informações detalhadas e reservar online, clique abaixo do mapa em “Link Adicional”. TERMOS E CONDIÇÕES DE ALOJAMENTO: - Data de Disponibilidade: 01/10/2025 - Duração Mínima de Aluguer: 60 dias - Número Máximo de Hóspedes: 2 - Todas as Despesas Incluídas: Sim, para mais informações visite o site - Adicional:  - Animais de Estimação Não Permitido  - Fumadores Não Permitido DETALHES DA PROPRIEDADE Casa Duplex com 1 quarto junto ao Jardim Botanico da Ajuda  - Localização: Localizado on Ajuda em Lisbon com uma variedade de opções de refeições, lojas essenciais e atividades para fazer, com fácil acesso aos transportes públicos. 1 quartos em House com 1 casas de banho. Características  - Wi-Fi  - Televisão por cabo  - Air condicionado  - Forno  - Microondas  - Máquina de lavar roupa SOBRE A UNIPLACES O Seu Local de Confiança para Encontrar Casa Como uma plataforma online pioneira, a Uniplaces liga indivíduos, sejam estudantes, profissionais ou famílias, a uma variedade de alojamentos para arrendamento. O nosso compromisso vai para além das listagens - verificamos cada propriedade para garantir que cumpre os nossos rigorosos critérios de conforto e conveniência. Escolha a Uniplaces para uma jornada de arrendamento suave, fiável e com uma excelente relação qualidade-preço.",False,good,False,,,30.0,{},"{'typology': 'chalet', 'subTypology': 'andarMoradia'}","{'subtitle': 'Ajuda, Lisboa', 'title': 'Andar de moradia na rua Meio à Ajuda'}",False,False,False,False,{},[],False,False,,
34120240,https://img4.idealista.pt/blur/480_360_mq/0/id.pro.pt.image.master/9c/05/bd/281327332.webp,170226,8,,1500.0,"{'price': {'amount': 1500.0, 'currencySuffix': '€/mês'}}",studio,rent,25.0,0,1,rua Conde das Antas,Lisboa,Campolide,Centro,pt,38.7279145,-9.1624835,False,https://www.idealista.pt/imovel/34120240/,"RESERVAS E PEDIDOS DE INFORMAÇÃO Para obter informações detalhadas e reservar online, clique abaixo do mapa em “Link Adicional”. TERMOS E CONDIÇÕES DE ALOJAMENTO: - Data de Disponibilidade: 10/09/2025 - Duração Mínima de Aluguer: 27 dias - Número Máximo de Hóspedes: 2 - Todas as Despesas Incluídas: Não, para mais informações visite o site - Adicional:  - Animais de Estimação Não Permitido  - Fumadores Não Permitido DETALHES DA PROPRIEDADE Apartmemnt T0 with Double Bed in Campolide  - Localização: Localizado on Campolide em Lisbon com uma variedade de opções de refeições, lojas essenciais e atividades para fazer, com fácil acesso aos transportes públicos. 0 quartos em Studio com 1 casas de banho. Características  - Wi-Fi SOBRE A UNIPLACES O Seu Local de Confiança para Encontrar Casa Como uma plataforma online pioneira, a Uniplaces liga indivíduos, sejam estudantes, profissionais ou famílias, a uma variedade de alojamentos para arrendamento. O nosso compromisso vai para além das listagens - verificamos cada propriedade para garantir que cumpre os nossos rigorosos critérios de conforto e conveniência. Escolha a Uniplaces para uma jornada de arrendamento suave, fiável e com uma excelente relação qualidade-preço.",False,good,False,False,,60.0,{},"{'typology': 'flat', 'subTypology': 'studio'}","{'subtitle': 'Campolide, Lisboa', 'title': 'T0 na rua Conde das Antas'}",False,False,False,False,{},[],False,False,,
34120197,https://img4.idealista.pt/blur/480_360_mq/0/id.pro.pt.image.master/99/41/4e/281327197.webp,726900,30,,1500.0,"{'price': {'amount': 1500.0, 'currencySuffix': '€/mês'}}",flat,rent,45.0,1,1,rua do Cardal de São José,Lisboa,Santo António,Campo de Santana - Santa Marta,pt,38.7203231,-9.1452629,False,https://www.idealista.pt/imovel/34120197/,"RESERVAS E PEDIDOS DE INFORMAÇÃO Para obter informações detalhadas e reservar online, clique abaixo do mapa em “Link Adicional”. TERMOS E CONDIÇÕES DE ALOJAMENTO: - Data de Disponibilidade: 01/10/2025 - Duração Mínima de Aluguer: 91 dias - Número Máximo de Hóspedes: 1 - Todas as Despesas Incluídas: Não, para mais informações visite o site - Adicional:  - Animais de Estimação Não Permitido  - Fumadores Não Permitido DETALHES DA PROPRIEDADE  - Localização: Localizado on Avenida da Liberdade em Lisbon com uma variedade de opções de refeições, lojas essenciais e atividades para fazer, com fácil acesso aos transportes públicos. 1 quartos em Apartment com 1 casas de banho. Características  - Wi-Fi  - Máquina de lavar roupa  - Microondas SOBRE A UNIPLACES O Seu Local de Confiança para Encontrar Casa Como uma plataforma online pioneira, a Uniplaces liga indivíduos, sejam estudantes, profissionais ou famílias, a uma variedade de alojamentos para arrendamento. O nosso compromisso vai para além das listagens - verificamos cada propriedade para garantir que cumpre os nossos rigorosos critérios de conforto e conveniência. Escolha a Uniplaces para uma jornada de arrendamento suave, fiável e com uma excelente relação qualidade-preço.",False,good,False,False,,33.0,{},{'typology': 'flat'},"{'subtitle': 'Santo António, Lisboa', 'title': 'Apartamento na rua do Cardal de São José'}",False,False,False,False,{},[],False,False,,
34120226,https://img4.idealista.pt/blur/480_360_mq/0/id.pro.pt.image.master/57/6f/7f/281327487.webp,317136,13,,1500.0,"{'price': {'amount': 1500.0, 'currencySuffix': '€/mês'}}",flat,rent,42.0,1,1,rua da Cruz de Santa Apolónia,Lisboa,São Vicente,Santa Engrácia,pt,38.7177403,-9.1188955,False,https://www.idealista.pt/imovel/34120226/,"RESERVAS E PEDIDOS DE INFORMAÇÃO Para obter informações detalhadas e reservar online, clique abaixo do mapa em “Link Adicional”. TERMOS E CONDIÇÕES DE ALOJAMENTO: - Data de Disponibilidade: 01/10/2025 - Duração Mínima de Aluguer: 27 dias - Número Máximo de Hóspedes: 2 - Todas as Despesas Incluídas: Sim, para mais informações visite o site - Adicional:  - Animais de Estimação Não Permitido  - Fumadores Não Permitido DETALHES DA PROPRIEDADE Very bright apartment in charmful building in Apolonia, near transport hubs  - Descrição da Propriedade na Uniplaces: Na zona de Santa Apolónia, no coração de Lisboa, com 1 quarto e capacidade para 2 pessoas, o Apolónia Train Spot é um luminoso apartamento de 60 m2 recentemente renovado num edifício com muito charme, típico de Lisboa. Segundo andar sem elevador Tem 1 quarto com muita luz natural, uma espaçosa sala de estar com TV, sala de jantar junto à cozinha e todos os confortos para uma estadia memorável. A janela da sala de estar tem vista para o Rio Tejo. Localizado no centro de Lisboa com acesso aos principais transportes públicos, nomeadamente autocarros, comboios e metro, a 2 min a pé do rio, a 10 min a pé de Alfama e a 15 min a pé do centro histórico.  - Localização: Localizado on Santa Apolónia em Lisbon com uma variedade de opções de refeições, lojas essenciais e atividades para fazer, com fácil acesso aos transportes públicos. 1 quartos em Apartment com 1 casas de banho. Características  - Wi-Fi  - Televisão por cabo  - Toalhas e lençóis  - Forno  - Microondas  - Máquina de lavar roupa  - Máquina de lavar louça SOBRE A UNIPLACES O Seu Local de Confiança para Encontrar Casa Como uma plataforma online pioneira, a Uniplaces liga indivíduos, sejam estudantes, profissionais ou famílias, a uma variedade de alojamentos para arrendamento. O nosso compromisso vai para além das listagens - verificamos cada propriedade para garantir que cumpre os nossos rigorosos critérios de conforto e conveniência. Escolha a Uniplaces para uma jornada de arrendamento suave, fiável e com uma excelente relação qualidade-preço.",False,good,False,False,,36.0,{},{'typology': 'flat'},"{'subtitle': 'São Vicente, Lisboa', 'title': 'Apartamento na rua da Cruz de Santa Apolónia'}",False,False,False,False,{},[],False,False,,
34120239,https://img4.idealista.pt/blur/480_360_mq/0/id.pro.pt.image.master/91/8b/18/281326684.webp,317112,11,,1500.0,"{'price': {'amount': 1500.0, 'currencySuffix': '€/mês'}}",flat,rent,44.0,1,1,travessa Giestal,Lisboa,Alcântara,Alto de Alcântara,pt,38.7029039,-9.189596,False,https://www.idealista.pt/imovel/34120239/,"RESERVAS E PEDIDOS DE INFORMAÇÃO Para obter informações detalhadas e reservar online, clique abaixo do mapa em “Link Adicional”. TERMOS E CONDIÇÕES DE ALOJAMENTO: - Data de Disponibilidade: 01/10/2025 - Duração Mínima de Aluguer: 27 dias - Número Máximo de Hóspedes: 2 - Todas as Despesas Incluídas: Não, para mais informações visite o site - Adicional:  - Animais de Estimação Permitido  - Fumadores Não Permitido DETALHES DA PROPRIEDADE Apartment with terrace, well located, near the cultural poles and monuments.  - Descrição da Propriedade na Uniplaces: Na zona da Junqueira, perto de Belém, com capacidade para 4 pessoas, o Giestal Terrace é um apartamento de 100m2, recentemente renovado e decorado com bom gosto, com um maravilhoso terraço com mobiliário de jardim para um relaxamento perfeito no final do dia. Este acolhedor apartamento tem 1 quarto com cama de casal, uma espaçosa sala de estar com sofá-cama, televisão, mesa de jantar e acesso ao terraço privado. Localizado na zona da Junqueira, muito perto de Belém com acesso aos principais transportes públicos, nomeadamente autocarros 727 e eléctrico 15E com ligação direta ao centro de Lisboa e ao centro histórico da cidade em 15 minutos  - Localização: Localizado on Alcântara em Lisbon com uma variedade de opções de refeições, lojas essenciais e atividades para fazer, com fácil acesso aos transportes públicos. 1 quartos em Apartment com 1 casas de banho. Características  - Wi-Fi  - Televisão por cabo  - Zona exterior  - Toalhas e lençóis  - Forno  - Microondas  - Máquina de lavar roupa  - Máquina de lavar louça SOBRE A UNIPLACES O Seu Local de Confiança para Encontrar Casa Como uma plataforma online pioneira, a Uniplaces liga indivíduos, sejam estudantes, profissionais ou famílias, a uma variedade de alojamentos para arrendamento. O nosso compromisso vai para além das listagens - verificamos cada propriedade para garantir que cumpre os nossos rigorosos critérios de conforto e conveniência. Escolha a Uniplaces para uma jornada de arrendamento suave, fiável e com uma excelente relação qualidade-preço.",False,good,False,False,,34.0,{},{'typology': 'flat'},"{'subtitle': 'Alcântara, Lisboa', 'title': 'Apartamento na travessa Giestal'}",False,False,False,False,{},[],False,False,,
34120233,https://img4.idealista.pt/blur/480_360_mq/0/id.pro.pt.image.master/7a/ac/91/281327076.webp,295267,8,,1500.0,"{'price': {'amount': 1500.0, 'currencySuffix': '€/mês'}}",flat,rent,63.0,2,2,praça Duque da Terceira,Lisboa,Misericórdia,Cais do Sodré - Santos,pt,38.705835,-9.1433036,False,https://www.idealista.pt/imovel/34120233/,"RESERVAS E PEDIDOS DE INFORMAÇÃO Para obter informações detalhadas e reservar online, clique abaixo do mapa em “Link Adicional”. TERMOS E CONDIÇÕES DE ALOJAMENTO: - Data de Disponibilidade: 01/10/2025 - Duração Mínima de Aluguer: 90 dias - Número Máximo de Hóspedes: 2 - Todas as Despesas Incluídas: Sim, para mais informações visite o site - Adicional:  - Animais de Estimação Não Permitido  - Fumadores Não Permitido DETALHES DA PROPRIEDADE Apartamento com 2 quartos  - Localização: Localizado on Cais do Sodré em Lisbon com uma variedade de opções de refeições, lojas essenciais e atividades para fazer, com fácil acesso aos transportes públicos. 2 quartos em Apartment com 2 casas de banho. Características  - Wi-Fi  - Toalhas e lençóis  - Forno  - Microondas  - Máquina de lavar roupa SOBRE A UNIPLACES O Seu Local de Confiança para Encontrar Casa Como uma plataforma online pioneira, a Uniplaces liga indivíduos, sejam estudantes, profissionais ou famílias, a uma variedade de alojamentos para arrendamento. O nosso compromisso vai para além das listagens - verificamos cada propriedade para garantir que cumpre os nossos rigorosos critérios de conforto e conveniência. Escolha a Uniplaces para uma jornada de arrendamento suave, fiável e com uma excelente relação qualidade-preço.",False,good,False,False,,24.0,{},{'typology': 'flat'},"{'subtitle': 'Misericórdia, Lisboa', 'title': 'Apartamento na praça Duque da Terceira'}",False,False,False,False,{},[],False,False,,
34120231,https://img4.idealista.pt/blur/480_360_mq/0/id.pro.pt.image.master/5e/fe/08/281327120.webp,88670,12,,1450.0,"{'price': {'amount': 1450.0, 'currencySuffix': '€/mês'}}",flat,rent,60.0,2,1,rua das Gáveas,Lisboa,Misericórdia,Bairro Alto,pt,38.7120803,-9.1427639,False,https://www.idealista.pt/imovel/34120231/,"RESERVAS E PEDIDOS DE INFORMAÇÃO Para obter informações detalhadas e reservar online, clique abaixo do mapa em “Link Adicional”. TERMOS E CONDIÇÕES DE ALOJAMENTO: - Data de Disponibilidade: 01/10/2025 - Duração Mínima de Aluguer: 90 dias - Número Máximo de Hóspedes: 3 - Todas as Despesas Incluídas: Não, para mais informações visite o site - Adicional:  - Animais de Estimação Não Permitido  - Fumadores Não Permitido DETALHES DA PROPRIEDADE Agradável apartamento com 2 quartos, no centro de Lisboa  - Descrição da Propriedade na Uniplaces: This comfortable 2-bedroom apartment with air conditioning is perfectly located in the heart of the city, just a few meters away from Chiado main square, Largo de Camões. The nearest metro station ""Baixa-Chiado"" is just 2 minutes walk from the apartment. The location is perfect and surrounded by nice restaurants, shops and supermarkets. Both bedrooms have air conditioning, one room has a double bed and the other has two single beds that can be merged into a large double bed. Additional storage spaces and furniture are also available. In the living room there is a smart TV with Netflix and over 100 cable channels, it also includes WIFI with 100 MB/s. Although the location is very central, the apartment is very quiet because it has brand-new high quality double-glazed windows on the front facade. The apartment it is at walking distance from most of the city highlights.  - Localização: Localizado on Bairro Alto em Lisbon com uma variedade de opções de refeições, lojas essenciais e atividades para fazer, com fácil acesso aos transportes públicos. 2 quartos em Apartment com 1 casas de banho. Características  - Wi-Fi  - Televisão por cabo  - Air condicionado  - Zona exterior  - Toalhas e lençóis  - Microondas  - Máquina de lavar roupa SOBRE A UNIPLACES O Seu Local de Confiança para Encontrar Casa Como uma plataforma online pioneira, a Uniplaces liga indivíduos, sejam estudantes, profissionais ou famílias, a uma variedade de alojamentos para arrendamento. O nosso compromisso vai para além das listagens - verificamos cada propriedade para garantir que cumpre os nossos rigorosos critérios de conforto e conveniência. Escolha a Uniplaces para uma jornada de arrendamento suave, fiável e com uma excelente relação qualidade-preço.",False,good,False,False,,24.0,{},{'typology': 'flat'},"{'subtitle': 'Misericórdia, Lisboa', 'title': 'Apartamento na rua das Gáveas'}",False,False,False,False,{},[],False,False,,
34120230,https://img4.idealista.pt/blur/480_360_mq/0/id.pro.pt.image.master/d0/f5/d9/281327177.webp,735860,28,,1400.0,"{'price': {'amount': 1400.0, 'currencySuffix': '€/mês'}}",flat,rent,35.0,1,1,rua de São Bento,Lisboa,Estrela,Lapa,pt,38.7141142,-9.1547638,False,https://www.idealista.pt/imovel/34120230/,"RESERVAS E PEDIDOS DE INFORMAÇÃO Para obter informações detalhadas e reservar online, clique abaixo do mapa em “Link Adicional”. TERMOS E CONDIÇÕES DE ALOJAMENTO: - Data de Disponibilidade: 01/10/2025 - Duração Mínima de Aluguer: 30 dias - Número Máximo de Hóspedes: 2 - Todas as Despesas Incluídas: Não, para mais informações visite o site - Adicional:  - Animais de Estimação Não Permitido  - Fumadores Não Permitido DETALHES DA PROPRIEDADE Apartamento com 1 quarto, com área exterior  - Descrição da Propriedade na Uniplaces: This apartment, with one bedroom, a closet, a living room, a bathroom and a kitchen, offers the perfect balance between comfort and accessibility. It has a living room with fantastic light on the third floor no lift. The flat is located at Rua de São Bento, in the Santos neighborhood. From here, in a few minutes on foot, you can reach Cais Sodré, Bairro Alto, Príncipe Real and Rato. A very central location, with many nice restaurants nearby, less than 10 minutes walking to the riverside area and train station of Santos, 15 minutes from metro station of Rato and metro and train station of Cais Sodré. You will have a large closet, a balcony and, in general, a house with plenty of natural light in one of the most charming and lively areas of the city.  - Localização: Localizado on São Bento em Lisbon com uma variedade de opções de refeições, lojas essenciais e atividades para fazer, com fácil acesso aos transportes públicos. 1 quartos em Apartment com 1 casas de banho. Características  - Wi-Fi  - Televisão por cabo  - Zona exterior  - Toalhas e lençóis  - Forno  - Máquina de lavar roupa SOBRE A UNIPLACES O Seu Local de Confiança para Encontrar Casa Como uma plataforma online pioneira, a Uniplaces liga indivíduos, sejam estudantes, profissionais ou famílias, a uma variedade de alojamentos para arrendamento. O nosso compromisso vai para além das listagens - verificamos cada propriedade para garantir que cumpre os nossos rigorosos critérios de conforto e conveniência. Escolha a Uniplaces para uma jornada de arrendamento suave, fiável e com uma excelente relação qualidade-preço.",False,good,False,False,,40.0,{},{'typology': 'flat'},"{'subtitle': 'Estrela, Lisboa', 'title': 'Apartamento na rua de São Bento'}",False,False,False,False,{},[],False,False,,
34120224,https://img4.idealista.pt/blur/480_360_mq/0/id.pro.pt.image.master/5f/04/12/281327078.webp,676612,15,,1400.0,"{'price': {'amount': 1400.0, 'currencySuffix': '€/mês'}}",studio,rent,41.0,0,1,rua das Salgadeiras,Lisboa,Misericórdia,Bairro Alto,pt,38.7100229,-9.1449381,False,https://www.idealista.pt/imovel/34120224/,"RESERVAS E PEDIDOS DE INFORMAÇÃO Para obter informações detalhadas e reservar online, clique abaixo do mapa em “Link Adicional”. TERMOS E CONDIÇÕES DE ALOJAMENTO: - Data de Disponibilidade: 25/09/2025 - Duração Mínima de Aluguer: 90 dias - Número Máximo de Hóspedes: 1 - Todas as Despesas Incluídas: Sim, para mais informações visite o site - Adicional:  - Animais de Estimação Não Permitido  - Fumadores Não Permitido DETALHES DA PROPRIEDADE Estúdio  - Localização: Localizado on Bairro Alto em Lisbon com uma variedade de opções de refeições, lojas essenciais e atividades para fazer, com fácil acesso aos transportes públicos. 0 quartos em Studio com 1 casas de banho. Características  - Air condicionado  - Wi-Fi  - Toalhas e lençóis  - Máquina de lavar roupa  - Máquina de lavar roupa SOBRE A UNIPLACES O Seu Local de Confiança para Encontrar Casa Como uma plataforma online pioneira, a Uniplaces liga indivíduos, sejam estudantes, profissionais ou famílias, a uma variedade de alojamentos para arrendamento. O nosso compromisso vai para além das listagens - verificamos cada propriedade para garantir que cumpre os nossos rigorosos critérios de conforto e conveniência. Escolha a Uniplaces para uma jornada de arrendamento suave, fiável e com uma excelente relação qualidade-preço.",False,good,False,False,,34.0,{},"{'typology': 'flat', 'subTypology': 'studio'}","{'subtitle': 'Misericórdia, Lisboa', 'title': 'T0 na rua das Salgadeiras'}",False,False,False,False,{},[],False,False,,
34120204,https://img4.idealista.pt/blur/480_360_mq/0/id.pro.pt.image.master/31/d9/b7/281326716.webp,194,22,,1310.0,"{'price': {'amount': 1310.0, 'currencySuffix': '€/mês'}}",flat,rent,80.0,3,2,rua Melvin Jones,Lisboa,São Domingos de Benfica,Laranjeiras,pt,38.7519104,-9.1677322,False,https://www.idealista.pt/imovel/34120204/,"RESERVAS E PEDIDOS DE INFORMAÇÃO Para obter informações detalhadas e reservar online, clique abaixo do mapa em “Link Adicional”. TERMOS E CONDIÇÕES DE ALOJAMENTO: - Data de Disponibilidade: 01/10/2025 - Duração Mínima de Aluguer: 300 dias - Número Máximo de Hóspedes: 4 - Todas as Despesas Incluídas: Não, para mais informações visite o site - Adicional:  - Animais de Estimação Não Permitido  - Fumadores Permitido DETALHES DA PROPRIEDADE Apartamento com 3 quartos  - Descrição da Propriedade na Uniplaces: Se estiveres à procura de um apartamento para dividir perto da Universidade Católica Portuguesa e Universidade de Lisboa ULISBOA, não procures mais porque acabou de encontrar! O apartamento tem todos os confortos de um lar, com três quartos, um deles com casa de banho privativa e um colchão extra para convidados. Há também uma casa de banho comum, sala de estar, cozinha e uma bela vista para a cidade. A elegante sala de estar tem dois sofás confortáveis, uma grande vista da janela e uma sala de jantar. A cozinha está totalmente equipada.  - Localização: Localizado on Benfica em Lisbon com uma variedade de opções de refeições, lojas essenciais e atividades para fazer, com fácil acesso aos transportes públicos. 3 quartos em Apartment com 2 casas de banho. Características  - Accessibilidade  - Wi-Fi  - Elevador  - Forno  - Microondas  - Máquina de lavar roupa  - Máquina de lavar louça SOBRE A UNIPLACES O Seu Local de Confiança para Encontrar Casa Como uma plataforma online pioneira, a Uniplaces liga indivíduos, sejam estudantes, profissionais ou famílias, a uma variedade de alojamentos para arrendamento. O nosso compromisso vai para além das listagens - verificamos cada propriedade para garantir que cumpre os nossos rigorosos critérios de conforto e conveniência. Escolha a Uniplaces para uma jornada de arrendamento suave, fiável e com uma excelente relação qualidade-preço.",False,good,False,True,,16.0,{},{'typology': 'flat'},"{'subtitle': 'São Domingos de Benfica, Lisboa', 'title': 'Apartamento na rua Melvin Jones'}",False,False,False,False,{},[],False,False,,
34120195,https://img4.idealista.pt/blur/480_360_mq/0/id.pro.pt.image.master/5e/32/aa/281326795.webp,68223,17,,1300.0,"{'price': {'amount': 1300.0, 'currencySuffix': '€/mês'}}",studio,rent,50.0,0,1,travessa Santana da Cruz,Lisboa,Arroios,Pena,pt,38.722697,-9.137556,False,https://www.idealista.pt/imovel/34120195/,"RESERVAS E PEDIDOS DE INFORMAÇÃO Para obter informações detalhadas e reservar online, clique abaixo do mapa em “Link Adicional”. TERMOS E CONDIÇÕES DE ALOJAMENTO: - Data de Disponibilidade: 01/10/2025 - Duração Mínima de Aluguer: 60 dias - Número Máximo de Hóspedes: 2 - Todas as Despesas Incluídas: Não, para mais informações visite o site - Adicional:  - Animais de Estimação Não Permitido  - Fumadores Não Permitido DETALHES DA PROPRIEDADE Apartmento T1 totalmente renovado - Campo Mártires da Patria  - Localização: Localizado on Intendente em Lisbon com uma variedade de opções de refeições, lojas essenciais e atividades para fazer, com fácil acesso aos transportes públicos. 0 quartos em Studio com 1 casas de banho. Características  - Wi-Fi  - Televisão por cabo  - Air condicionado  - Forno  - Microondas  - Máquina de lavar roupa  - Máquina de lavar louça SOBRE A UNIPLACES O Seu Local de Confiança para Encontrar Casa Como uma plataforma online pioneira, a Uniplaces liga indivíduos, sejam estudantes, profissionais ou famílias, a uma variedade de alojamentos para arrendamento. O nosso compromisso vai para além das listagens - verificamos cada propriedade para garantir que cumpre os nossos rigorosos critérios de conforto e conveniência. Escolha a Uniplaces para uma jornada de arrendamento suave, fiável e com uma excelente relação qualidade-preço.",False,good,False,False,,26.0,{},"{'typology': 'flat', 'subTypology': 'studio'}","{'subtitle': 'Arroios, Lisboa', 'title': 'T0 na travessa Santana da Cruz'}",False,False,False,False,{},[],False,False,,
34120211,https://img4.idealista.pt/blur/480_360_mq/0/id.pro.pt.image.master/d4/b3/b3/281326568.webp,57481,10,,1300.0,"{'price': {'amount': 1300.0, 'currencySuffix': '€/mês'}}",flat,rent,42.0,1,1,rua de Santo António da Glória,Lisboa,Santo António,Praça da Alegria,pt,38.7152966,-9.1460508,False,https://www.idealista.pt/imovel/34120211/,"RESERVAS E PEDIDOS DE INFORMAÇÃO Para obter informações detalhadas e reservar online, clique abaixo do mapa em “Link Adicional”. TERMOS E CONDIÇÕES DE ALOJAMENTO: - Data de Disponibilidade: 01/10/2025 - Duração Mínima de Aluguer: 27 dias - Número Máximo de Hóspedes: 2 - Todas as Despesas Incluídas: Não, para mais informações visite o site - Adicional:  - Animais de Estimação Não Permitido  - Fumadores Não Permitido DETALHES DA PROPRIEDADE Modern apartment in city center, tastefully decorated and very bright  - Descrição da Propriedade na Uniplaces: Na zona da Praça da Alegria, Baixa de Lisboa, com 1 quarto e capacidade para 3 pessoas, o apartamento Santo António é um alojamento de 45m2 típico da zona histórica, decorado com bom gosto, aproveitando os elementos arquitectónicos do edifício. Este apartamento característico tem um quarto confortável com cama de casal, sala de estar espaçosa, área de jantar independente, pequena varanda romântica e o conforto para uma estadia memorável. Localizado em edifício típico antigo, perto da Avenida da Liberdade e do Rossio, com acesso aos principais transportes públicos e muito próximo das zonas turísticas da Baixa, Chiado e Bairro Alto  - Localização: Localizado on Avenida da Liberdade em Lisbon com uma variedade de opções de refeições, lojas essenciais e atividades para fazer, com fácil acesso aos transportes públicos. 1 quartos em Apartment com 1 casas de banho. Características  - Wi-Fi  - Televisão por cabo  - Toalhas e lençóis  - Microondas  - Máquina de lavar roupa SOBRE A UNIPLACES O Seu Local de Confiança para Encontrar Casa Como uma plataforma online pioneira, a Uniplaces liga indivíduos, sejam estudantes, profissionais ou famílias, a uma variedade de alojamentos para arrendamento. O nosso compromisso vai para além das listagens - verificamos cada propriedade para garantir que cumpre os nossos rigorosos critérios de conforto e conveniência. Escolha a Uniplaces para uma jornada de arrendamento suave, fiável e com uma excelente relação qualidade-preço.",False,good,False,False,,31.0,{},{'typology': 'flat'},"{'subtitle': 'Santo António, Lisboa', 'title': 'Apartamento na rua de Santo António da Glória'}",False,False,False,False,{},[],False,False,,
34120203,https://img4.idealista.pt/blur/480_360_mq/0/id.pro.pt.image.master/61/54/af/281326488.webp,532178,15,,1290.0,"{'price': {'amount': 1290.0, 'currencySuffix': '€/mês'}}",studio,rent,27.0,0,1,travessa do Terreiro a Santa Catarina,Lisboa,Misericórdia,Santa Catarina,pt,38.7086333,-9.1489016,False,https://www.idealista.pt/imovel/34120203/,"RESERVAS E PEDIDOS DE INFORMAÇÃO Para obter informações detalhadas e reservar online, clique abaixo do mapa em “Link Adicional”. TERMOS E CONDIÇÕES DE ALOJAMENTO: - Data de Disponibilidade: 01/10/2025 - Duração Mínima de Aluguer: 27 dias - Número Máximo de Hóspedes: 2 - Todas as Despesas Incluídas: Sim, para mais informações visite o site - Adicional:  - Animais de Estimação Permitido  - Fumadores Não Permitido DETALHES DA PROPRIEDADE Estúdio  - Localização: Localizado on Bairro Alto em Lisbon com uma variedade de opções de refeições, lojas essenciais e atividades para fazer, com fácil acesso aos transportes públicos. 0 quartos em Studio com 1 casas de banho. Características  - Televisão por cabo  - Microondas  - Máquina de lavar roupa SOBRE A UNIPLACES O Seu Local de Confiança para Encontrar Casa Como uma plataforma online pioneira, a Uniplaces liga indivíduos, sejam estudantes, profissionais ou famílias, a uma variedade de alojamentos para arrendamento. O nosso compromisso vai para além das listagens - verificamos cada propriedade para garantir que cumpre os nossos rigorosos critérios de conforto e conveniência. Escolha a Uniplaces para uma jornada de arrendamento suave, fiável e com uma excelente relação qualidade-preço.",False,good,False,False,,48.0,{},"{'typology': 'flat', 'subTypology': 'studio'}","{'subtitle': 'Misericórdia, Lisboa', 'title': 'T0 na travessa do Terreiro a Santa Catarina'}",False,False,False,False,{},[],False,False,,
34120200,https://img4.idealista.pt/blur/480_360_mq/0/id.pro.pt.image.master/32/45/da/281326463.webp,662907,9,,1250.0,"{'price': {'amount': 1250.0, 'currencySuffix': '€/mês'}}",flat,rent,44.0,1,1,travessa do Meio,Lisboa,São Vicente,São Vicente de Fora,pt,38.7137607,-9.1261708,False,https://www.idealista.pt/imovel/34120200/,"RESERVAS E PEDIDOS DE INFORMAÇÃO Para obter informações detalhadas e reservar online, clique abaixo do mapa em “Link Adicional”. TERMOS E CONDIÇÕES DE ALOJAMENTO: - Data de Disponibilidade: 01/10/2025 - Duração Mínima de Aluguer: 28 dias - Número Máximo de Hóspedes: 2 - Todas as Despesas Incluídas: Sim, para mais informações visite o site - Adicional:  - Animais de Estimação Não Permitido  - Fumadores Não Permitido DETALHES DA PROPRIEDADE Apartamento com 1 quarto  - Descrição da Propriedade na Uniplaces: Welcome to our charming 1-bedroom apartment in the heart of Alfama! This cozy retreat blends modern comfort with historic charm. Enjoy stunning views to Alfama. Perfect for solo travelers, couples, or friends exploring Lisbon's historic streets. Immerse yourself in the unique atmosphere of Alfama - book your stay now for an unforgettable Lisbon experience!  - Localização: Localizado on Santa Apolónia em Lisbon com uma variedade de opções de refeições, lojas essenciais e atividades para fazer, com fácil acesso aos transportes públicos. 1 quartos em Apartment com 1 casas de banho. Características  - Televisão por cabo  - Wi-Fi  - Microondas SOBRE A UNIPLACES O Seu Local de Confiança para Encontrar Casa Como uma plataforma online pioneira, a Uniplaces liga indivíduos, sejam estudantes, profissionais ou famílias, a uma variedade de alojamentos para arrendamento. O nosso compromisso vai para além das listagens - verificamos cada propriedade para garantir que cumpre os nossos rigorosos critérios de conforto e conveniência. Escolha a Uniplaces para uma jornada de arrendamento suave, fiável e com uma excelente relação qualidade-preço.",False,good,False,False,,28.0,{},{'typology': 'flat'},"{'subtitle': 'São Vicente, Lisboa', 'title': 'Apartamento na travessa do Meio'}",False,False,False,False,{},[],False,False,,
34120185,https://img4.idealista.pt/blur/480_360_mq/0/id.pro.pt.image.master/09/c0/cb/281326410.webp,170613,22,,1250.0,"{'price': {'amount': 1250.0, 'currencySuffix': '€/mês'}}",flat,rent,80.0,3,1,alameda das Linhas de Torres,Lisboa,Lumiar,Centro,pt,38.7612295,-9.1563407,False,https://www.idealista.pt/imovel/34120185/,"RESERVAS E PEDIDOS DE INFORMAÇÃO Para obter informações detalhadas e reservar online, clique abaixo do mapa em “Link Adicional”. TERMOS E CONDIÇÕES DE ALOJAMENTO: - Data de Disponibilidade: 01/10/2025 - Duração Mínima de Aluguer: 90 dias - Número Máximo de Hóspedes: 4 - Todas as Despesas Incluídas: Não, para mais informações visite o site - Adicional:  - Animais de Estimação Não Permitido  - Fumadores Não Permitido DETALHES DA PROPRIEDADE Apartamento com 3 quartos, com área exterior  - Descrição da Propriedade na Uniplaces: Bem vindo a Lisboa! Uma cidade que combina bom tempo, pessoas amigáveis, boa comida e uma vibração incrível. Portanto, temos certeza de que você terá uma experiência única. A questão é: estão prontos para um grande momento? Este apartamento em Telheiras parece reunir todos os recursos necessários para tornar a sua estadia maravilhosa. É um apartamento de três quartos totalmente mobiliado, que não fica longe da Cidade Universitária, o campus principal de Lisboa. Além disso, o apartamento fica perto de várias lojas, restaurantes e ligações de transportes, como a estação de metrô Campo Grande. Além disso, se você é um fã de futebol, o Estádio José Alvalade está próximo! Por favor, note que o serviço de limpeza, cobrado no check-out, tem um preço mínimo associado de setenta euros.  - Localização: Localizado on Telheiras em Lisbon com uma variedade de opções de refeições, lojas essenciais e atividades para fazer, com fácil acesso aos transportes públicos. 3 quartos em Apartment com 1 casas de banho. Características  - Wi-Fi  - Zona exterior  - Forno SOBRE A UNIPLACES O Seu Local de Confiança para Encontrar Casa Como uma plataforma online pioneira, a Uniplaces liga indivíduos, sejam estudantes, profissionais ou famílias, a uma variedade de alojamentos para arrendamento. O nosso compromisso vai para além das listagens - verificamos cada propriedade para garantir que cumpre os nossos rigorosos critérios de conforto e conveniência. Escolha a Uniplaces para uma jornada de arrendamento suave, fiável e com uma excelente relação qualidade-preço.",False,good,False,False,,16.0,{},{'typology': 'flat'},"{'subtitle': 'Lumiar, Lisboa', 'title': 'Apartamento na alameda das Linhas de Torres'}",False,False,False,False,{},[],False,False,,
34120146,https://img4.idealista.pt/blur/480_360_mq/0/id.pro.pt.image.master/6f/97/7a/281325974.webp,241744,7,,1200.0,"{'price': {'amount': 1200.0, 'currencySuffix': '€/mês'}}",flat,rent,43.0,1,1,rua Alexandre de Sá Pinto,Lisboa,Belém,Centro,pt,38.6990092,-9.1935628,False,https://www.idealista.pt/imovel/34120146/,"RESERVAS E PEDIDOS DE INFORMAÇÃO Para obter informações detalhadas e reservar online, clique abaixo do mapa em “Link Adicional”. TERMOS E CONDIÇÕES DE ALOJAMENTO: - Data de Disponibilidade: 30/09/2025 - Duração Mínima de Aluguer: 27 dias - Número Máximo de Hóspedes: 2 - Todas as Despesas Incluídas: Sim, para mais informações visite o site - Adicional:  - Animais de Estimação Não Permitido  - Fumadores Não Permitido DETALHES DA PROPRIEDADE Apartamento com 1 quarto  - Localização: Localizado on Belém em Lisbon com uma variedade de opções de refeições, lojas essenciais e atividades para fazer, com fácil acesso aos transportes públicos. 1 quartos em Apartment com 1 casas de banho. Características  - Wi-Fi  - Televisão por cabo  - Toalhas e lençóis  - Forno  - Microondas  - Máquina de lavar roupa  - Máquina de lavar louça SOBRE A UNIPLACES O Seu Local de Confiança para Encontrar Casa Como uma plataforma online pioneira, a Uniplaces liga indivíduos, sejam estudantes, profissionais ou famílias, a uma variedade de alojamentos para arrendamento. O nosso compromisso vai para além das listagens - verificamos cada propriedade para garantir que cumpre os nossos rigorosos critérios de conforto e conveniência. Escolha a Uniplaces para uma jornada de arrendamento suave, fiável e com uma excelente relação qualidade-preço.",False,good,False,False,,28.0,{},{'typology': 'flat'},"{'subtitle': 'Belém, Lisboa', 'title': 'Apartamento na rua Alexandre de Sá Pinto'}",False,False,False,False,{},[],False,False,,
34120181,https://img4.idealista.pt/blur/480_360_mq/0/id.pro.pt.image.master/4c/30/3d/281326080.webp,712437,8,,1200.0,"{'price': {'amount': 1200.0, 'currencySuffix': '€/mês'}}",studio,rent,50.0,0,1,beco dos Contrabandistas,Lisboa,Estrela,Doca de Alcântara,pt,38.7048693,-9.1690926,False,https://www.idealista.pt/imovel/34120181/,"RESERVAS E PEDIDOS DE INFORMAÇÃO Para obter informações detalhadas e reservar online, clique abaixo do mapa em “Link Adicional”. TERMOS E CONDIÇÕES DE ALOJAMENTO: - Data de Disponibilidade: 01/10/2025 - Duração Mínima de Aluguer: 180 dias - Número Máximo de Hóspedes: 2 - Todas as Despesas Incluídas: Não, para mais informações visite o site - Adicional:  - Animais de Estimação Não Permitido  - Fumadores Não Permitido DETALHES DA PROPRIEDADE Estúdio, com área exterior  - Localização: Localizado on Alcântara em Lisbon com uma variedade de opções de refeições, lojas essenciais e atividades para fazer, com fácil acesso aos transportes públicos. 0 quartos em Studio com 1 casas de banho. Características  - Zona exterior  - Forno  - Microondas SOBRE A UNIPLACES O Seu Local de Confiança para Encontrar Casa Como uma plataforma online pioneira, a Uniplaces liga indivíduos, sejam estudantes, profissionais ou famílias, a uma variedade de alojamentos para arrendamento. O nosso compromisso vai para além das listagens - verificamos cada propriedade para garantir que cumpre os nossos rigorosos critérios de conforto e conveniência. Escolha a Uniplaces para uma jornada de arrendamento suave, fiável e com uma excelente relação qualidade-preço.",False,good,False,False,,24.0,{},"{'typology': 'flat', 'subTypology': 'studio'}","{'subtitle': 'Estrela, Lisboa', 'title': 'T0 no beco dos Contrabandistas'}",False,False,False,False,{},[],False,False,,
34120160,https://img4.idealista.pt/blur/480_360_mq/0/id.pro.pt.image.master/b0/18/30/281326070.webp,239282,8,,1200.0,"{'price': {'amount': 1200.0, 'currencySuffix': '€/mês'}}",flat,rent,60.0,2,1,travessa da Bica aos Anjos,Lisboa,Arroios,Anjos,pt,38.7224884,-9.1356294,False,https://www.idealista.pt/imovel/34120160/,"RESERVAS E PEDIDOS DE INFORMAÇÃO Para obter informações detalhadas e reservar online, clique abaixo do mapa em “Link Adicional”. TERMOS E CONDIÇÕES DE ALOJAMENTO: - Data de Disponibilidade: 01/10/2025 - Duração Mínima de Aluguer: 27 dias - Número Máximo de Hóspedes: 3 - Todas as Despesas Incluídas: Não, para mais informações visite o site - Adicional:  - Animais de Estimação Permitido  - Fumadores Permitido DETALHES DA PROPRIEDADE Apartamento com 2 quartos Pet friendly  - Descrição da Propriedade na Uniplaces: Pequeno apartamento familiar ensolarado localizado no centro de Lisboa. Apesar disso, fica em uma rua muito tranquila, a uma curta caminhada de 2m da estação de metrô mais próxima - Intendente. As commodities incluem máquina de lavar roupa, geladeira, fogão elétrico e aquecimento elétrico. Roupa de cama e toalhas estão incluídas.  - Localização: Localizado on Intendente em Lisbon com uma variedade de opções de refeições, lojas essenciais e atividades para fazer, com fácil acesso aos transportes públicos. 2 quartos em Apartment com 1 casas de banho. Características  - Wi-Fi  - Toalhas e lençóis  - Forno  - Microondas  - Máquina de lavar roupa SOBRE A UNIPLACES O Seu Local de Confiança para Encontrar Casa Como uma plataforma online pioneira, a Uniplaces liga indivíduos, sejam estudantes, profissionais ou famílias, a uma variedade de alojamentos para arrendamento. O nosso compromisso vai para além das listagens - verificamos cada propriedade para garantir que cumpre os nossos rigorosos critérios de conforto e conveniência. Escolha a Uniplaces para uma jornada de arrendamento suave, fiável e com uma excelente relação qualidade-preço.",False,good,False,False,,20.0,{},{'typology': 'flat'},"{'subtitle': 'Arroios, Lisboa', 'title': 'Apartamento na travessa da Bica aos Anjos'}",False,False,False,False,{},[],False,False,,
34120180,https://img4.idealista.pt/blur/480_360_mq/0/id.pro.pt.image.master/a7/31/55/281326168.webp,29834,18,,1200.0,"{'price': {'amount': 1200.0, 'currencySuffix': '€/mês'}}",flat,rent,43.0,1,1,rua das Farinhas,Lisboa,Santa Maria Maior,Mouraria - Castelo,pt,38.7119864,-9.1363193,False,https://www.idealista.pt/imovel/34120180/,"RESERVAS E PEDIDOS DE INFORMAÇÃO Para obter informações detalhadas e reservar online, clique abaixo do mapa em “Link Adicional”. TERMOS E CONDIÇÕES DE ALOJAMENTO: - Data de Disponibilidade: 01/10/2025 - Duração Mínima de Aluguer: 60 dias - Número Máximo de Hóspedes: 2 - Todas as Despesas Incluídas: Não, para mais informações visite o site - Adicional:  - Animais de Estimação Não Permitido  - Fumadores Não Permitido DETALHES DA PROPRIEDADE Vintage apartamento de 1 quarto no bairro da Mouraria  - Descrição da Propriedade na Uniplaces: Estás a caminho de Lisboa para continuar os teus estudos e o que queres é viver no centro da cidade Não precisas de procurar mais! Este apartamento deslumbrante e popular na zona típica da Mouraria pode ser o mesmo que preciso! Perto de imensos locais culturais e ruas icônicas, temos a certeza de que aqui vais ter uma experiência autêntica da cidade! A propriedade tem um maravilhoso quarto duplo, uma sala de estar, uma cozinha moderna e uma casa de banho. A cozinha tem as comodidades necessárias para as suas aventuras culinárias e a sala de estar tem uma decoração vintage e um ambiente relaxante.  - Localização: Localizado on Mouraria em Lisbon com uma variedade de opções de refeições, lojas essenciais e atividades para fazer, com fácil acesso aos transportes públicos. 1 quartos em Apartment com 1 casas de banho. Características  - Wi-Fi  - Televisão por cabo  - Microondas  - Máquina de lavar roupa SOBRE A UNIPLACES O Seu Local de Confiança para Encontrar Casa Como uma plataforma online pioneira, a Uniplaces liga indivíduos, sejam estudantes, profissionais ou famílias, a uma variedade de alojamentos para arrendamento. O nosso compromisso vai para além das listagens - verificamos cada propriedade para garantir que cumpre os nossos rigorosos critérios de conforto e conveniência. Escolha a Uniplaces para uma jornada de arrendamento suave, fiável e com uma excelente relação qualidade-preço.",False,good,False,False,,28.0,{},{'typology': 'flat'},"{'subtitle': 'Santa Maria Maior, Lisboa', 'title': 'Apartamento na rua das Farinhas'}",False,False,False,False,{},[],False,False,,
34120128,https://img4.idealista.pt/blur/480_360_mq/0/id.pro.pt.image.master/4b/b9/bd/281326151.webp,228606,6,,1200.0,"{'price': {'amount': 1200.0, 'currencySuffix': '€/mês'}}",flat,rent,63.0,2,1,largo Severa,Lisboa,Santa Maria Maior,Mouraria - Castelo,pt,38.7141463,-9.1349035,False,https://www.idealista.pt/imovel/34120128/,"RESERVAS E PEDIDOS DE INFORMAÇÃO Para obter informações detalhadas e reservar online, clique abaixo do mapa em “Link Adicional”. TERMOS E CONDIÇÕES DE ALOJAMENTO: - Data de Disponibilidade: 01/10/2025 - Duração Mínima de Aluguer: 27 dias - Número Máximo de Hóspedes: 2 - Todas as Despesas Incluídas: Sim, para mais informações visite o site - Adicional:  - Animais de Estimação Não Permitido  - Fumadores Não Permitido DETALHES DA PROPRIEDADE Impressionante apartamento no animado Mouraria  - Descrição da Propriedade na Uniplaces: The accommodation Small and cozy apartment, one double bedroom, office, lounge, kitchen and bathroom. Well equipped with wardrobe, balcony. The surroundings Located in the historic center of Lisbon Mouraria, near the Castle of São Jorge, in downtown city. 5 minutes from Rossio Square and 10 minutes from the famous Praça do Comércio. Well served by public transport Metro, Bus, Train, Tram. About 1km from the Bairro Alto area of bars and restaurants, a picturesque old neighborhood in central Lisbon. Location In the center, 18 km from the beach, 6.5 km from the airport, 200 m to supermarket, 1.3 km to a river or lake, 850 m from the railway station, 100 m from the bus station, 450 m from the hospital, zone bars, family holidays, charming accommodation.  - Localização: Localizado on Mouraria em Lisbon com uma variedade de opções de refeições, lojas essenciais e atividades para fazer, com fácil acesso aos transportes públicos. 2 quartos em Apartment com 1 casas de banho. Características  - Wi-Fi  - Air condicionado  - Toalhas e lençóis  - Forno  - Microondas  - Máquina de lavar louça SOBRE A UNIPLACES O Seu Local de Confiança para Encontrar Casa Como uma plataforma online pioneira, a Uniplaces liga indivíduos, sejam estudantes, profissionais ou famílias, a uma variedade de alojamentos para arrendamento. O nosso compromisso vai para além das listagens - verificamos cada propriedade para garantir que cumpre os nossos rigorosos critérios de conforto e conveniência. Escolha a Uniplaces para uma jornada de arrendamento suave, fiável e com uma excelente relação qualidade-preço.",False,good,False,False,,19.0,{},{'typology': 'flat'},"{'subtitle': 'Santa Maria Maior, Lisboa', 'title': 'Apartamento no largo Severa'}",False,False,False,False,{},[],False,False,,
34120171,https://img4.idealista.pt/blur/480_360_mq/0/id.pro.pt.image.master/95/2f/73/281326054.webp,348421,9,,1200.0,"{'price': {'amount': 1200.0, 'currencySuffix': '€/mês'}}",flat,rent,35.0,1,1,rua de Ponta Delgada,Lisboa,Arroios,São Jorge de Arroios,pt,38.7324002,-9.1383601,False,https://www.idealista.pt/imovel/34120171/,"RESERVAS E PEDIDOS DE INFORMAÇÃO Para obter informações detalhadas e reservar online, clique abaixo do mapa em “Link Adicional”. TERMOS E CONDIÇÕES DE ALOJAMENTO: - Data de Disponibilidade: 01/10/2025 - Duração Mínima de Aluguer: 90 dias - Número Máximo de Hóspedes: 2 - Todas as Despesas Incluídas: Sim, para mais informações visite o site - Adicional:  - Animais de Estimação Não Permitido  - Fumadores Não Permitido DETALHES DA PROPRIEDADE Apartamento com 1 quarto, com área exterior  - Localização: Localizado on Arroios em Lisbon com uma variedade de opções de refeições, lojas essenciais e atividades para fazer, com fácil acesso aos transportes públicos. 1 quartos em Apartment com 1 casas de banho. Características  - Wi-Fi  - Toalhas e lençóis  - Forno  - Microondas  - Máquina de lavar roupa SOBRE A UNIPLACES O Seu Local de Confiança para Encontrar Casa Como uma plataforma online pioneira, a Uniplaces liga indivíduos, sejam estudantes, profissionais ou famílias, a uma variedade de alojamentos para arrendamento. O nosso compromisso vai para além das listagens - verificamos cada propriedade para garantir que cumpre os nossos rigorosos critérios de conforto e conveniência. Escolha a Uniplaces para uma jornada de arrendamento suave, fiável e com uma excelente relação qualidade-preço.",False,good,False,False,,34.0,{},{'typology': 'flat'},"{'subtitle': 'Estefânia, Lisboa', 'title': 'Apartamento na rua de Ponta Delgada'}",False,False,False,False,{},[],False,False,Estefânia,
34120170,https://img4.idealista.pt/blur/480_360_mq/0/id.pro.pt.image.master/21/51/e7/281325955.webp,55525,9,,1200.0,"{'price': {'amount': 1200.0, 'currencySuffix': '€/mês'}}",flat,rent,40.0,1,1,rua Paz à Ajuda,Lisboa,Ajuda,Calçada da Ajuda - Belém,pt,38.7013782,-9.199955,False,https://www.idealista.pt/imovel/34120170/,"RESERVAS E PEDIDOS DE INFORMAÇÃO Para obter informações detalhadas e reservar online, clique abaixo do mapa em “Link Adicional”. TERMOS E CONDIÇÕES DE ALOJAMENTO: - Data de Disponibilidade: 01/10/2025 - Duração Mínima de Aluguer: 27 dias - Número Máximo de Hóspedes: 2 - Todas as Despesas Incluídas: Sim, para mais informações visite o site - Adicional:  - Animais de Estimação Permitido  - Fumadores Não Permitido DETALHES DA PROPRIEDADE Duplex w/ outdoor Pateo for 2 in typical Ajuda Belém area. Friendly Neighborhood  - Descrição da Propriedade na Uniplaces: Localizado na zona histórica da Ajuda, perto de Belém, o Pateo da Paz é um aconchegante apartamento duplex de 40m2, com 1 quarto e capacidade para 2 pessoas. Também com um pátio exterior compartilhado muito agradável com móveis de jardim. Acesso aos principais transportes públicos, nomeadamente o autocarro 727 e os famosos bondes amarelos com ligação direta ao centro de Lisboa e ao centro histórico da cidade  - Localização: Localizado on Ajuda em Lisbon com uma variedade de opções de refeições, lojas essenciais e atividades para fazer, com fácil acesso aos transportes públicos. 1 quartos em Apartment com 1 casas de banho. Características  - Wi-Fi  - Televisão por cabo  - Zona exterior  - Toalhas e lençóis  - Microondas SOBRE A UNIPLACES O Seu Local de Confiança para Encontrar Casa Como uma plataforma online pioneira, a Uniplaces liga indivíduos, sejam estudantes, profissionais ou famílias, a uma variedade de alojamentos para arrendamento. O nosso compromisso vai para além das listagens - verificamos cada propriedade para garantir que cumpre os nossos rigorosos critérios de conforto e conveniência. Escolha a Uniplaces para uma jornada de arrendamento suave, fiável e com uma excelente relação qualidade-preço.",False,good,False,False,,30.0,{},{'typology': 'flat'},"{'subtitle': 'Ajuda, Lisboa', 'title': 'Apartamento na rua Paz à Ajuda'}",False,False,False,False,{},[],False,False,,
34120127,https://img4.idealista.pt/blur/480_360_mq/0/id.pro.pt.image.master/57/e0/7d/281325820.webp,73889,13,,1200.0,"{'price': {'amount': 1200.0, 'currencySuffix': '€/mês'}}",flat,rent,60.0,3,1,travessa Cruz do Desterro,Lisboa,Arroios,Pena,pt,38.7221349,-9.1367869,False,https://www.idealista.pt/imovel/34120127/,"RESERVAS E PEDIDOS DE INFORMAÇÃO Para obter informações detalhadas e reservar online, clique abaixo do mapa em “Link Adicional”. TERMOS E CONDIÇÕES DE ALOJAMENTO: - Data de Disponibilidade: 01/07/2025 - Duração Mínima de Aluguer: 90 dias - Número Máximo de Hóspedes: 4 - Todas as Despesas Incluídas: Não, para mais informações visite o site - Adicional:  - Animais de Estimação Não Permitido  - Fumadores Não Permitido DETALHES DA PROPRIEDADE Apartamento com 3 quartos  - Descrição da Propriedade na Uniplaces: Have you chosen Lisbon as the place where you will be doing your Erasmus program and prefer to live as close to the center of the city as possible with your friends You might want to take a look at this apartment in Martim Moniz. It is not far from the city center and is well supplied in amenities like supermarkets, cafes, bars and many ethnic restaurants if you are a food enthusiast. Check this place out. This apartment has three bedrooms, a bathroom and a kitchen. Modern, comfortable and pleasant - this accommodation is suitable for any student wishing to know about Lisbon. This place will be the starting point. So if all this made you imagine a good time, you got your answer. Go ahead!  - Localização: Localizado on Intendente em Lisbon com uma variedade de opções de refeições, lojas essenciais e atividades para fazer, com fácil acesso aos transportes públicos. 3 quartos em Apartment com 1 casas de banho. Características  - Wi-Fi  - Televisão por cabo  - Toalhas e lençóis  - Forno  - Máquina de lavar roupa SOBRE A UNIPLACES O Seu Local de Confiança para Encontrar Casa Como uma plataforma online pioneira, a Uniplaces liga indivíduos, sejam estudantes, profissionais ou famílias, a uma variedade de alojamentos para arrendamento. O nosso compromisso vai para além das listagens - verificamos cada propriedade para garantir que cumpre os nossos rigorosos critérios de conforto e conveniência. Escolha a Uniplaces para uma jornada de arrendamento suave, fiável e com uma excelente relação qualidade-preço.",False,good,False,False,,20.0,{},{'typology': 'flat'},"{'subtitle': 'Arroios, Lisboa', 'title': 'Apartamento na travessa Cruz do Desterro'}",False,False,False,False,{},[],False,False,,
34120097,https://img4.idealista.pt/blur/480_360_mq/0/id.pro.pt.image.master/84/e1/5b/281325764.webp,287334,13,,1150.0,"{'price': {'amount': 1150.0, 'currencySuffix': '€/mês'}}",flat,rent,55.0,1,1,Calçada da Boa Hora,Lisboa,Ajuda,Boa Hora,pt,38.7034779,-9.1917555,False,https://www.idealista.pt/imovel/34120097/,"RESERVAS E PEDIDOS DE INFORMAÇÃO Para obter informações detalhadas e reservar online, clique abaixo do mapa em “Link Adicional”. TERMOS E CONDIÇÕES DE ALOJAMENTO: - Data de Disponibilidade: 01/10/2025 - Duração Mínima de Aluguer: 180 dias - Número Máximo de Hóspedes: 2 - Todas as Despesas Incluídas: Sim, para mais informações visite o site - Adicional:  - Animais de Estimação Não Permitido  - Fumadores Não Permitido DETALHES DA PROPRIEDADE Apartamento renovado por arquiteta e muito bem localizado! Serviços e transportes a porta!  - Localização: Localizado on Ajuda em Lisbon com uma variedade de opções de refeições, lojas essenciais e atividades para fazer, com fácil acesso aos transportes públicos. 1 quartos em Apartment com 1 casas de banho. Características  - Wi-Fi  - Televisão por cabo  - Toalhas e lençóis  - Forno  - Microondas  - Máquina de lavar roupa  - Máquina de lavar louça SOBRE A UNIPLACES O Seu Local de Confiança para Encontrar Casa Como uma plataforma online pioneira, a Uniplaces liga indivíduos, sejam estudantes, profissionais ou famílias, a uma variedade de alojamentos para arrendamento. O nosso compromisso vai para além das listagens - verificamos cada propriedade para garantir que cumpre os nossos rigorosos critérios de conforto e conveniência. Escolha a Uniplaces para uma jornada de arrendamento suave, fiável e com uma excelente relação qualidade-preço.",False,good,False,False,,21.0,{},{'typology': 'flat'},"{'subtitle': 'Ajuda, Lisboa', 'title': 'Apartamento em Calçada da Boa Hora'}",False,False,False,False,{},[],False,False,,
34120153,https://img4.idealista.pt/blur/480_360_mq/0/id.pro.pt.image.master/4c/2f/04/281325793.webp,399810,9,,1150.0,"{'price': {'amount': 1150.0, 'currencySuffix': '€/mês'}}",flat,rent,42.0,1,1,rua da Rosa,Lisboa,Misericórdia,Bairro Alto,pt,38.7134458,-9.1458228,False,https://www.idealista.pt/imovel/34120153/,"RESERVAS E PEDIDOS DE INFORMAÇÃO Para obter informações detalhadas e reservar online, clique abaixo do mapa em “Link Adicional”. TERMOS E CONDIÇÕES DE ALOJAMENTO: - Data de Disponibilidade: 01/10/2025 - Duração Mínima de Aluguer: 90 dias - Número Máximo de Hóspedes: 2 - Todas as Despesas Incluídas: Não, para mais informações visite o site - Adicional:  - Animais de Estimação Não Permitido  - Fumadores Permitido DETALHES DA PROPRIEDADE Apartamento de charme, recuperado e mobilado com muita luz. Zona muito central.  - Localização: Localizado on Bairro Alto em Lisbon com uma variedade de opções de refeições, lojas essenciais e atividades para fazer, com fácil acesso aos transportes públicos. 1 quartos em Apartment com 1 casas de banho. Características  - Wi-Fi  - Aquecimento central  - Toalhas e lençóis  - Forno  - Microondas  - Máquina de lavar roupa SOBRE A UNIPLACES O Seu Local de Confiança para Encontrar Casa Como uma plataforma online pioneira, a Uniplaces liga indivíduos, sejam estudantes, profissionais ou famílias, a uma variedade de alojamentos para arrendamento. O nosso compromisso vai para além das listagens - verificamos cada propriedade para garantir que cumpre os nossos rigorosos critérios de conforto e conveniência. Escolha a Uniplaces para uma jornada de arrendamento suave, fiável e com uma excelente relação qualidade-preço.",False,good,False,False,,27.0,{},{'typology': 'flat'},"{'subtitle': 'Misericórdia, Lisboa', 'title': 'Apartamento na rua da Rosa'}",False,False,False,False,{},[],False,False,,
34120124,https://img4.idealista.pt/blur/480_360_mq/0/id.pro.pt.image.master/53/a7/e6/281325562.webp,65037,15,,1100.0,"{'price': {'amount': 1100.0, 'currencySuffix': '€/mês'}}",flat,rent,65.0,2,1,estrada de Chelas,Lisboa,Beato,,pt,38.7352309,-9.1178702,False,https://www.idealista.pt/imovel/34120124/,"RESERVAS E PEDIDOS DE INFORMAÇÃO Para obter informações detalhadas e reservar online, clique abaixo do mapa em “Link Adicional”. TERMOS E CONDIÇÕES DE ALOJAMENTO: - Data de Disponibilidade: 01/10/2025 - Duração Mínima de Aluguer: 180 dias - Número Máximo de Hóspedes: 4 - Todas as Despesas Incluídas: Não, para mais informações visite o site - Adicional:  - Animais de Estimação Não Permitido  - Fumadores Não Permitido DETALHES DA PROPRIEDADE Apartamento com 2 quartos - Beato  - Descrição da Propriedade na Uniplaces: Se procura um alojamento simpático e confortável a que pode chamar quotmeuquot durante os próximos meses, que tal este apartamento em Xabregas Além de estar perto da estação de metro das Olaias, também estará perto de alguns cafés, lojas e restaurantes típicos portugueses. Vamos, dê uma olhada! Temos certeza de que você vai adorar! O apartamento tem dois quartos, uma sala, uma cozinha e uma casa de banho. Com um ambiente renovado, este apartamento espera por si para fazer parte da sua nova aventura acadêmica na encantadora cidade de Lisboa! Por favor, observe que o serviço de limpeza pode ser solicitado por um custo adicional.  - Localização: Localizado on Xabregas em Lisbon com uma variedade de opções de refeições, lojas essenciais e atividades para fazer, com fácil acesso aos transportes públicos. 2 quartos em Apartment com 1 casas de banho. Características  - Wi-Fi  - Televisão por cabo  - Toalhas e lençóis  - Microondas  - Máquina de lavar roupa SOBRE A UNIPLACES O Seu Local de Confiança para Encontrar Casa Como uma plataforma online pioneira, a Uniplaces liga indivíduos, sejam estudantes, profissionais ou famílias, a uma variedade de alojamentos para arrendamento. O nosso compromisso vai para além das listagens - verificamos cada propriedade para garantir que cumpre os nossos rigorosos critérios de conforto e conveniência. Escolha a Uniplaces para uma jornada de arrendamento suave, fiável e com uma excelente relação qualidade-preço.",False,good,False,False,,17.0,{},{'typology': 'flat'},"{'subtitle': 'Beato, Lisboa', 'title': 'Apartamento na estrada de Chelas'}",False,False,False,False,{},[],False,False,,
34120138,https://img4.idealista.pt/blur/480_360_mq/0/id.pro.pt.image.master/1b/37/fb/281325425.webp,652123,10,,1100.0,"{'price': {'amount': 1100.0, 'currencySuffix': '€/mês'}}",flat,rent,42.0,1,1,rua do Regedor,Lisboa,Santa Maria Maior,Mouraria - Castelo,pt,38.7110137,-9.1352048,False,https://www.idealista.pt/imovel/34120138/,"RESERVAS E PEDIDOS DE INFORMAÇÃO Para obter informações detalhadas e reservar online, clique abaixo do mapa em “Link Adicional”. TERMOS E CONDIÇÕES DE ALOJAMENTO: - Data de Disponibilidade: 01/10/2025 - Duração Mínima de Aluguer: 27 dias - Número Máximo de Hóspedes: 2 - Todas as Despesas Incluídas: Não, para mais informações visite o site - Adicional:  - Animais de Estimação Não Permitido  - Fumadores Não Permitido DETALHES DA PROPRIEDADE Apartamento Charmoso no Coração de Lisboa na zona histórica de Lisboa  - Localização: Localizado on Mouraria em Lisbon com uma variedade de opções de refeições, lojas essenciais e atividades para fazer, com fácil acesso aos transportes públicos. 1 quartos em Apartment com 1 casas de banho. Características  - Wi-Fi  - Televisão por cabo  - Toalhas e lençóis  - Forno  - Microondas SOBRE A UNIPLACES O Seu Local de Confiança para Encontrar Casa Como uma plataforma online pioneira, a Uniplaces liga indivíduos, sejam estudantes, profissionais ou famílias, a uma variedade de alojamentos para arrendamento. O nosso compromisso vai para além das listagens - verificamos cada propriedade para garantir que cumpre os nossos rigorosos critérios de conforto e conveniência. Escolha a Uniplaces para uma jornada de arrendamento suave, fiável e com uma excelente relação qualidade-preço.",False,good,False,False,,26.0,{},{'typology': 'flat'},"{'subtitle': 'Santa Maria Maior, Lisboa', 'title': 'Apartamento na rua do Regedor'}",False,False,False,False,{},[],False,False,,
34120137,https://img4.idealista.pt/blur/480_360_mq/0/id.pro.pt.image.master/2d/0f/a5/281325414.webp,2026,23,,1100.0,"{'price': {'amount': 1100.0, 'currencySuffix': '€/mês'}}",chalet,rent,64.0,2,1,rua de São Bento,Lisboa,Santo António,Príncipe Real,pt,38.7152312,-9.1543903,False,https://www.idealista.pt/imovel/34120137/,"RESERVAS E PEDIDOS DE INFORMAÇÃO Para obter informações detalhadas e reservar online, clique abaixo do mapa em “Link Adicional”. TERMOS E CONDIÇÕES DE ALOJAMENTO: - Data de Disponibilidade: 30/06/2025 - Duração Mínima de Aluguer: 27 dias - Número Máximo de Hóspedes: 4 - Todas as Despesas Incluídas: Não, para mais informações visite o site - Adicional:  - Animais de Estimação Não Permitido  - Fumadores Não Permitido DETALHES DA PROPRIEDADE Casa moderna e com bastante iluminação com 2 quartos e área exterior em São Bento  - Localização: Localizado on São Bento em Lisbon com uma variedade de opções de refeições, lojas essenciais e atividades para fazer, com fácil acesso aos transportes públicos. 2 quartos em House com 1 casas de banho. Características  - Wi-Fi  - Zona exterior  - Microondas SOBRE A UNIPLACES O Seu Local de Confiança para Encontrar Casa Como uma plataforma online pioneira, a Uniplaces liga indivíduos, sejam estudantes, profissionais ou famílias, a uma variedade de alojamentos para arrendamento. O nosso compromisso vai para além das listagens - verificamos cada propriedade para garantir que cumpre os nossos rigorosos critérios de conforto e conveniência. Escolha a Uniplaces para uma jornada de arrendamento suave, fiável e com uma excelente relação qualidade-preço.",False,good,False,,,17.0,{},"{'typology': 'chalet', 'subTypology': 'andarMoradia'}","{'subtitle': 'Santo António, Lisboa', 'title': 'Andar de moradia na rua de São Bento'}",False,False,False,False,{},[],False,False,,
34120134,https://img4.idealista.pt/blur/480_360_mq/0/id.pro.pt.image.master/9a/27/0f/281325232.webp,66696,9,,1100.0,"{'price': {'amount': 1100.0, 'currencySuffix': '€/mês'}}",studio,rent,20.0,0,1,rua dos Mouros,Lisboa,Misericórdia,Bairro Alto,pt,38.7142753,-9.146446,False,https://www.idealista.pt/imovel/34120134/,"RESERVAS E PEDIDOS DE INFORMAÇÃO Para obter informações detalhadas e reservar online, clique abaixo do mapa em “Link Adicional”. TERMOS E CONDIÇÕES DE ALOJAMENTO: - Data de Disponibilidade: 01/10/2025 - Duração Mínima de Aluguer: 27 dias - Número Máximo de Hóspedes: 2 - Todas as Despesas Incluídas: Sim, para mais informações visite o site - Adicional:  - Animais de Estimação Não Permitido  - Fumadores Não Permitido DETALHES DA PROPRIEDADE Estúdio, com varanda  - Descrição da Propriedade na Uniplaces: Situado no Bairro Alto, este alegre estúdio é certamente uma ótima maneira de começar sua nova aventura acadêmica na animada cidade de Lisboa. A propriedade vem com uma área de quarto, uma cozinha e um banheiro. Se você quiser saber mais sobre este bairro, clique em Descubra mais sobre o Bairro Alto na seção de mapas abaixo!  - Localização: Localizado on Bairro Alto em Lisbon com uma variedade de opções de refeições, lojas essenciais e atividades para fazer, com fácil acesso aos transportes públicos. 0 quartos em Studio com 1 casas de banho. Características  - Wi-Fi  - Air condicionado  - Microondas SOBRE A UNIPLACES O Seu Local de Confiança para Encontrar Casa Como uma plataforma online pioneira, a Uniplaces liga indivíduos, sejam estudantes, profissionais ou famílias, a uma variedade de alojamentos para arrendamento. O nosso compromisso vai para além das listagens - verificamos cada propriedade para garantir que cumpre os nossos rigorosos critérios de conforto e conveniência. Escolha a Uniplaces para uma jornada de arrendamento suave, fiável e com uma excelente relação qualidade-preço.",False,good,False,False,,55.0,{},"{'typology': 'flat', 'subTypology': 'studio'}","{'subtitle': 'Misericórdia, Lisboa', 'title': 'T0 na rua dos Mouros'}",False,False,False,False,{},[],False,False,,
34120135,https://img4.idealista.pt/blur/480_360_mq/0/id.pro.pt.image.master/14/6b/ae/281325283.webp,66692,9,,1100.0,"{'price': {'amount': 1100.0, 'currencySuffix': '€/mês'}}",studio,rent,25.0,0,1,rua dos Mouros,Lisboa,Misericórdia,Bairro Alto,pt,38.7130353,-9.1445676,False,https://www.idealista.pt/imovel/34120135/,"RESERVAS E PEDIDOS DE INFORMAÇÃO Para obter informações detalhadas e reservar online, clique abaixo do mapa em “Link Adicional”. TERMOS E CONDIÇÕES DE ALOJAMENTO: - Data de Disponibilidade: 01/10/2025 - Duração Mínima de Aluguer: 27 dias - Número Máximo de Hóspedes: 1 - Todas as Despesas Incluídas: Sim, para mais informações visite o site - Adicional:  - Animais de Estimação Não Permitido  - Fumadores Não Permitido DETALHES DA PROPRIEDADE Estúdio, com varanda  - Descrição da Propriedade na Uniplaces: Confira este lindo estúdio localizado no Bairro Alto - um dos bairros mais ativos e populares de Lisboa! Este apartamento tem uma área de quarto, uma cozinha e uma casa de banho. Se você quiser saber mais sobre este bairro, clique em Descubra mais sobre o Bairro Alto na seção de mapas abaixo!  - Localização: Localizado on Bairro Alto em Lisbon com uma variedade de opções de refeições, lojas essenciais e atividades para fazer, com fácil acesso aos transportes públicos. 0 quartos em Studio com 1 casas de banho. Características  - Wi-Fi  - Air condicionado  - Toalhas e lençóis  - Microondas SOBRE A UNIPLACES O Seu Local de Confiança para Encontrar Casa Como uma plataforma online pioneira, a Uniplaces liga indivíduos, sejam estudantes, profissionais ou famílias, a uma variedade de alojamentos para arrendamento. O nosso compromisso vai para além das listagens - verificamos cada propriedade para garantir que cumpre os nossos rigorosos critérios de conforto e conveniência. Escolha a Uniplaces para uma jornada de arrendamento suave, fiável e com uma excelente relação qualidade-preço.",False,good,False,False,,44.0,{},"{'typology': 'flat', 'subTypology': 'studio'}","{'subtitle': 'Misericórdia, Lisboa', 'title': 'T0 na rua dos Mouros'}",False,False,False,False,{},[],False,False,,
34120133,https://img4.idealista.pt/blur/480_360_mq/0/id.pro.pt.image.master/8b/6d/e6/281325257.webp,765140,13,,1100.0,"{'price': {'amount': 1100.0, 'currencySuffix': '€/mês'}}",studio,rent,35.0,0,1,rua João do Outeiro,Lisboa,Santa Maria Maior,Mouraria - Castelo,pt,38.7138377,-9.1342246,False,https://www.idealista.pt/imovel/34120133/,"RESERVAS E PEDIDOS DE INFORMAÇÃO Para obter informações detalhadas e reservar online, clique abaixo do mapa em “Link Adicional”. TERMOS E CONDIÇÕES DE ALOJAMENTO: - Data de Disponibilidade: 01/10/2025 - Duração Mínima de Aluguer: 30 dias - Número Máximo de Hóspedes: 2 - Todas as Despesas Incluídas: Não, para mais informações visite o site - Adicional:  - Animais de Estimação Não Permitido  - Fumadores Não Permitido DETALHES DA PROPRIEDADE Estúdio Remodelado na Mouraria  - Localização: Localizado on Mouraria em Lisbon com uma variedade de opções de refeições, lojas essenciais e atividades para fazer, com fácil acesso aos transportes públicos. 0 quartos em Studio com 1 casas de banho. Características  - Televisão por cabo  - Wi-Fi  - Toalhas e lençóis SOBRE A UNIPLACES O Seu Local de Confiança para Encontrar Casa Como uma plataforma online pioneira, a Uniplaces liga indivíduos, sejam estudantes, profissionais ou famílias, a uma variedade de alojamentos para arrendamento. O nosso compromisso vai para além das listagens - verificamos cada propriedade para garantir que cumpre os nossos rigorosos critérios de conforto e conveniência. Escolha a Uniplaces para uma jornada de arrendamento suave, fiável e com uma excelente relação qualidade-preço.",False,good,False,False,,31.0,{},"{'typology': 'flat', 'subTypology': 'studio'}","{'subtitle': 'Santa Maria Maior, Lisboa', 'title': 'T0 na rua João do Outeiro'}",False,False,False,False,{},[],False,False,,
34120118,https://img4.idealista.pt/blur/480_360_mq/0/id.pro.pt.image.master/8a/10/d8/281325180.webp,281176,14,,1050.0,"{'price': {'amount': 1050.0, 'currencySuffix': '€/mês'}}",chalet,rent,43.0,1,1,rua Andrea,Lisboa,Marvila,,pt,38.7461362,-9.1017224,False,https://www.idealista.pt/imovel/34120118/,"RESERVAS E PEDIDOS DE INFORMAÇÃO Para obter informações detalhadas e reservar online, clique abaixo do mapa em “Link Adicional”. TERMOS E CONDIÇÕES DE ALOJAMENTO: - Data de Disponibilidade: 18/09/2025 - Duração Mínima de Aluguer: 27 dias - Número Máximo de Hóspedes: 4 - Todas as Despesas Incluídas: Sim, para mais informações visite o site - Adicional:  - Animais de Estimação Não Permitido  - Fumadores Não Permitido DETALHES DA PROPRIEDADE Pleasant 1-bedroom flat in Parque das Nações  - Localização: Localizado on Park of Nations em Lisbon com uma variedade de opções de refeições, lojas essenciais e atividades para fazer, com fácil acesso aos transportes públicos. 1 quartos em House com 1 casas de banho. Características  - Wi-Fi  - Televisão por cabo  - Air condicionado  - Zona exterior  - Forno  - Máquina de lavar roupa  - Máquina de lavar louça SOBRE A UNIPLACES O Seu Local de Confiança para Encontrar Casa Como uma plataforma online pioneira, a Uniplaces liga indivíduos, sejam estudantes, profissionais ou famílias, a uma variedade de alojamentos para arrendamento. O nosso compromisso vai para além das listagens - verificamos cada propriedade para garantir que cumpre os nossos rigorosos critérios de conforto e conveniência. Escolha a Uniplaces para uma jornada de arrendamento suave, fiável e com uma excelente relação qualidade-preço.",False,good,False,,,24.0,{},"{'typology': 'chalet', 'subTypology': 'andarMoradia'}","{'subtitle': 'Marvila, Lisboa', 'title': 'Andar de moradia na rua Andrea'}",False,False,False,False,{},[],False,False,,
34120104,https://img4.idealista.pt/blur/480_360_mq/0/id.pro.pt.image.master/53/8a/bd/281325194.webp,177701,7,,1050.0,"{'price': {'amount': 1050.0, 'currencySuffix': '€/mês'}}",flat,rent,35.0,1,1,rua do Vale de Santo António,Lisboa,São Vicente,Santa Engrácia,pt,38.7194782,-9.1232542,False,https://www.idealista.pt/imovel/34120104/,"RESERVAS E PEDIDOS DE INFORMAÇÃO Para obter informações detalhadas e reservar online, clique abaixo do mapa em “Link Adicional”. TERMOS E CONDIÇÕES DE ALOJAMENTO: - Data de Disponibilidade: 01/10/2025 - Duração Mínima de Aluguer: 180 dias - Número Máximo de Hóspedes: 1 - Todas as Despesas Incluídas: Não, para mais informações visite o site - Adicional:  - Animais de Estimação Não Permitido  - Fumadores Não Permitido DETALHES DA PROPRIEDADE Ótimo apartamento com 1 quarto na bem conectada Santa Apolónia  - Descrição da Propriedade na Uniplaces: Indo para Lisboa para continuar seus estudos e precisar de um lugar para morar e fazer amigos Este apartamento de um quarto em Santa Apolónia - próximo ao núcleo central da cidade - pode ser a escolha certa para você! Este apartamento também tem uma sala de estar, cozinha e banheiro. O apartamento tem uma decoração moderna e bem composta e móveis simples, mas muito confortáveis. Certifique-se de não perder! Uma pessoa extra paga mais 50 euros.  - Localização: Localizado on Santa Apolónia em Lisbon com uma variedade de opções de refeições, lojas essenciais e atividades para fazer, com fácil acesso aos transportes públicos. 1 quartos em Apartment com 1 casas de banho. Características  - Wi-Fi  - Televisão por cabo  - Toalhas e lençóis  - Forno  - Microondas  - Máquina de lavar roupa SOBRE A UNIPLACES O Seu Local de Confiança para Encontrar Casa Como uma plataforma online pioneira, a Uniplaces liga indivíduos, sejam estudantes, profissionais ou famílias, a uma variedade de alojamentos para arrendamento. O nosso compromisso vai para além das listagens - verificamos cada propriedade para garantir que cumpre os nossos rigorosos critérios de conforto e conveniência. Escolha a Uniplaces para uma jornada de arrendamento suave, fiável e com uma excelente relação qualidade-preço.",False,good,False,False,,30.0,{},{'typology': 'flat'},"{'subtitle': 'São Vicente, Lisboa', 'title': 'Apartamento na rua do Vale de Santo António'}",False,False,False,False,{},[],False,False,,
34120131,https://img4.idealista.pt/blur/480_360_mq/0/id.pro.pt.image.master/fd/af/71/281325187.webp,46328,10,,1050.0,"{'price': {'amount': 1050.0, 'currencySuffix': '€/mês'}}",flat,rent,30.0,1,1,Caracol da Graça,Lisboa,São Vicente,Graça,pt,38.7182115,-9.1316253,False,https://www.idealista.pt/imovel/34120131/,"RESERVAS E PEDIDOS DE INFORMAÇÃO Para obter informações detalhadas e reservar online, clique abaixo do mapa em “Link Adicional”. TERMOS E CONDIÇÕES DE ALOJAMENTO: - Data de Disponibilidade: 01/10/2025 - Duração Mínima de Aluguer: 120 dias - Número Máximo de Hóspedes: 2 - Todas as Despesas Incluídas: Não, para mais informações visite o site - Adicional:  - Animais de Estimação Não Permitido  - Fumadores Não Permitido DETALHES DA PROPRIEDADE Confortável e acolhedor apartamento com 1 quarto perto da estação de metro do Martim Moniz (Graça)  - Localização: Localizado on Graça em Lisbon com uma variedade de opções de refeições, lojas essenciais e atividades para fazer, com fácil acesso aos transportes públicos. 1 quartos em Apartment com 1 casas de banho. Características  - Wi-Fi  - Televisão por cabo  - Toalhas e lençóis  - Forno  - Microondas  - Máquina de lavar roupa SOBRE A UNIPLACES O Seu Local de Confiança para Encontrar Casa Como uma plataforma online pioneira, a Uniplaces liga indivíduos, sejam estudantes, profissionais ou famílias, a uma variedade de alojamentos para arrendamento. O nosso compromisso vai para além das listagens - verificamos cada propriedade para garantir que cumpre os nossos rigorosos critérios de conforto e conveniência. Escolha a Uniplaces para uma jornada de arrendamento suave, fiável e com uma excelente relação qualidade-preço.",False,good,False,False,,35.0,{},{'typology': 'flat'},"{'subtitle': 'São Vicente, Lisboa', 'title': 'Apartamento em Caracol da Graça'}",False,False,False,False,{},[],False,False,,
34120103,https://img4.idealista.pt/blur/480_360_mq/0/id.pro.pt.image.master/89/6a/d3/281324645.webp,133590,21,,1050.0,"{'price': {'amount': 1050.0, 'currencySuffix': '€/mês'}}",flat,rent,45.0,1,1,rua dos Lagares,Lisboa,Santa Maria Maior,Mouraria - Castelo,pt,38.7156555,-9.1306764,False,https://www.idealista.pt/imovel/34120103/,"RESERVAS E PEDIDOS DE INFORMAÇÃO Para obter informações detalhadas e reservar online, clique abaixo do mapa em “Link Adicional”. TERMOS E CONDIÇÕES DE ALOJAMENTO: - Data de Disponibilidade: 01/10/2025 - Duração Mínima de Aluguer: 27 dias - Número Máximo de Hóspedes: 2 - Todas as Despesas Incluídas: Sim, para mais informações visite o site - Adicional:  - Animais de Estimação Não Permitido  - Fumadores Não Permitido DETALHES DA PROPRIEDADE Apartamento com 1 quarto  - Localização: Localizado on Graça em Lisbon com uma variedade de opções de refeições, lojas essenciais e atividades para fazer, com fácil acesso aos transportes públicos. 1 quartos em Apartment com 1 casas de banho. Características  - Wi-Fi  - Televisão por cabo  - Toalhas e lençóis  - Microondas  - Máquina de lavar roupa SOBRE A UNIPLACES O Seu Local de Confiança para Encontrar Casa Como uma plataforma online pioneira, a Uniplaces liga indivíduos, sejam estudantes, profissionais ou famílias, a uma variedade de alojamentos para arrendamento. O nosso compromisso vai para além das listagens - verificamos cada propriedade para garantir que cumpre os nossos rigorosos critérios de conforto e conveniência. Escolha a Uniplaces para uma jornada de arrendamento suave, fiável e com uma excelente relação qualidade-preço.",False,good,False,False,,23.0,{},{'typology': 'flat'},"{'subtitle': 'Santa Maria Maior, Lisboa', 'title': 'Apartamento na rua dos Lagares'}",False,False,False,False,{},[],False,False,,
34120083,https://img4.idealista.pt/blur/480_360_mq/0/id.pro.pt.image.master/8a/82/d3/281324313.webp,1169,15,,1000.0,"{'price': {'amount': 1000.0, 'currencySuffix': '€/mês'}}",flat,rent,30.0,1,1,beco da Cardosa,Lisboa,Santa Maria Maior,Alfama,pt,38.7098072,-9.1298884,False,https://www.idealista.pt/imovel/34120083/,"RESERVAS E PEDIDOS DE INFORMAÇÃO Para obter informações detalhadas e reservar online, clique abaixo do mapa em “Link Adicional”. TERMOS E CONDIÇÕES DE ALOJAMENTO: - Data de Disponibilidade: 03/09/2025 - Duração Mínima de Aluguer: 160 dias - Número Máximo de Hóspedes: 2 - Todas as Despesas Incluídas: Não, para mais informações visite o site - Adicional:  - Animais de Estimação Não Permitido  - Fumadores Não Permitido DETALHES DA PROPRIEDADE 2 guest apartment, central Alfama  - Localização: Localizado on Alfama em Lisbon com uma variedade de opções de refeições, lojas essenciais e atividades para fazer, com fácil acesso aos transportes públicos. 1 quartos em Apartment com 1 casas de banho. Características  - Wi-Fi  - Televisão por cabo  - Forno  - Microondas  - Máquina de lavar roupa SOBRE A UNIPLACES O Seu Local de Confiança para Encontrar Casa Como uma plataforma online pioneira, a Uniplaces liga indivíduos, sejam estudantes, profissionais ou famílias, a uma variedade de alojamentos para arrendamento. O nosso compromisso vai para além das listagens - verificamos cada propriedade para garantir que cumpre os nossos rigorosos critérios de conforto e conveniência. Escolha a Uniplaces para uma jornada de arrendamento suave, fiável e com uma excelente relação qualidade-preço.",False,good,False,False,,33.0,{},{'typology': 'flat'},"{'subtitle': 'Santa Maria Maior, Lisboa', 'title': 'Apartamento no beco da Cardosa'}",False,False,False,False,{},[],False,False,,
34119996,https://img4.idealista.pt/blur/480_360_mq/0/id.pro.pt.image.master/57/51/f7/281324298.webp,739791,13,,990.0,"{'price': {'amount': 990.0, 'currencySuffix': '€/mês'}}",studio,rent,25.0,0,1,rua Gomes Freire,Lisboa,Arroios,Pena,pt,38.7227332,-9.1395158,False,https://www.idealista.pt/imovel/34119996/,"RESERVAS E PEDIDOS DE INFORMAÇÃO Para obter informações detalhadas e reservar online, clique abaixo do mapa em “Link Adicional”. TERMOS E CONDIÇÕES DE ALOJAMENTO: - Data de Disponibilidade: 01/10/2025 - Duração Mínima de Aluguer: 28 dias - Número Máximo de Hóspedes: 3 - Todas as Despesas Incluídas: Sim, para mais informações visite o site - Adicional:  - Animais de Estimação Não Permitido  - Fumadores Não Permitido DETALHES DA PROPRIEDADE Estúdio  - Localização: Localizado on Penha em Lisbon com uma variedade de opções de refeições, lojas essenciais e atividades para fazer, com fácil acesso aos transportes públicos. 0 quartos em Studio com 1 casas de banho. Características  - Accessibilidade  - Televisão por cabo  - Wi-Fi  - Máquina de lavar roupa  - Microondas SOBRE A UNIPLACES O Seu Local de Confiança para Encontrar Casa Como uma plataforma online pioneira, a Uniplaces liga indivíduos, sejam estudantes, profissionais ou famílias, a uma variedade de alojamentos para arrendamento. O nosso compromisso vai para além das listagens - verificamos cada propriedade para garantir que cumpre os nossos rigorosos critérios de conforto e conveniência. Escolha a Uniplaces para uma jornada de arrendamento suave, fiável e com uma excelente relação qualidade-preço.",False,good,False,False,,40.0,{},"{'typology': 'flat', 'subTypology': 'studio'}","{'subtitle': 'Arroios, Lisboa', 'title': 'T0 na rua Gomes Freire'}",False,False,False,False,{},[],False,False,,
34120055,https://img4.idealista.pt/blur/480_360_mq/0/id.pro.pt.image.master/07/51/da/281324223.webp,44656,14,,990.0,"{'price': {'amount': 990.0, 'currencySuffix': '€/mês'}}",flat,rent,40.0,1,1,rua da Mãe de Água,Lisboa,Santo António,Príncipe Real,pt,38.7162936,-9.1482062,False,https://www.idealista.pt/imovel/34120055/,"RESERVAS E PEDIDOS DE INFORMAÇÃO Para obter informações detalhadas e reservar online, clique abaixo do mapa em “Link Adicional”. TERMOS E CONDIÇÕES DE ALOJAMENTO: - Data de Disponibilidade: 01/10/2025 - Duração Mínima de Aluguer: 27 dias - Número Máximo de Hóspedes: 2 - Todas as Despesas Incluídas: Sim, para mais informações visite o site - Adicional:  - Animais de Estimação Não Permitido  - Fumadores Não Permitido DETALHES DA PROPRIEDADE Apartamento com 1 quarto  - Descrição da Propriedade na Uniplaces: Este apartamento em Lisboa está disponível para alugar. A propriedade possui uma variedade de comodidades desejáveis que melhoram a experiência geral de vida.  - Localização: Localizado on Principe Real em Lisbon com uma variedade de opções de refeições, lojas essenciais e atividades para fazer, com fácil acesso aos transportes públicos. 1 quartos em Apartment com 1 casas de banho. Características  - Wi-Fi  - Televisão por cabo  - Air condicionado  - Toalhas e lençóis SOBRE A UNIPLACES O Seu Local de Confiança para Encontrar Casa Como uma plataforma online pioneira, a Uniplaces liga indivíduos, sejam estudantes, profissionais ou famílias, a uma variedade de alojamentos para arrendamento. O nosso compromisso vai para além das listagens - verificamos cada propriedade para garantir que cumpre os nossos rigorosos critérios de conforto e conveniência. Escolha a Uniplaces para uma jornada de arrendamento suave, fiável e com uma excelente relação qualidade-preço.",False,good,False,False,,25.0,{},{'typology': 'flat'},"{'subtitle': 'Santo António, Lisboa', 'title': 'Apartamento na rua da Mãe de Água'}",False,False,False,False,{},[],False,False,,
34120081,https://img4.idealista.pt/blur/480_360_mq/0/id.pro.pt.image.master/22/68/c0/281324240.webp,38355,7,,990.0,"{'price': {'amount': 990.0, 'currencySuffix': '€/mês'}}",flat,rent,63.0,2,1,largo das Olarias,Lisboa,Santa Maria Maior,Mouraria - Castelo,pt,38.7153264,-9.1341984,False,https://www.idealista.pt/imovel/34120081/,"RESERVAS E PEDIDOS DE INFORMAÇÃO Para obter informações detalhadas e reservar online, clique abaixo do mapa em “Link Adicional”. TERMOS E CONDIÇÕES DE ALOJAMENTO: - Data de Disponibilidade: 01/10/2025 - Duração Mínima de Aluguer: 27 dias - Número Máximo de Hóspedes: 2 - Todas as Despesas Incluídas: Sim, para mais informações visite o site - Adicional:  - Animais de Estimação Não Permitido  - Fumadores Não Permitido DETALHES DA PROPRIEDADE Fabulous 2-bedroom flat close to Martim Moniz metro station  - Localização: Localizado on Graça em Lisbon com uma variedade de opções de refeições, lojas essenciais e atividades para fazer, com fácil acesso aos transportes públicos. 2 quartos em Apartment com 1 casas de banho. Características  - Wi-Fi  - Televisão por cabo  - Toalhas e lençóis  - Microondas  - Máquina de lavar roupa SOBRE A UNIPLACES O Seu Local de Confiança para Encontrar Casa Como uma plataforma online pioneira, a Uniplaces liga indivíduos, sejam estudantes, profissionais ou famílias, a uma variedade de alojamentos para arrendamento. O nosso compromisso vai para além das listagens - verificamos cada propriedade para garantir que cumpre os nossos rigorosos critérios de conforto e conveniência. Escolha a Uniplaces para uma jornada de arrendamento suave, fiável e com uma excelente relação qualidade-preço.",False,good,False,False,,16.0,{},{'typology': 'flat'},"{'subtitle': 'Santa Maria Maior, Lisboa', 'title': 'Apartamento no largo das Olarias'}",False,False,False,False,{},[],False,False,,
34120090,https://img4.idealista.pt/blur/480_360_mq/0/id.pro.pt.image.master/32/e6/d5/281324252.webp,563502,6,,990.0,"{'price': {'amount': 990.0, 'currencySuffix': '€/mês'}}",flat,rent,35.0,1,1,rua do Vale de Santo António,Lisboa,São Vicente,Santa Engrácia,pt,38.7207252,-9.1261996,False,https://www.idealista.pt/imovel/34120090/,"RESERVAS E PEDIDOS DE INFORMAÇÃO Para obter informações detalhadas e reservar online, clique abaixo do mapa em “Link Adicional”. TERMOS E CONDIÇÕES DE ALOJAMENTO: - Data de Disponibilidade: 01/10/2025 - Duração Mínima de Aluguer: 27 dias - Número Máximo de Hóspedes: 2 - Todas as Despesas Incluídas: Sim, para mais informações visite o site - Adicional:  - Animais de Estimação Não Permitido  - Fumadores Não Permitido DETALHES DA PROPRIEDADE Apartamento com 1 quarto, em Santa Apolónia  - Localização: Localizado on Santa Apolónia em Lisbon com uma variedade de opções de refeições, lojas essenciais e atividades para fazer, com fácil acesso aos transportes públicos. 1 quartos em Apartment com 1 casas de banho. Características  - Wi-Fi  - Toalhas e lençóis  - Forno  - Microondas SOBRE A UNIPLACES O Seu Local de Confiança para Encontrar Casa Como uma plataforma online pioneira, a Uniplaces liga indivíduos, sejam estudantes, profissionais ou famílias, a uma variedade de alojamentos para arrendamento. O nosso compromisso vai para além das listagens - verificamos cada propriedade para garantir que cumpre os nossos rigorosos critérios de conforto e conveniência. Escolha a Uniplaces para uma jornada de arrendamento suave, fiável e com uma excelente relação qualidade-preço.",False,good,False,False,,28.0,{},{'typology': 'flat'},"{'subtitle': 'São Vicente, Lisboa', 'title': 'Apartamento na rua do Vale de Santo António'}",False,False,False,False,{},[],False,False,,
34120079,https://img4.idealista.pt/blur/480_360_mq/0/id.pro.pt.image.master/55/15/18/281324098.webp,95300,8,,960.0,"{'price': {'amount': 960.0, 'currencySuffix': '€/mês'}}",studio,rent,16.0,0,1,travessa de Palma,Lisboa,São Domingos de Benfica,Laranjeiras,pt,38.7489407,-9.1684019,False,https://www.idealista.pt/imovel/34120079/,"RESERVAS E PEDIDOS DE INFORMAÇÃO Para obter informações detalhadas e reservar online, clique abaixo do mapa em “Link Adicional”. TERMOS E CONDIÇÕES DE ALOJAMENTO: - Data de Disponibilidade: 01/10/2025 - Duração Mínima de Aluguer: 140 dias - Número Máximo de Hóspedes: 1 - Todas as Despesas Incluídas: Sim, para mais informações visite o site - Adicional:  - Animais de Estimação Não Permitido  - Fumadores Não Permitido DETALHES DA PROPRIEDADE Master Studio  - Descrição da Propriedade na Uniplaces: Tentando encontrar um lugar adequado em Lisboa, para sua nova aventura? Que tal algo confortável, bem localizado e com boas vibrações? Não perca este apartamento acolhedor no bairro Sete Rios! Além disso, você não estará longe da estação de metro de Laranjeiras. Este apartamento oferece um quarto bem parecido, um banheiro e uma cozinha agradável. A propriedade possui uma máquina de lavar e secar roupa paga na área comum. Todo o lugar parece arrumado e confortável. Você estará localizado em uma área agradável, perto de ligações de transportes e muito perto da Universidade Católica Portuguesa!  - Localização: Localizado on Sete Rios em Lisbon com uma variedade de opções de refeições, lojas essenciais e atividades para fazer, com fácil acesso aos transportes públicos. 0 quartos em Studio com 1 casas de banho. Características  - Wi-Fi  - Aquecimento central  - Microondas SOBRE A UNIPLACES O Seu Local de Confiança para Encontrar Casa Como uma plataforma online pioneira, a Uniplaces liga indivíduos, sejam estudantes, profissionais ou famílias, a uma variedade de alojamentos para arrendamento. O nosso compromisso vai para além das listagens - verificamos cada propriedade para garantir que cumpre os nossos rigorosos critérios de conforto e conveniência. Escolha a Uniplaces para uma jornada de arrendamento suave, fiável e com uma excelente relação qualidade-preço.",False,good,False,False,,60.0,{},"{'typology': 'flat', 'subTypology': 'studio'}","{'subtitle': 'São Domingos de Benfica, Lisboa', 'title': 'T0 na travessa de Palma'}",False,False,False,False,{},[],False,False,,
34120070,https://img4.idealista.pt/blur/480_360_mq/0/id.pro.pt.image.master/d3/b3/7f/281323946.webp,44604,11,,950.0,"{'price': {'amount': 950.0, 'currencySuffix': '€/mês'}}",flat,rent,42.0,1,1,rua Eugénio de Castro,Lisboa,Alvalade,Campo Grande,pt,38.7541272,-9.1486493,False,https://www.idealista.pt/imovel/34120070/,"RESERVAS E PEDIDOS DE INFORMAÇÃO Para obter informações detalhadas e reservar online, clique abaixo do mapa em “Link Adicional”. TERMOS E CONDIÇÕES DE ALOJAMENTO: - Data de Disponibilidade: 01/10/2025 - Duração Mínima de Aluguer: 80 dias - Número Máximo de Hóspedes: 2 - Todas as Despesas Incluídas: Sim, para mais informações visite o site - Adicional:  - Animais de Estimação Não Permitido  - Fumadores Não Permitido DETALHES DA PROPRIEDADE Apartamento com 1 quarto  - Localização: Localizado on Alvalade em Lisbon com uma variedade de opções de refeições, lojas essenciais e atividades para fazer, com fácil acesso aos transportes públicos. 1 quartos em Apartment com 1 casas de banho. Características  - Wi-Fi  - Televisão por cabo  - Zona exterior  - Toalhas e lençóis  - Forno  - Microondas  - Máquina de lavar roupa SOBRE A UNIPLACES O Seu Local de Confiança para Encontrar Casa Como uma plataforma online pioneira, a Uniplaces liga indivíduos, sejam estudantes, profissionais ou famílias, a uma variedade de alojamentos para arrendamento. O nosso compromisso vai para além das listagens - verificamos cada propriedade para garantir que cumpre os nossos rigorosos critérios de conforto e conveniência. Escolha a Uniplaces para uma jornada de arrendamento suave, fiável e com uma excelente relação qualidade-preço.",False,good,False,False,,23.0,{},{'typology': 'flat'},"{'subtitle': 'Alvalade, Lisboa', 'title': 'Apartamento na rua Eugénio de Castro'}",False,False,False,False,{},[],False,False,,
34120069,https://img4.idealista.pt/blur/480_360_mq/0/id.pro.pt.image.master/84/4a/e0/281323893.webp,313991,7,,950.0,"{'price': {'amount': 950.0, 'currencySuffix': '€/mês'}}",studio,rent,26.0,0,1,Pátio Galega,Lisboa,Misericórdia,Santa Catarina,pt,38.7082798,-9.1514233,False,https://www.idealista.pt/imovel/34120069/,"RESERVAS E PEDIDOS DE INFORMAÇÃO Para obter informações detalhadas e reservar online, clique abaixo do mapa em “Link Adicional”. TERMOS E CONDIÇÕES DE ALOJAMENTO: - Data de Disponibilidade: 25/09/2025 - Duração Mínima de Aluguer: 30 dias - Número Máximo de Hóspedes: 2 - Todas as Despesas Incluídas: Não, para mais informações visite o site - Adicional:  - Animais de Estimação Não Permitido  - Fumadores Não Permitido DETALHES DA PROPRIEDADE Estúdio, com área exterior  - Localização: Localizado on Bairro Alto em Lisbon com uma variedade de opções de refeições, lojas essenciais e atividades para fazer, com fácil acesso aos transportes públicos. 0 quartos em Studio com 1 casas de banho. Características  - Wi-Fi  - Televisão por cabo  - Zona exterior SOBRE A UNIPLACES O Seu Local de Confiança para Encontrar Casa Como uma plataforma online pioneira, a Uniplaces liga indivíduos, sejam estudantes, profissionais ou famílias, a uma variedade de alojamentos para arrendamento. O nosso compromisso vai para além das listagens - verificamos cada propriedade para garantir que cumpre os nossos rigorosos critérios de conforto e conveniência. Escolha a Uniplaces para uma jornada de arrendamento suave, fiável e com uma excelente relação qualidade-preço.",False,good,False,False,,37.0,{},"{'typology': 'flat', 'subTypology': 'studio'}","{'subtitle': 'Misericórdia, Lisboa', 'title': 'T0 em Pátio Galega'}",False,False,False,False,{},[],False,False,,
34119994,https://img4.idealista.pt/blur/480_360_mq/0/id.pro.pt.image.master/3f/72/f5/281323880.webp,67,19,,950.0,"{'price': {'amount': 950.0, 'currencySuffix': '€/mês'}}",flat,rent,44.0,1,1,rua das Escolas Gerais,Lisboa,Santa Maria Maior,Alfama,pt,38.7121767,-9.1265163,False,https://www.idealista.pt/imovel/34119994/,"RESERVAS E PEDIDOS DE INFORMAÇÃO Para obter informações detalhadas e reservar online, clique abaixo do mapa em “Link Adicional”. TERMOS E CONDIÇÕES DE ALOJAMENTO: - Data de Disponibilidade: 01/10/2025 - Duração Mínima de Aluguer: 27 dias - Número Máximo de Hóspedes: 2 - Todas as Despesas Incluídas: Sim, para mais informações visite o site - Adicional:  - Animais de Estimação Não Permitido  - Fumadores Permitido DETALHES DA PROPRIEDADE Apartamento com 1 quarto  - Descrição da Propriedade na Uniplaces: Se você quer ver o melhor que Lisboa tem a oferecer, então você deve dar uma olhada neste agradável apartamento em Alfama! Este apartamento dúplex tem um quarto duplo, uma casa de banho, uma sala de estar e uma kitchenette. O apartamento tem um visual aconchegante e uma decoração simples. Você estará em um bairro tradicional e típico de Lisboa, então você terá muito para ver. Você também não estará longe da estação de metrô Santa Apolonia.  - Localização: Localizado on Alfama em Lisbon com uma variedade de opções de refeições, lojas essenciais e atividades para fazer, com fácil acesso aos transportes públicos. 1 quartos em Apartment com 1 casas de banho. Características  - Wi-Fi  - Toalhas e lençóis  - Forno  - Microondas  - Máquina de lavar roupa SOBRE A UNIPLACES O Seu Local de Confiança para Encontrar Casa Como uma plataforma online pioneira, a Uniplaces liga indivíduos, sejam estudantes, profissionais ou famílias, a uma variedade de alojamentos para arrendamento. O nosso compromisso vai para além das listagens - verificamos cada propriedade para garantir que cumpre os nossos rigorosos critérios de conforto e conveniência. Escolha a Uniplaces para uma jornada de arrendamento suave, fiável e com uma excelente relação qualidade-preço.",False,good,False,False,,22.0,{},{'typology': 'flat'},"{'subtitle': 'Santa Maria Maior, Lisboa', 'title': 'Apartamento na rua das Escolas Gerais'}",False,False,False,False,{},[],False,False,,
34091918,https://img4.idealista.pt/blur/480_360_mq/0/id.pro.pt.image.master/d6/3f/b0/281317798.webp,767434,12,,1800.0,"{'price': {'amount': 1800.0, 'currencySuffix': '€/mês'}}",flat,rent,70.0,1,1,rua Eduardo Coelho,Lisboa,Misericórdia,Príncipe Real - São Bento,pt,38.7147533,-9.1478476,False,https://www.idealista.pt/imovel/34091918/,"RESERVAS E PEDIDOS DE INFORMAÇÃO Para obter informações detalhadas e reservar online, clique abaixo do mapa em “Link Adicional”. TERMOS E CONDIÇÕES DE ALOJAMENTO: - Data de Disponibilidade: 02/07/2025 - Duração Mínima de Aluguer: 30 dias - Número Máximo de Hóspedes: 2 - Todas as Despesas Incluídas: Sim, para mais informações visite o site - Adicional:  - Animais de Estimação Não Permitido  - Fumadores Não Permitido DETALHES DA PROPRIEDADE Apartamento com 1 quarto  - Localização: Localizado on Principe Real em Lisbon com uma variedade de opções de refeições, lojas essenciais e atividades para fazer, com fácil acesso aos transportes públicos. 1 quartos em Apartment com 1 casas de banho. Características  - Accessibilidade  - Wi-Fi  - Toalhas e lençóis  - Máquina de lavar roupa  - Forno  - Microondas  - Máquina de lavar roupa SOBRE A UNIPLACES O Seu Local de Confiança para Encontrar Casa Como uma plataforma online pioneira, a Uniplaces liga indivíduos, sejam estudantes, profissionais ou famílias, a uma variedade de alojamentos para arrendamento. O nosso compromisso vai para além das listagens - verificamos cada propriedade para garantir que cumpre os nossos rigorosos critérios de conforto e conveniência. Escolha a Uniplaces para uma jornada de arrendamento suave, fiável e com uma excelente relação qualidade-preço.",False,good,False,False,,26.0,{},{'typology': 'flat'},"{'subtitle': 'Misericórdia, Lisboa', 'title': 'Apartamento na rua Eduardo Coelho'}",False,False,False,False,{},[],False,False,,
34119812,https://img4.idealista.pt/blur/480_360_mq/90/id.pro.pt.image.master/d7/47/d6/281313782.webp,,19,4,1450.0,"{'price': {'amount': 1450.0, 'currencySuffix': '€/mês'}}",flat,rent,70.0,1,1,alameda dos Oceanos,Lisboa,Parque das Nações,Expo Norte,pt,38.7827364,-9.0958771,False,https://www.idealista.pt/imovel/34119812/,"Excelente apartamento T1, com 70 m2, inserido no Condomínio Rota das Índias - parque das Nações (zona norte). Áreas:  * Hall com 6,50m2; * Sala com 19,00m2; * Cozinha com 10,00m2 (equipada); * Quarto com 11,70m2 (com roupeiro). Características:  * Porta blindada; * Vídeo porteiro; * Vigilância 24h - segurança no período nocturno; * Ar condicionado; * Aquecimento central; * Cozinha totalmente equipada;  * Caixilharia - vidro duplo; * 2 varandas; * Pavimento em madeira; * Roupeiros embutidos; * Estores elétricos; * Zona de estendal; * Jardim privado; * Parque Infantil; * Arrecadação; * Parqueamento para 1 viatura. Condições de arrendamento: * Contrato de arrendamento vinculativo de 12 meses renovável por sucessivos períodos. * Pagamento de dois meses de renda + um mês de garantia, a devolver no final do contrato estando o apartamento nas mesmas condições de quando início do contrato. Documentos necessários para contrato: * Inquilino (s): Identificação + Comprovativo de rendimentos em Portugal. (último IRS ou contrato de trabalho e dois últimos recibos de vencimento). * Fiador (es): Identificação + Comprovativo de rendimentos em Portugal. (último IRS ou contrato de trabalho e dois últimos recibos de vencimento). Datas e notas importantes: * Apartamento disponível para entrada a 15 de Abril de 2025; * Apartamento não será mobilado dado a mobília constante nas fotos ser do inquilino actual. Se necessário existe possibilidade de colocar algum mobiliário básico a acordar. O Parque das Nações tem uma localização privilegiada numa zona totalmente requalificada com espaços verdes junto ao rio, onde podemos encontrar atrações turísticas e culturais tais como o Oceanário de Lisboa, o Teatro Camões, o Pavilhão do Conhecimento, o Pavilhão de Portugal, o Casino de Lisboa, a FIL (Feira Internacional de Lisboa) e o Teleférico que oferece uma vista panorâmica sobre a cidade e o Tejo.  Próximo do Centro Comercial Vasco da Gama, está rodeado de uma vasta oferta de serviços, rede de transportes, restaurantes, esplanadas, ginásios e zonas de lazer como o Jardim Garcia da Orta, o Jardim do Passeio dos Heróis do Mar, a Marina, os Jardins da Água e os Jardins Suspensos.  Graças à sua centralidade, oferece acessos facilitados ao Aeroporto Internacional Humberto Delgado, à autoestrada A1 Sul-Norte, à Ponte Vasco da Gama, bem como todos os transportes de acesso aos vários pontos do país.  Ideal para quem procura um ambiente moderno e sofisticado.  * Licença de Utilização: 82; * Certificado Energético: B-.",False,good,False,True,"{'hasParkingSpace': True, 'isParkingSpaceIncludedInPrice': True}",21.0,{},{'typology': 'flat'},"{'subtitle': 'Parque das Nações, Lisboa', 'title': 'Apartamento na alameda dos Oceanos'}",True,False,False,False,{},[],False,False,,
34111871,https://img4.idealista.pt/blur/480_360_mq/0/id.pro.pt.image.master/89/55/91/281316119.webp,674768,15,,1800.0,"{'price': {'amount': 1800.0, 'currencySuffix': '€/mês'}}",flat,rent,62.0,2,1,beco de Maria da Guerra,Lisboa,Santa Maria Maior,Alfama,pt,38.7118235,-9.128937,False,https://www.idealista.pt/imovel/34111871/,"RESERVAS E PEDIDOS DE INFORMAÇÃO Para obter informações detalhadas e reservar online, clique abaixo do mapa em “Link Adicional”. TERMOS E CONDIÇÕES DE ALOJAMENTO: - Data de Disponibilidade: DISPONÍVEL AGORA - Duração Mínima de Aluguer: 28 dias - Número Máximo de Hóspedes: 4 - Todas as Despesas Incluídas: Não, para mais informações visite o site - Adicional:  - Animais de Estimação Não Permitido  - Fumadores Não Permitido DETALHES DA PROPRIEDADE Apartamento com 2 quartos  - Localização: Localizado on Alfama em Lisbon com uma variedade de opções de refeições, lojas essenciais e atividades para fazer, com fácil acesso aos transportes públicos. 2 quartos em Apartment com 1 casas de banho. Características  - Wi-Fi  - Forno SOBRE A UNIPLACES O Seu Local de Confiança para Encontrar Casa Como uma plataforma online pioneira, a Uniplaces liga indivíduos, sejam estudantes, profissionais ou famílias, a uma variedade de alojamentos para arrendamento. O nosso compromisso vai para além das listagens - verificamos cada propriedade para garantir que cumpre os nossos rigorosos critérios de conforto e conveniência. Escolha a Uniplaces para uma jornada de arrendamento suave, fiável e com uma excelente relação qualidade-preço.",False,good,False,False,,29.0,{},{'typology': 'flat'},"{'subtitle': 'Santa Maria Maior, Lisboa', 'title': 'Apartamento no beco de Maria da Guerra'}",True,False,False,False,{},[],False,False,,
34119775,https://img4.idealista.pt/blur/480_360_mq/0/id.pro.pt.image.master/8f/95/9e/281312879.webp,120612090-43,30,bj,2500.0,"{'price': {'amount': 2500.0, 'currencySuffix': '€/mês'}}",flat,rent,110.0,3,2,avenida Infante Santo,Lisboa,Estrela,Lapa,pt,38.7074126,-9.1662825,False,https://www.idealista.pt/imovel/34119775/,"Apartamento T3 com Fantástico Terraço - AV. Infante Santo Descubra o seu novo lar num dos endereços mais prestigiados de Lisboa! Este apartamento T3 premium, localizado num elevado resto de chão na emblemática Avenida Infante Santo, alia sofisticação, conforto, mobiliado e uma localização ímpar, ideal para um estilo de vida exigente. O imóvel dispõe de três quartos amplos (um dos quais interior), perfeitos para criar os seus espaços de descanso e privacidade, e de duas casas de banho completas, desenhadas com acabamentos de alta qualidade para o seu bem-estar diário. A cozinha, equipada com eletrodomésticos modernos, inspira momentos de criatividade culinária, enquanto a sala de estar – proporciona ambientes acolhedores e elegantes para receber amigos e familiares. Um dos grandes destaques deste apartamento é o seu fantástico terraço, um refúgio ao ar livre onde poderá́ desfrutar de vistas encantadoras e momentos de lazer, complementando o ambiente urbano com um toque de exclusividade. A localização na Avenida Infante Santo oferece inúmeras vantagens: estará́ a poucos passos de uma vasta gama de comercio, serviços e centros de saúde, além de contar com a proximidade de escolas e outras instituições essenciais para a vida quotidiana. Os excelentes acessos e a facilidade de deslocação, com a estação de metro nas imediações, asseguram uma mobilidade ágil por toda a cidade, permitindo-lhe aproveitar ao máximo tudo o que Lisboa tem para oferecer. Agende já a sua visita e encante-se com este espaço único, onde cada detalhe foi pensado para proporcionar um estilo de vida premium, combinando modernidade e bem-estar numa localização privilegiada! AMI 13534   ENG Premium Apartment - 3 Bedroom with Fantastic Terrace – AV. Infante Santo Discover your new home at one of Lisbon’s most prestigious addresses! This premium T3 apartment, situated on an upper ground floor along the emblematic Avenida Infante Santo, combines sophistication, comfort, fully furnished elegance, and a unique location — ideal for a demanding lifestyle. The property features three spacious bedrooms (one of which is interior), perfect for creating your personal spaces for rest and privacy, as well as two full bathrooms designed with high-quality finishes to enhance your daily well-being. The kitchen, fully equipped with modern appliances, inspires moments of culinary creativity, while the living room provides a cozy and elegant setting to welcome friends and family. One of the great highlights of this apartment is its fantastic terrace—a tranquil outdoor retreat where you can enjoy charming views and leisure moments, complementing the urban setting with an exclusive touch. The location on Avenida Infante Santo offers numerous advantages: you will be just steps away from a wide range of shops, services, and healthcare centers, in addition to being near schools and other essential institutions for daily life. Excellent accessibility and ease of transportation, with a metro station just moments away, ensure swift mobility throughout the city, allowing you to make the most of everything Lisbon has to offer. Schedule your visit now and be enchanted by this unique space, where every detail has been designed to provide a premium lifestyle that combines modernity and well-being in a privileged location.",True,good,False,False,,23.0,{},{'typology': 'flat'},"{'subtitle': 'Estrela, Lisboa', 'title': 'Apartamento na avenida Infante Santo'}",True,False,False,False,{},[],False,False,,
34110625,https://img4.idealista.pt/blur/480_360_mq/0/id.pro.pt.image.master/4c/a5/90/281311410.webp,142117,15,,1700.0,"{'price': {'amount': 1700.0, 'currencySuffix': '€/mês'}}",flat,rent,55.0,2,1,rua Sebastião Saraiva Lima,Lisboa,Penha de França,Centro,pt,38.7335011,-9.1310336,False,https://www.idealista.pt/imovel/34110625/,"RESERVAS E PEDIDOS DE INFORMAÇÃO Para obter informações detalhadas e reservar online, clique abaixo do mapa em “Link Adicional”. TERMOS E CONDIÇÕES DE ALOJAMENTO: - Data de Disponibilidade: 03/06/2025 - Duração Mínima de Aluguer: 27 dias - Número Máximo de Hóspedes: 4 - Todas as Despesas Incluídas: Sim, para mais informações visite o site - Adicional:  - Animais de Estimação Não Permitido  - Fumadores Não Permitido DETALHES DA PROPRIEDADE Acolhedor apartamento com 2 quartos  - Localização: Localizado on Arroios em Lisbon com uma variedade de opções de refeições, lojas essenciais e atividades para fazer, com fácil acesso aos transportes públicos. 2 quartos em Apartment com 1 casas de banho. Características  - Wi-Fi  - Televisão por cabo  - Zona exterior  - Toalhas e lençóis  - Microondas SOBRE A UNIPLACES O Seu Local de Confiança para Encontrar Casa Como uma plataforma online pioneira, a Uniplaces liga indivíduos, sejam estudantes, profissionais ou famílias, a uma variedade de alojamentos para arrendamento. O nosso compromisso vai para além das listagens - verificamos cada propriedade para garantir que cumpre os nossos rigorosos critérios de conforto e conveniência. Escolha a Uniplaces para uma jornada de arrendamento suave, fiável e com uma excelente relação qualidade-preço.",False,good,False,False,,31.0,{},{'typology': 'flat'},"{'subtitle': 'Penha de França, Lisboa', 'title': 'Apartamento na rua Sebastião Saraiva Lima'}",False,False,False,False,{},[],False,False,,
34111333,https://img4.idealista.pt/blur/480_360_mq/0/id.pro.pt.image.master/01/48/f3/281310919.webp,48767,22,,1500.0,"{'price': {'amount': 1500.0, 'currencySuffix': '€/mês'}}",flat,rent,70.0,2,1,largo de Jesus,Lisboa,Misericórdia,Príncipe Real - São Bento,pt,38.7113065,-9.1495356,False,https://www.idealista.pt/imovel/34111333/,"RESERVAS E PEDIDOS DE INFORMAÇÃO Para obter informações detalhadas e reservar online, clique abaixo do mapa em “Link Adicional”. TERMOS E CONDIÇÕES DE ALOJAMENTO: - Data de Disponibilidade: 08/06/2025 - Duração Mínima de Aluguer: 27 dias - Número Máximo de Hóspedes: 4 - Todas as Despesas Incluídas: Sim, para mais informações visite o site - Adicional:  - Animais de Estimação Não Permitido  - Fumadores Permitido DETALHES DA PROPRIEDADE Apartamento com 2 quartos  - Descrição da Propriedade na Uniplaces: Este apartamento em Lisboa está disponível para alugar. A propriedade possui uma variedade de comodidades desejáveis que melhoram a experiência geral de vida.  - Localização: Localizado on São Bento em Lisbon com uma variedade de opções de refeições, lojas essenciais e atividades para fazer, com fácil acesso aos transportes públicos. 2 quartos em Apartment com 1 casas de banho. Características  - Wi-Fi  - Televisão por cabo  - Toalhas e lençóis  - Forno  - Microondas SOBRE A UNIPLACES O Seu Local de Confiança para Encontrar Casa Como uma plataforma online pioneira, a Uniplaces liga indivíduos, sejam estudantes, profissionais ou famílias, a uma variedade de alojamentos para arrendamento. O nosso compromisso vai para além das listagens - verificamos cada propriedade para garantir que cumpre os nossos rigorosos critérios de conforto e conveniência. Escolha a Uniplaces para uma jornada de arrendamento suave, fiável e com uma excelente relação qualidade-preço.",False,good,False,False,,21.0,{},{'typology': 'flat'},"{'subtitle': 'Misericórdia, Lisboa', 'title': 'Apartamento no largo de Jesus'}",False,False,False,False,{},[],False,False,,
34109801,https://img4.idealista.pt/blur/480_360_mq/0/id.pro.pt.image.master/dd/29/b5/280945065.webp,64374-MAIS60417,23,,1500.0,"{'price': {'amount': 1500.0, 'currencySuffix': '€/mês'}}",chalet,rent,50.0,2,1,Bairro dos Actores - Barão Sabrosa,Lisboa,Penha de França,Bairro dos Actores - Barão Sabrosa,pt,38.7357729,-9.1281993,False,https://www.idealista.pt/imovel/34109801/,"Moradia T2: •Totalmente mobilado e equipado •Alpendre no exterior  •Pronto a Habitar Kitchenette: •Funcional •Placa •Exaustor •Forno •Frigorifico •Máquina de Lavar Roupa •Máquina de Lavar Loiça • Microondas •Chaleira •Torradeira • Máquina de Café •Loiças e Utensílios •Zona de Refeição Comodidades: •Cómodas nos quartos •1 cama de casal e 2 de solteiro •Disponibilização de roupas de cama e banho •Televisão na Sala de Estar Localização: •Zona residencial •Acesso directo à Rua Morais Soares e Alameda •Próximo de restauração, supermercados, serviços •Junto a estação de autocarro •Perto da estação de metro da Alameda.",False,good,False,,,30.0,{},{'typology': 'chalet'},"{'subtitle': 'Penha de França, Lisboa', 'title': 'Moradia'}",False,False,False,False,{},[],False,False,,
34119667,https://img4.idealista.pt/blur/480_360_mq/0/id.pro.pt.image.master/44/52/f2/281307055.webp,KWPT-013687,24,,2500.0,"{'price': {'amount': 2500.0, 'currencySuffix': '€/mês'}}",flat,rent,104.0,3,2,rua Diogo do Couto s/n,Lisboa,São Vicente,Santa Engrácia,pt,38.717047,-9.1209197,True,https://www.idealista.pt/imovel/34119667/,"Descubra este deslumbrante apartamento T3 localizado na encantadora Graça, em Lisboa. Com duas entradas independentes — uma pela Rua Diogo Couto, ao nível do primeiro andar, e outra pela Rua do Mirante, ao nível do rés-do-chão. Características do Apartamento: Totalmente Remodelado: O apartamento foi recentemente renovado, garantindo um espaço moderno e acolhedor. A remodelação foi efectuada após a emissão do certificado energético. Sala Espaçosa: A ampla sala é perfeita para momentos de convívio, com ligação directa à cozinha, criando um ambiente ideal para o dia a dia. Zona Privativa: Os quartos estão situados numa área reservada, proporcionando privacidade e conforto. A casa de banho moderna, equipada com cabine de duche, serve dois dos quartos, enquanto o terceiro quarto é uma suíte com casa de banho privativa e closet. Tecnologia e Conforto: Desfrute de uma tela para projecção em vez de uma TV na suite, perfeita para noites de cinema. O apartamento conta ainda com ar condicionado em todos os quartos e na sala, garantindo conforto em todas as estações. Equipamento e Mobília: O apartamento é arrendado totalmente equipado e mobilado, pronto a habitar.  Localização: Situado na Graça, um dos bairros mais vibrantes e autênticos de Lisboa, usufrua de uma variedade de cafés, restaurantes e lojas nas imediações, além de uma excelente rede de transportes. Condições de Arrendamento:  Identificação 1 Mês de Renda 2 Meses de Caução Declaração e nota de liquidação de IRS Últimos 3 recibos de ordenado  Contrato de trabalho Licença de utilização: 584.",True,good,False,,,24.0,{},{'typology': 'flat'},"{'subtitle': 'São Vicente, Lisboa', 'title': 'Apartamento na rua Diogo do Couto s/n'}",False,False,False,False,{},[],False,False,,
30436313,https://img4.idealista.pt/blur/480_360_mq/0/id.pro.pt.image.master/66/0a/0e/121362235.webp,,25,2,1300.0,"{'price': {'amount': 1300.0, 'currencySuffix': '€/mês'}}",flat,rent,55.0,1,1,rua da Páscoa,Lisboa,Campo de Ourique,Santa Isabel,pt,38.7172475,-9.1614923,False,https://www.idealista.pt/imovel/30436313/,"Belíssimo T1 em Campo de Ourique- Rua da Páscoa, a 400 metros do Largo do Rato (Metro). Prédio moderno com elevador e Garagem (a casa tem um lugar incluído na renda). Sem mobília.  Cozinha totalmente equipada. Aquecimento central. Janelas de alumínio com vidros duplos. Grande roupeiro no quarto. Pedem-se documentos comprovativos da profissão/rendimentos. Ao Contrato, pagamento de 2 rendas + 1 mês de caução. Disponível para habitar a 15 de Maio. Marque já a sua visita!",False,good,False,True,"{'hasParkingSpace': True, 'isParkingSpaceIncludedInPrice': True}",24.0,{},{'typology': 'flat'},"{'subtitle': 'Campo de Ourique, Lisboa', 'title': 'Apartamento na rua da Páscoa'}",False,False,False,False,{},[],False,False,,
31850504,https://img4.idealista.pt/blur/480_360_mq/0/id.pro.pt.image.master/c9/9a/8c/170182305.webp,A633,15,5,1600.0,"{'price': {'amount': 1600.0, 'currencySuffix': '€/mês'}}",flat,rent,51.0,1,1,Gulbenkian - Praça Espanha,Lisboa,Avenidas Novas,Gulbenkian - Praça Espanha,pt,38.7337274,-9.1512823,False,https://www.idealista.pt/imovel/31850504/,"Apartamento T1 de 51 m² moderno e confortável com lugar de estacionamento, a apenas 3 minutos do El Corte Inglés. É composto por uma sala luminosa com janelas panorâmicas e uma cozinha aberta totalmente equipada, um quarto com roupeiros embutidos, uma casa de banho com banheira e uma pequena lavandaria com máquina de lavar e secar roupa. Este apartamento oferece serviços e acabamentos de boa qualidade: lugar de estacionamento com ligação eléctrica, pavimento em parquet, electrodomésticos Siemens, ar condicionado, secador de toalhas,.. . Está situado no 5º andar de um novo edifício com elevador, na estação de metro São Sebastião (linhas azul e vermelha). El Corte Inglés (lojas especializadas, supermercado gourmet e cinema) a 3 minutos a pé e jardim da Fundação Calouste Gulbenkian ao pé do edifício. A zona é residencial mas animada, com muitas lojas e restaurantes nas proximidades. Idealmente servido por transportes públicos. Licença de utilização nº533/UT/CML/2021.",False,good,False,True,"{'hasParkingSpace': True, 'isParkingSpaceIncludedInPrice': True}",31.0,{},{'typology': 'flat'},"{'subtitle': 'Avenidas Novas, Lisboa', 'title': 'Apartamento'}",True,False,False,False,{},[],False,False,,
34119611,https://img4.idealista.pt/blur/480_360_mq/0/id.pro.pt.image.master/41/63/34/281304507.webp,4425,35,2,3200.0,"{'price': {'amount': 3200.0, 'currencySuffix': '€/mês'}}",flat,rent,180.0,6,2,Av. da Liberdade - Marquês de Pombal,Lisboa,Santo António,Av. da Liberdade - Marquês de Pombal,pt,38.7251818,-9.1521271,False,https://www.idealista.pt/imovel/34119611/,"disponivel finais Julho / pronto a entrar em AGOSTO 2025/ MOSTRA JÁ. Para arrendamento média - longa duração (3 a 5 anos). CENTRO LISBOA / CASTILHO nas proximidades PÇ. MARQUÊS POMBAL apartamento T6 de CHARME em traça antiga renovada. Com 6 quartos e sala / SEM MÓVEIS / chão e amplas portadas tudo em madeira. Tectos trabalhados. Cozinha semiequipada com placa, forno, exaustor e esquentador. 2wc. 2º and. com elevador. Pedem-se referencias. TRATA 96 SEIS QUATRO CINCO SEIS SEIS NOVE CINCO.  Categoria Energética: C.",False,good,False,True,,18.0,{},{'typology': 'flat'},"{'subtitle': 'Santo António, Lisboa', 'title': 'Apartamento'}",True,False,False,False,{},[],False,False,,
34119473,https://img4.idealista.pt/blur/480_360_mq/0/id.pro.pt.image.master/eb/20/15/281300551.webp,120181259-67,19,5,1750.0,"{'price': {'amount': 1750.0, 'currencySuffix': '€/mês'}}",flat,rent,185.0,2,2,rua Fernando Namora,Lisboa,Carnide,Telheiras,pt,38.7596894,-9.1810626,False,https://www.idealista.pt/imovel/34119473/,"Fantástico T2 com suite, sala com lareira, 1 quarto, 1 casa de banho completa, cozinha e um lugar de parqueamento. Muito luminoso, varandas com vista desafogada. Condições para o contrato, dois meses de caução e duas rendas. Contrato de três anos, renovável.    Licença de Utilização - 307/1993.",False,good,False,True,"{'hasParkingSpace': True, 'isParkingSpaceIncludedInPrice': True}",9.0,{},{'typology': 'flat'},"{'subtitle': 'Carnide, Lisboa', 'title': 'Apartamento na rua Fernando Namora'}",False,False,False,False,{},[],False,False,,
33275931,https://img4.idealista.pt/blur/480_360_mq/0/id.pro.pt.image.master/c4/f1/37/238557693.webp,IMO071,20,1,1300.0,"{'price': {'amount': 1300.0, 'currencySuffix': '€/mês'}}",studio,rent,40.0,0,1,rua do Poço dos Negros,Lisboa,Misericórdia,Cais do Sodré - Santos,pt,38.708313,-9.151837,False,https://www.idealista.pt/imovel/33275931/,"Viva no centro de Lisboa, entre Cais do Sodré e Príncipe Real, no Bairro da Bica, com todo tipo de comodidade próximo ao apartamento. Fácil acesso a transportes públicos. Estúdio completamente remodelado, equipado e mobilado.  Cozinha equipada com: Placa, forno, exaustor, máquina de lavar roupa, cafeteira, mini frigorifico, maquina de lavar loiça e micro-ondas. Contrato anual e renovável. NOTA: As contas de água, luz e internet são de responsabilidade do inquilino. Documentação: - Comprovante de ordenado dos últimos 3 meses. - Contrato de trabalho ou IRS. - Doc. de identificação. - NIF. O que pedimos: - 1 Caução - 2 Rendas - Fiador se necessário. *DISPONÍVEL A PARTIR DO DIA 1 DE MAIO* Marque já a sua visita!",True,good,False,False,,33.0,{},"{'typology': 'flat', 'subTypology': 'studio'}","{'subtitle': 'Misericórdia, Lisboa', 'title': 'T0 na rua do Poço dos Negros'}",False,False,False,False,{},[],False,False,,
34100264,https://img4.idealista.pt/blur/480_360_mq/0/id.pro.pt.image.master/18/8d/f1/280567690.webp,122911752-78,22,5,1700.0,"{'price': {'amount': 1700.0, 'currencySuffix': '€/mês'}}",flat,rent,124.0,3,2,rua António Enes,Lisboa,Avenidas Novas,São Sebastião da Pedreira,pt,38.7326068,-9.1479633,False,https://www.idealista.pt/imovel/34100264/,"Excelente apartamento T3, cheio de charme, no 5º andar sem elevador, nas Avenidas Novas! Excelente apartamento T3, localizado no 5º andar de um edifício sem elevador. Este imóvel é ideal para quem procura conforto e tranquilidade numa zona central. Características do Imóvel: - 1 sala com varanda para relaxar - Quartos: 3 quartos com janela e 1 quarto interior - Chão: madeira flutuante em todo o apartamento. - Casas de Banho: 2 casas de banho completas. - Cozinha: Equipada com fogão, forno, exaustor e esquentador. Não tem frigorífico, máquina de lavar loiça e máquina de lavar roupa.  Requisitos: 2 rendas + 2 meses de caução Documentação para cada Pessoa arrendatária: -Contrato de 3 anos -Cartão de Cidadão e/ou Passaporte,  -Cartão de Residente -Cópia dos 3 últimos recibos de vencimento,  -Última declaração de IRS - Modelo 3,  -Comprovativo de morada  -IBAN com o nome do Banco em Portugal, -Taxa de esforço não pode exceder os 40%.  Este apartamento é uma oportunidade única para viver num espaço renovado e bem localizado. Não perca esta oportunidade! Marque uma visita!",False,good,False,False,,14.0,{},{'typology': 'flat'},"{'subtitle': 'Avenidas Novas, Lisboa', 'title': 'Apartamento na rua António Enes'}",False,False,False,False,{},[],False,False,,
34119336,https://img4.idealista.pt/blur/480_360_mq/0/id.pro.pt.image.master/c6/4d/ae/281295822.webp,PROP-32530,26,2,1600.0,"{'price': {'amount': 1600.0, 'currencySuffix': '€/mês'}}",flat,rent,69.0,1,1,Lapa,Lisboa,Estrela,Lapa,pt,38.7086763,-9.1665419,False,https://www.idealista.pt/imovel/34119336/,"Apartamento T1 convertido em T0, reversível, sem móveis para arrendamento na Infante Santo, perto da Basílica da Estrela, escolas, comércio e serviços, numa zona bem servida de transportes. Este apartamento com 69 m2 de área bruta privativa, inserido num prédio com elevador e é composto por hall de entrada (11 m2), uma sala de estar com kitchnette (32 m2) equipada com placa vitrocerâmica, forno, micro-ondas, frigorífico combinado e máquina de lavar louça, quarto (13 m2) uma casa de banho com poliban (9 m2) e uma zona de lavandaria e arrumos (5 m2), com máquina de lavar roupa e esquentador inteligente (WiFi). Este imóvel dispõe ainda de um terraço (26 m2). Este apartamento tem uma excelente exposição solar.  Características:  - Imóvel em prédio com elevador. - Orientação solar: poente - Cozinha equipada com placa, forno, frigorífico, micro-ondas, máquina de lavar louça e exaustor. - Janelas duplas de Vidros duplos. - Lavandaria com máquina de lavar roupa e esquentador inteligente.  - WC com bancada com dois lavatórios e poliban. - Pavimento a imitar madeira muito resistente. - Terraço Imóvel com Licença de utilização nº 317 emitida em 28 de julho de 1958 Campo de Ourique é conhecido por ser uma das melhores localizações para fazer vida de bairro, com um extenso leque de lojas, restaurantes, cabeleireiros, pastelarias, cafés, o Mercado, o Jardim da Parada e escolas como a Escola dos Salesianos que tornam a vida das famílias que aqui têm morada uma experiência única na cidade de Lisboa. Localização de prestígio que reflecte a mais valia de viver no centro da cidade e gozar de uma vida citadina em que a proximidade de todos os requisitos necessários para o conforto diário, são colmatados. Próximo de várias opções de transporte, nomeadamente o mítico Eléctrico 28 e autocarros da Carris. Situa-se junto do centro histórico da cidade de Lisboa, junto da Avenida da Liberdade, com acessos facilitados ao Aeroporto Internacional Humberto Delgado e às praias de Cascais.  Categoria Energética: D  ref: PROP-32530.",False,good,False,True,,23.0,{},{'typology': 'flat'},"{'subtitle': 'Estrela, Lisboa', 'title': 'Apartamento'}",True,False,False,False,{},[],False,False,,
31665699,https://img4.idealista.pt/blur/480_360_mq/0/id.pro.pt.image.master/52/24/22/163294902.webp,,23,2,1350.0,"{'price': {'amount': 1350.0, 'currencySuffix': '€/mês'}}",flat,rent,75.0,1,2,Centro,Lisboa,Campo de Ourique,Centro,pt,38.7193646,-9.1690835,False,https://www.idealista.pt/imovel/31665699/,Arrendamento - T1 +1 - Duplex Rua Sampaio Bruno Campo de Ourique 1º Piso Sala + Zona vazada (escritório) Cozinha – Equipada c/ fogão + Forno+ esquentador Casa banho  Marquise + despensa 2º Piso 1 Quarto c/roupeiro + WC Disponivel para visitas a partir de 7 de Abril Condições de arrendamento - 2 Rendas + 1 Caução + fiador Renda Mensal: €1350.,False,good,False,False,,18.0,{},{'typology': 'flat'},"{'subtitle': 'Campo de Ourique, Lisboa', 'title': 'Apartamento'}",False,False,False,False,{},[],False,False,,
34119310,https://img4.idealista.pt/blur/480_360_mq/0/id.pro.pt.image.master/30/06/ba/281294118.webp,41248,3,5,1640.0,"{'price': {'amount': 1640.0, 'currencySuffix': '€/mês'}}",flat,rent,86.0,3,2,praça da Ilha do Faial,Lisboa,Arroios,Anjos,pt,38.7280126,-9.1376444,False,https://www.idealista.pt/imovel/34119310/,"Arrenda-se Imóvel T3 em excelente estado de conservação Com Estacionamento Imóvel é composto por; -3 Quartos -2 Wc -Cozinha Equipada -Varandas em todas as divisões. -Duas frentes Zona Central, com todo o tipo de comércio e serviços Transportes Públicos como Metro, Bus e Comboio são algumas das ofertas para circular dentro de Lisboa Cidade ou para fora dela Imóvel disponível para entrada imediata Fale connosco, Funnyhouse, a sua Imobiliária de confiança.",False,good,False,True,,19.0,{},{'typology': 'flat'},"{'subtitle': 'Arroios, Lisboa', 'title': 'Apartamento na praça da Ilha do Faial'}",False,False,False,False,{},[],False,False,,
34119264,https://img4.idealista.pt/blur/480_360_mq/0/id.pro.pt.image.master/e4/5e/d8/281294182.webp,3199,19,3,1300.0,"{'price': {'amount': 1300.0, 'currencySuffix': '€/mês'}}",flat,rent,74.0,2,1,rua Jorge Colaço,Lisboa,Alvalade,São João de Brito,pt,38.7598921,-9.1375946,False,https://www.idealista.pt/imovel/34119264/,"Se procura um apartamento luminoso, bem localizado e totalmente equipado, esta é a oportunidade ideal! �️ Composição do imóvel: ✔ Sala ampla e confortável ✔ 2 Quartos luminosos ✔ 1 Casa de banho ✔ Cozinha equipada (máquina de lavar roupa, frigorífico, fogão a gás, esquentador, entre outros) � Localização privilegiada:  Junto à Avenida do Brasil  Acesso facilitado a transportes públicos (autocarros, metro)  Próximo de escolas, supermercados e comércio variado � Condições do arrendamento: � 2 rendas adiantadas � Caução � Fiador � Preferência contrato mínimo 5 anos �Não se aceita animais.  � Agende já a sua visita! Para mais informações ou marcação de visita, entre em contacto connosco.",True,good,False,False,,18.0,{},{'typology': 'flat'},"{'subtitle': 'Alvalade, Lisboa', 'title': 'Apartamento na rua Jorge Colaço'}",False,False,False,False,{},[],False,False,,
34119261,https://img4.idealista.pt/blur/480_360_mq/0/id.pro.pt.image.master/6f/17/b9/281290788.webp,9892,24,2,1450.0,"{'price': {'amount': 1450.0, 'currencySuffix': '€/mês'}}",flat,rent,65.0,1,1,"rua Natália Correia, 6",Lisboa,São Vicente,Graça,pt,38.7204534,-9.1294263,True,https://www.idealista.pt/imovel/34119261/,"Apartamento T1 para arrendamento em Lisboa, São Vicente Apartamento para arrendamento localizado na zona histórica da Graça, São Vicente. Composto por exelentes área, garagem e arrecadação. Apartamento com um quarto, sala em open space e kitchenette com vista para o jardim. Despensa. Apartamento inserido num 2º andar, prédio com elevador. No valor do arrendamento inclui um lugar de estacionamento no prédio. Disponivel para visitas a partir do dia 20/04/2025. Não perca esta oportunidade.",True,good,False,True,"{'hasParkingSpace': True, 'isParkingSpaceIncludedInPrice': True}",22.0,{},{'typology': 'flat'},"{'subtitle': 'São Vicente, Lisboa', 'title': 'Apartamento na rua Natália Correia, 6'}",False,False,False,False,{},[],False,False,,
34119205,https://img4.idealista.pt/blur/480_360_mq/0/id.pro.pt.image.master/f2/ea/7e/281290026.webp,AM0183,33,19,2450.0,"{'price': {'amount': 2450.0, 'currencySuffix': '€/mês'}}",duplex,rent,131.0,2,3,avenida do Pacifico,Lisboa,Parque das Nações,Expo Central,pt,38.7670975,-9.095151,False,https://www.idealista.pt/imovel/34119205/,"Apartamento de 3 assoalhadas duplex no 19º e 20º andar com elevador, 2 lugares de estacionamento e arrecadação, localizado em Lisboa – Parque das Nações, encontra-se na zona mais recente da cidade de Lisboa, fornecida de transportes públicos com o metro, autocarro e comboio a escassos minutos de distância. Com acesso direto ao ginásio inserido no Centro Comercial Vasco da Gama, onde pode encontrar o supermercado Continente e o Celeiro, juntamente pode encontrar diversos restaurantes de uma grande variada especialidade. Ideal para habitação própria. Apartamento virado a Sul com vista deslumbrante de rio e cidade Sala de grandes dimensões e divisões com muita luz decorrente de grandes janelas envidraçadas para o exterior. Apartamento mobilado, com possibilidade de retirar a mobília.  Cozinha totalmente equipada. 2 lugares de estacionamento muito espaçosos e uma arrecadação. Condomínio com segurança privativa 24 horas. Inserido na Torre São Gabriel que se situa em Lisboa, no Parque das Nações, ladeando o centro comercial Vasco da Gama. A Torre de São Gabriel foi a primeira a ser construída, em 2000. O prédio tem 24 pisos, com 110 metros de altura. Alem das grandes superfícies referidas, a zona envolvente possui um comércio ativo e diversos estabelecimentos de ensino pré-escolar, básico, secundário e ensino superior – ESTeSL Imóvel adequado para habitação própria. A Central Lisbon é uma empresa do Grupo Central, uma verdadeira “One Stop Shop” do imobiliário em Portugal, direcionada para assegurar todas as necessidades relacionadas com um investimento imobiliário – intermediação de crédito*, gestão de imóveis, alojamento local, obras de remodelação, conciergerie, gestão de seguros e serviços de consultoria. Gerex Lda é intermediário de crédito registado e autorizado pelo Banco de Portugal com o nº 0003907.",False,good,False,True,"{'hasParkingSpace': True, 'isParkingSpaceIncludedInPrice': True}",19.0,{},"{'typology': 'flat', 'subTypology': 'duplex'}","{'subtitle': 'Parque das Nações, Lisboa', 'title': 'Duplex na avenida do Pacifico'}",False,False,False,False,{},[],False,False,,
34119211,https://img4.idealista.pt/blur/480_360_mq/0/id.pro.pt.image.master/67/47/15/281288880.webp,122911641-7,20,8,1950.0,"{'price': {'amount': 1950.0, 'currencySuffix': '€/mês'}}",flat,rent,104.0,2,2,rua Engenheiro Fernando Vicente Mendes,Lisboa,São Domingos de Benfica,Laranjeiras,pt,38.7513267,-9.1697936,False,https://www.idealista.pt/imovel/34119211/,"Excelente apartamento T2 localizado nas Laranjeiras (zona residencial) com todos os serviços e comércio nas proximidades. O apartamento encontra-se num excelente prédio, com uma ótima exposição solar e com 2 frentes o que proporciona muita luz natural. - Área bruta: 122m2  - Cozinha com todos os eletrodomésticos (Bosch) com um estendal vertical e zona de lavandaria. - Ar condicionado em todas as divisões - 2 casa de banho completas (1 banheira e 1 base de duche) - Lugar de garagem com fácil acesso - Arrecadação - Domótica - 2 Elevadores Não perca a oportunidade de conhecer este incrível apartamento. Estou ao inteiro dispor.  Licença de Utilização - 302/UT/2010.",False,good,False,True,"{'hasParkingSpace': True, 'isParkingSpaceIncludedInPrice': True}",19.0,{},{'typology': 'flat'},"{'subtitle': 'São Domingos de Benfica, Lisboa', 'title': 'Apartamento na rua Engenheiro Fernando Vicente Mendes'}",False,False,False,False,{},[],False,False,,
34119209,https://img4.idealista.pt/blur/480_360_mq/0/id.pro.pt.image.master/9a/c0/1a/281288701.webp,124151096-44,33,2,2200.0,"{'price': {'amount': 2200.0, 'currencySuffix': '€/mês'}}",flat,rent,100.0,2,2,alameda dos Oceanos,Lisboa,Parque das Nações,Expo Norte,pt,38.782757,-9.0976571,False,https://www.idealista.pt/imovel/34119209/,"Descubra o Seu Novo Lar no Parque das Nações! Apresento um excelente apartamento T2 para arrendamento, situado em um condomínio privilegiado no Parque das Nações. Este imóvel, em excelente estado de conservação, oferece boas áreas e varandas que proporcionam um ambiente acolhedor e confortável. Características do Apartamento Dois quartos com roupeiros embutidos, sendo um deles uma suíte. - Cozinha totalmente equipada e uma prática despensa. - Sala ampla com lareira e recuperador de calor, com acesso a uma varanda. - Hall generoso e uma casa de banho social com banheira. - Ar condicionado central e estores elétricos para seu conforto. - Uma frente com fantástica exposição solar. Condomínio e Localização: Este condomínio oferece um jardim interior e, no último andar do prédio, um terraço com uma vista maravilhosa para o Rio Tejo. A localização é verdadeiramente privilegiada, combinando tranquilidade e conveniência.  Nas proximidades, você encontrará Jardins para caminhadas junto ao rio. - Parques infantis. - Diversidade de comércio local e grandes superfícies. - Serviços, escolas e ginásios. - Rede de transportes públicos e fácil acesso às principais vias. Importante: As visitas ao apartamento já estão abertas, mas a entrada no imóvel será a partir de 8 de julho. O contrato terá início nessa data. Não perca a oportunidade de conhecer este fantástico apartamento! Entre em contato e agende sua visita.     Licença de Utilização - 25/2003.",False,good,False,True,,22.0,{},{'typology': 'flat'},"{'subtitle': 'Parque das Nações, Lisboa', 'title': 'Apartamento na alameda dos Oceanos'}",False,False,False,False,{},[],False,False,,
33982775,https://img4.idealista.pt/blur/480_360_mq/0/id.pro.pt.image.master/d0/eb/7c/280503654.webp,C0184-01171,16,1,1650.0,"{'price': {'amount': 1650.0, 'currencySuffix': '€/mês', 'priceDropInfo': {'formerPrice': 1750.0, 'priceDropValue': 100, 'priceDropPercentage': 6}}}",flat,rent,60.0,2,1,Lapa,Lisboa,Estrela,Lapa,pt,38.7039177,-9.1675479,False,https://www.idealista.pt/imovel/33982775/,"Descubra este elegante apartamento T2, totalmente remodelado e mobilado, pronto a habitar! � Características: ✔ Totalmente mobilado com decoração elegante e acolhedora ✔ Cozinha equipada com máquina de lavar loiça, roupa, frigorífico, fogão e forno ✔ Climatização em todas as divisões (ar condicionado) ✔ Localização privilegiada na Travessa da Amoreira, Lapa � Zona Envolvente: Este apartamento encontra-se numa das áreas mais prestigiadas de Lisboa, repleta de charme e conveniência: ✔ Próximo das embaixadas, garantindo segurança e tranquilidade ✔ A poucos minutos dos principais museus da cidade ✔ Fácil acesso ao LX Factory, um dos polos criativos mais vibrantes de Lisboa, com restaurantes, lojas e eventos culturais ✔ Perto de jardins e espaços verdes para passeios relaxantes Se procura conforto, elegância e uma localização excecional, esta é a oportunidade perfeita! � Marque já a sua visita!",False,good,False,False,,28.0,{},{'typology': 'flat'},"{'subtitle': 'Estrela, Lisboa', 'title': 'Apartamento'}",False,False,False,False,{},[],False,False,,
34119071,https://img4.idealista.pt/blur/480_360_mq/0/id.pro.pt.image.master/5f/b4/e4/281282849.webp,,14,5,2750.0,"{'price': {'amount': 2750.0, 'currencySuffix': '€/mês'}}",flat,rent,101.0,3,2,avenida dos Estados Unidos da América,Lisboa,Alvalade,São João de Brito,pt,38.7475765,-9.1351362,False,https://www.idealista.pt/imovel/34119071/,"Fantástico Apartamento T3 para Arrendar – Av. EUA, Lisboa  Totalmente Renovado  Luz Natural em Abundância  Acabamentos de Alta Qualidade  Varanda Espaçosa  Localização: Av. EUA, Nº 30, Lisboa Preço: 2.750€/mês 3 Quartos | 2 Casas de Banho Disponível a partir de 10 de maio (obras finalizadas no final de abril) Este apartamento renovado combina conforto e sofisticação numa das melhores zonas de Lisboa. Destaca-se pelos acabamentos de excelência, muita luz natural e uma varanda incrível. Localização privilegiada! A poucos minutos da Av. de Roma, Alvalade, Campo Pequeno e do centro da cidade. Rodeado de comércio local, mercados, jardins, parques, teatros, os melhores restaurantes, ginásios e excelentes escolas. Envie mensagem para mais informações ou para agendar uma visita! AMI: 24972.",False,good,False,True,,27.0,{},{'typology': 'flat'},"{'subtitle': 'Alvalade, Lisboa', 'title': 'Apartamento na avenida dos Estados Unidos da América'}",True,False,False,False,{},[],False,False,,
34119041,https://img4.idealista.pt/blur/480_360_mq/0/id.pro.pt.image.master/39/a0/a1/281280519.webp,NG032502,24,6,1100.0,"{'price': {'amount': 1100.0, 'currencySuffix': '€/mês'}}",flat,rent,70.0,1,1,Alto do Lumiar - Quinta das Conchas - Quinta do Lambert,Lisboa,Lumiar,Alto do Lumiar - Quinta das Conchas - Quinta do Lambert,pt,38.777747,-9.1524275,False,https://www.idealista.pt/imovel/34119041/,"T1 localizado na Rua Helena Vaz da Silva, Alta de Lisboa, numa zona muito central e tranquila. Zona com muitos serviços de proximidade, Escolas, Transportes Públicos e zonas de lazer. A fração encontra-se num sexto andar de um prédio de excelente construção com elevador e Estacionamento. O apartamento tem muito boa exposição solar e vista desafogada. Apartamento, composto por: - Sala comum com 28 m²; - Quarto com 13 m²; - Cozinha equipada com 15m²; - WC com 4 m²; - Área de Distribuição com 5 m²; Área Total- 70 m2. Venha viver numa zona de excelência. Entre em contato e agende a sua visita. Refª NG032502  Categoria Energética: B-  ref: NG032502.",False,good,False,True,,16.0,{},{'typology': 'flat'},"{'subtitle': 'Lumiar, Lisboa', 'title': 'Apartamento'}",True,False,False,False,{},[],False,False,,
34118942,https://img4.idealista.pt/blur/480_360_mq/0/id.pro.pt.image.master/c3/dc/48/281277533.webp,91692_120325,12,2,1100.0,"{'price': {'amount': 1100.0, 'currencySuffix': '€/mês'}}",studio,rent,65.0,0,1,Costa do Castelo,Lisboa,Santa Maria Maior,Mouraria - Castelo,pt,38.7156868,-9.1333519,False,https://www.idealista.pt/imovel/34118942/,"Disponível em: 01/07/2025.  Reserve em linha clicando abaixo do mapa em ""Link adicional"".  ************* COMO É QUE FUNCIONA O SPACEST. COM? Spacest. com é uma plataforma online para alugueres de médio-longo prazo que foi criada como garantia para o arrendatário: verificamos todos os apartamentos e as fotos são recentes e fiáveis para que possa reservar online com paz de espírito para evitar que alguém o faça antes de si.  Para reservar online, siga o link no fundo da página (abaixo do mapa) e clique em ""alugar agora"". Se precisar de assistência, por favor contacte-nos e nós ajudá-lo-emos. Custos de abertura do contrato:  50€ to be paid in the check-in for administrative expenses + 1 monthly rent in advance Studio for rent near Castelo de S. Jorge, Lisbon. [PT]: Utilidades não incluídas. [ENG]: Utilities not included *This is the price for one person. If the studio is rented for 2 people, €90,00 should be added to the monthly rental price. Check in time and values per person:  Monday - Friday 09:00 - 17:29: Free  Monday - Friday 17:30 - 18:59: 25 Eur  Monday - Friday 19:00 - 20:59: 35 Eur  Monday - Friday after 21:00: add 5 Eur per hour  Saturday, Sunday and holidays:  09:00 - 10:59 - 40 Eur  11:00 -17:29: 45 Eur  17:30 - 21:00: 50 Eur  after 9pm, add 5 Eur per hour This listing is subject to a price change starting from the month of September, to see the price change, click on ""View all costs"" at the moment of the reservation. *It is mandatory to pay to the Landlord the last month of rent in advance and the security deposit before the check-in date, other than the payment of the first monthly rent paid to Spacest. com when sending the booking request.",False,good,False,False,,17.0,{},"{'typology': 'flat', 'subTypology': 'studio'}","{'subtitle': 'Santa Maria Maior, Lisboa', 'title': 'T0 em Costa do Castelo'}",False,False,False,False,{},[],False,False,,
34118940,https://img4.idealista.pt/blur/480_360_mq/0/id.pro.pt.image.master/95/05/b3/281277505.webp,100163_230325,16,,1093.0,"{'price': {'amount': 1093.0, 'currencySuffix': '€/mês'}}",flat,rent,65.0,1,1,beco João Alves,Lisboa,Ajuda,Rio Seco - Casalinho,pt,38.7084736,-9.1922076,False,https://www.idealista.pt/imovel/34118940/,"Disponível em: 01/07/2025.  Reserve em linha clicando abaixo do mapa em ""Link adicional"".  ************* COMO É QUE FUNCIONA O SPACEST. COM? Spacest. com é uma plataforma online para alugueres de médio-longo prazo que foi criada como garantia para o arrendatário: verificamos todos os apartamentos e as fotos são recentes e fiáveis para que possa reservar online com paz de espírito para evitar que alguém o faça antes de si.  Para reservar online, siga o link no fundo da página (abaixo do mapa) e clique em ""alugar agora"". Se precisar de assistência, por favor contacte-nos e nós ajudá-lo-emos. Custos de abertura do contrato:  50€ to be paid in the check-in for administrative expenses + 1 monthly rent in advance Aviso de cancelamento: 1 meses A cozy brand new T1 Apartment located in Ajuda. The apartment has 1 bedroom with double bed, a bathroom, a fully equipped kitchenette together with a living room. It is close to Ajuda and Alcântara universities. Perfect for one person or for a couple. Bills are included up to €20,00 per person per month. This is the price for one person. If the apartment is rented for 2 people, €90,00 should be added to the monthly rental price. Horário de check-in e valores por pessoa: Segunda a sexta das 09:00 às 17:29: Gratuito Segunda a sexta 17:30 - 18:59: 25Eur Segunda a sexta 19:00 - 20:59: 35Eur Segunda a sexta depois das 21:00: adicione 5 Eur por hora Sábado, domingo e feriados: 09:00 - 10:59 - 40 Eur 11:00 - 17:29: 45 Eur 17:30 - 21:00: 50 Eur depois das 21h, adicione 5 Eur por hora This listing is subject to a price change starting from the month of September, to see the price change, click on ""View all costs"" at the moment of the reservation. *It is mandatory to pay to the Landlord the last month of rent in advance and the security deposit before the check-in date, other than the payment of the first monthly rent paid to Spacest. com when sending the booking request.",False,good,False,False,,17.0,{},{'typology': 'flat'},"{'subtitle': 'Ajuda, Lisboa', 'title': 'Apartamento no beco João Alves'}",False,False,False,False,{},[],False,False,,
34118939,https://img4.idealista.pt/blur/480_360_mq/0/id.pro.pt.image.master/dc/e7/a1/281277488.webp,100164_240325,14,,1173.0,"{'price': {'amount': 1173.0, 'currencySuffix': '€/mês'}}",flat,rent,65.0,1,1,beco João Alves,Lisboa,Ajuda,Rio Seco - Casalinho,pt,38.7076497,-9.19155,False,https://www.idealista.pt/imovel/34118939/,"Disponível em: 01/07/2025.  Reserve em linha clicando abaixo do mapa em ""Link adicional"".  ************* COMO É QUE FUNCIONA O SPACEST. COM? Spacest. com é uma plataforma online para alugueres de médio-longo prazo que foi criada como garantia para o arrendatário: verificamos todos os apartamentos e as fotos são recentes e fiáveis para que possa reservar online com paz de espírito para evitar que alguém o faça antes de si.  Para reservar online, siga o link no fundo da página (abaixo do mapa) e clique em ""alugar agora"". Se precisar de assistência, por favor contacte-nos e nós ajudá-lo-emos. Custos de abertura do contrato:  50€ to be paid in the check-in for administrative expenses + 1 monthly rent in advance A cozy brand new T1 Apartment located in Ajuda. The apartment has 1 bedroom with double bed, a bathroom, a fully equipped kitchenette together with a living room. It is close to Ajuda and Alcântara universities. Perfect for one person or for a couple. Bills are included up to €20,00 per person per month. This is the price for one person. If the apartment is rented for 2 people, €90,00 should be added to the monthly rental price. Horário de check-in e valores por pessoa: Segunda a sexta das 09:00 às 17:29: Gratuito Segunda a sexta 17:30 - 18:59: 25Eur Segunda a sexta 19:00 - 20:59: 35Eur Segunda a sexta depois das 21:00: adicione 5 Eur por hora Sábado, domingo e feriados: 09:00 - 10:59 - 40 Eur 11:00 - 17:29: 45 Eur 17:30 - 21:00: 50 Eur depois das 21h, adicione 5 Eur por hora This listing is subject to a price change starting from the month of September, to see the price change, click on ""View all costs"" at the moment of the reservation. *It is mandatory to pay to the Landlord the last month of rent in advance and the security deposit before the check-in date, other than the payment of the first monthly rent paid to Spacest. com when sending the booking request.",False,good,False,False,,18.0,{},{'typology': 'flat'},"{'subtitle': 'Ajuda, Lisboa', 'title': 'Apartamento no beco João Alves'}",False,False,False,False,{},[],False,False,,
34118938,https://img4.idealista.pt/blur/480_360_mq/0/id.pro.pt.image.master/f2/9e/57/281277463.webp,100174_040325,24,,1173.0,"{'price': {'amount': 1173.0, 'currencySuffix': '€/mês'}}",flat,rent,65.0,1,1,beco João Alves,Lisboa,Ajuda,Rio Seco - Casalinho,pt,38.7051311,-9.1915738,False,https://www.idealista.pt/imovel/34118938/,"Disponível em: 01/07/2025.  Reserve em linha clicando abaixo do mapa em ""Link adicional"".  ************* COMO É QUE FUNCIONA O SPACEST. COM? Spacest. com é uma plataforma online para alugueres de médio-longo prazo que foi criada como garantia para o arrendatário: verificamos todos os apartamentos e as fotos são recentes e fiáveis para que possa reservar online com paz de espírito para evitar que alguém o faça antes de si.  Para reservar online, siga o link no fundo da página (abaixo do mapa) e clique em ""alugar agora"". Se precisar de assistência, por favor contacte-nos e nós ajudá-lo-emos. Custos de abertura do contrato:  50€ to be paid in the check-in for administrative expenses + 1 monthly rent in advance A cozy brand new T1 Apartment located in Ajuda. The apartment has 1 bedroom with double bed, a bathroom, a fully equipped kitchenette together with a living room. It is close to Ajuda and Alcântara universities. Perfect for one person or for a couple. Bills are included up to €20,00 per person per month. This is the price for one person. If the apartment is rented for 2 people, €90,00 should be added to the monthly rental price. Horário de check-in e valores por pessoa: Segunda a sexta das 09:00 às 17:29: Gratuito Segunda a sexta 17:30 - 18:59: 25Eur Segunda a sexta 19:00 - 20:59: 35Eur Segunda a sexta depois das 21:00: adicione 5 Eur por hora Sábado, domingo e feriados: 09:00 - 10:59 - 40 Eur 11:00 - 17:29: 45 Eur 17:30 - 21:00: 50 Eur depois das 21h, adicione 5 Eur por hora This listing is subject to a price change starting from the month of September, to see the price change, click on ""View all costs"" at the moment of the reservation. *It is mandatory to pay to the Landlord the last month of rent in advance and the security deposit before the check-in date, other than the payment of the first monthly rent paid to Spacest. com when sending the booking request.",False,good,False,False,,18.0,{},{'typology': 'flat'},"{'subtitle': 'Ajuda, Lisboa', 'title': 'Apartamento no beco João Alves'}",False,False,False,False,{},[],False,False,,
34118937,https://img4.idealista.pt/blur/480_360_mq/0/id.pro.pt.image.master/83/ce/35/281277441.webp,100175_050325,21,,1173.0,"{'price': {'amount': 1173.0, 'currencySuffix': '€/mês'}}",flat,rent,65.0,1,1,beco João Alves,Lisboa,Ajuda,Rio Seco - Casalinho,pt,38.7055979,-9.1925128,False,https://www.idealista.pt/imovel/34118937/,"Disponível em: 01/07/2025.  Reserve em linha clicando abaixo do mapa em ""Link adicional"".  ************* COMO É QUE FUNCIONA O SPACEST. COM? Spacest. com é uma plataforma online para alugueres de médio-longo prazo que foi criada como garantia para o arrendatário: verificamos todos os apartamentos e as fotos são recentes e fiáveis para que possa reservar online com paz de espírito para evitar que alguém o faça antes de si.  Para reservar online, siga o link no fundo da página (abaixo do mapa) e clique em ""alugar agora"". Se precisar de assistência, por favor contacte-nos e nós ajudá-lo-emos. Custos de abertura do contrato:  50€ to be paid in the check-in for administrative expenses + 1 monthly rent in advance A cozy brand new T1 Apartment located in Ajuda. The apartment has 1 bedroom with double bed, a bathroom, a fully equipped kitchenette together with a living room. It is close to Ajuda and Alcântara universities. Perfect for one person or for a couple. Bills are included up to €20,00 per person per month. This is the price for one person. If the apartment is rented for 2 people, €90,00 should be added to the monthly rental price. Horário de check-in e valores por pessoa: Segunda a sexta das 09:00 às 17:29: Gratuito Segunda a sexta 17:30 - 18:59: 25Eur Segunda a sexta 19:00 - 20:59: 35Eur Segunda a sexta depois das 21:00: adicione 5 Eur por hora Sábado, domingo e feriados: 09:00 - 10:59 - 40 Eur 11:00 - 17:29: 45 Eur 17:30 - 21:00: 50 Eur depois das 21h, adicione 5 Eur por hora This listing is subject to a price change starting from the month of September, to see the price change, click on ""View all costs"" at the moment of the reservation. *It is mandatory to pay to the Landlord the last month of rent in advance and the security deposit before the check-in date, other than the payment of the first monthly rent paid to Spacest. com when sending the booking request.",False,good,False,False,,18.0,{},{'typology': 'flat'},"{'subtitle': 'Ajuda, Lisboa', 'title': 'Apartamento no beco João Alves'}",False,False,False,False,{},[],False,False,,
34118932,https://img4.idealista.pt/blur/480_360_mq/0/id.pro.pt.image.master/9d/aa/44/281277319.webp,128886_060325,10,,1058.0,"{'price': {'amount': 1058.0, 'currencySuffix': '€/mês'}}",studio,rent,50.0,0,1,beco João Alves,Lisboa,Ajuda,Rio Seco - Casalinho,pt,38.7058154,-9.1937934,False,https://www.idealista.pt/imovel/34118932/,"Disponível em: 01/07/2025.  Reserve em linha clicando abaixo do mapa em ""Link adicional"".  ************* COMO É QUE FUNCIONA O SPACEST. COM? Spacest. com é uma plataforma online para alugueres de médio-longo prazo que foi criada como garantia para o arrendatário: verificamos todos os apartamentos e as fotos são recentes e fiáveis para que possa reservar online com paz de espírito para evitar que alguém o faça antes de si.  Para reservar online, siga o link no fundo da página (abaixo do mapa) e clique em ""alugar agora"". Se precisar de assistência, por favor contacte-nos e nós ajudá-lo-emos. Custos de abertura do contrato:  50€ to be paid in the check-in for administrative expenses + 1 monthly rent in advance Aviso de cancelamento: 1 meses A comfortable brand new studio located in Ajuda. The studio has 1 bedroom with double bed, a bathroom, a fully equipped kitchenette together with a living room. It is close to Ajuda and Alcântara universities. Perfect for one person or for a couple. Bills are included up to €20,00 per person per month. This is the price for one person. If the studio is rented for 2 people, €90,00 should be added to the monthly rental price. Horário de check-in e valores por pessoa: Segunda a sexta das 09:00 às 17:29: Gratuito Segunda a sexta 17:30 - 18:59: 25Eur Segunda a sexta 19:00 - 20:59: 35Eur Segunda a sexta depois das 21:00: adicione 5 Eur por hora Sábado, domingo e feriados: 09:00 - 10:59 - 40 Eur 11:00 - 17:29: 45 Eur 17:30 - 21:00: 50 Eur depois das 21h, adicione 5 Eur por hora *It is mandatory to pay to the Landlord the last month of rent in advance and the security deposit before the check-in date, other than the payment of the first monthly rent paid to Spacest. com when sending the booking request.",False,good,False,False,,21.0,{},"{'typology': 'flat', 'subTypology': 'studio'}","{'subtitle': 'Ajuda, Lisboa', 'title': 'T0 no beco João Alves'}",False,False,False,False,{},[],False,False,,
34118931,https://img4.idealista.pt/blur/480_360_mq/0/id.pro.pt.image.master/91/4d/ed/281277308.webp,128889_090325,7,,1116.0,"{'price': {'amount': 1116.0, 'currencySuffix': '€/mês'}}",studio,rent,50.0,0,1,beco João Alves,Lisboa,Ajuda,Rio Seco - Casalinho,pt,38.7058891,-9.193523,False,https://www.idealista.pt/imovel/34118931/,"Disponível em: 01/07/2025.  Reserve em linha clicando abaixo do mapa em ""Link adicional"".  ************* COMO É QUE FUNCIONA O SPACEST. COM? Spacest. com é uma plataforma online para alugueres de médio-longo prazo que foi criada como garantia para o arrendatário: verificamos todos os apartamentos e as fotos são recentes e fiáveis para que possa reservar online com paz de espírito para evitar que alguém o faça antes de si.  Para reservar online, siga o link no fundo da página (abaixo do mapa) e clique em ""alugar agora"". Se precisar de assistência, por favor contacte-nos e nós ajudá-lo-emos. Custos de abertura do contrato:  50€ to be paid in the check-in for administrative expenses + 1 monthly rent in advance Aviso de cancelamento: 1 meses A cozy brand new studio located in Ajuda. The studio has 1 bedroom with double bed, a bathroom, a fully equipped kitchenette together with a living room. It is close to Ajuda and Alcântara universities. Perfect for one person or for a couple. Bills are included up to €20,00 per person per month. This is the price for one person. If the studio is rented for 2 people, €90,00 should be added to the monthly rental price. Horário de check-in e valores por pessoa: Segunda a sexta das 09:00 às 17:29: Gratuito Segunda a sexta 17:30 - 18:59: 25Eur Segunda a sexta 19:00 - 20:59: 35Eur Segunda a sexta depois das 21:00: adicione 5 Eur por hora Sábado, domingo e feriados: 09:00 - 10:59 - 40 Eur 11:00 - 17:29: 45 Eur 17:30 - 21:00: 50 Eur depois das 21h, adicione 5 Eur por hora *It is mandatory to pay to the Landlord the last month of rent in advance and the security deposit before the check-in date, other than the payment of the first monthly rent paid to Spacest. com when sending the booking request.",False,good,False,False,,22.0,{},"{'typology': 'flat', 'subTypology': 'studio'}","{'subtitle': 'Ajuda, Lisboa', 'title': 'T0 no beco João Alves'}",False,False,False,False,{},[],False,False,,
34118930,https://img4.idealista.pt/blur/480_360_mq/0/id.pro.pt.image.master/42/74/04/281277295.webp,128891_110325,9,,970.0,"{'price': {'amount': 970.0, 'currencySuffix': '€/mês'}}",studio,rent,50.0,0,1,beco João Alves,Lisboa,Ajuda,Rio Seco - Casalinho,pt,38.7075775,-9.191587,False,https://www.idealista.pt/imovel/34118930/,"Disponível em: 01/07/2025.  Reserve em linha clicando abaixo do mapa em ""Link adicional"".  ************* COMO É QUE FUNCIONA O SPACEST. COM? Spacest. com é uma plataforma online para alugueres de médio-longo prazo que foi criada como garantia para o arrendatário: verificamos todos os apartamentos e as fotos são recentes e fiáveis para que possa reservar online com paz de espírito para evitar que alguém o faça antes de si.  Para reservar online, siga o link no fundo da página (abaixo do mapa) e clique em ""alugar agora"". Se precisar de assistência, por favor contacte-nos e nós ajudá-lo-emos. Custos de abertura do contrato:  50€ to be paid in the check-in for administrative expenses + 1 monthly rent in advance Aviso de cancelamento: 1 meses A cozy brand new studio located in Ajuda. The studio has double bed, a bathroom, a fully equipped kitchenette together with a living room. It is close to Ajuda and Alcântara universities. Perfect for one person or for a couple. Bills are included up to €20,00 per person per month. This is the price for one person. If the studio is rented for 2 people, €90,00 should be added to the monthly rental price. Horário de check-in e valores por pessoa: Segunda a sexta das 09:00 às 17:29: Gratuito Segunda a sexta 17:30 - 18:59: 25Eur Segunda a sexta 19:00 - 20:59: 35Eur Segunda a sexta depois das 21:00: adicione 5 Eur por hora Sábado, domingo e feriados: 09:00 - 10:59 - 40 Eur 11:00 - 17:29: 45 Eur 17:30 - 21:00: 50 Eur depois das 21h, adicione 5 Eur por hora *It is mandatory to pay to the Landlord the last month of rent in advance and the security deposit before the check-in date, other than the payment of the first monthly rent paid to Spacest. com when sending the booking request.",False,good,False,False,,19.0,{},"{'typology': 'flat', 'subTypology': 'studio'}","{'subtitle': 'Ajuda, Lisboa', 'title': 'T0 no beco João Alves'}",False,False,False,False,{},[],False,False,,
34118922,https://img4.idealista.pt/blur/480_360_mq/0/id.pro.pt.image.master/5f/e6/d9/281277061.webp,175893_030325,18,1,2030.0,"{'price': {'amount': 2030.0, 'currencySuffix': '€/mês'}}",flat,rent,65.0,3,1,rua Tenente Raul Cascais,Lisboa,Santo António,Rato - Amoreiras,pt,38.7193596,-9.1523219,False,https://www.idealista.pt/imovel/34118922/,"Disponível em: 01/07/2025.  Reserve em linha clicando abaixo do mapa em ""Link adicional"".  ************* COMO É QUE FUNCIONA O SPACEST.COM? Spacest.com é uma plataforma online para alugueres de médio-longo prazo que foi criada como garantia para o arrendatário: verificamos todos os apartamentos e as fotos são recentes e fiáveis para que possa reservar online com paz de espírito para evitar que alguém o faça antes de si.  Para reservar online, siga o link no fundo da página (abaixo do mapa) e clique em ""alugar agora"". Se precisar de assistência, por favor contacte-nos e nós ajudá-lo-emos. Custos de abertura do contrato:  50€ to be paid in the check-in for administrative expenses + 1 monthly rent in advance (EN) Welcome to a 3-bedroom apartment located in the heart of Lisbon on Rua Tenente Raul Cascais. This well-appointed apartment features ample natural light, a comfortable layout, and access to shared amenities, making it ideal for students, young professionals, or anyone seeking a convenient and welcoming space in Lisbon. Apartment Features: - Kitchen: A fully-equipped kitchen with modern appliances, including a stovetop, oven, fridge, and plenty of cabinet space for meal prep and storage. - Storage Room: A designated storage room for additional belongings, ensuring the main living spaces stay organized and clutter-free. - Living Room: A shared, spacious living room with comfortable seating and a cozy ambiance for relaxing or socializing. - Bathroom: A shared, modern bathroom with all essential fixtures, designed for convenience and easy access from all bedrooms. With nearby public transportation, local markets, and cafes within walking distance, this apartment on Rua Tenente Raul Cascais offers an ideal balance of comfort and city living in Lisbon. Please note: bills are included up to a limit of 60€ per month and maid once a week. (PT) Bem-vindo a um apartamento T3 localizado no coração de Lisboa na Rua Tenente Raul Cascais. Este apartamento bem equipado dispõe de muita luz natural, uma disposição confortável e acesso a comodidades comuns, sendo ideal para estudantes, jovens profissionais ou quem procura um espaço prático e acolhedor em Lisboa. Características do apartamento: - Cozinha: Cozinha totalmente equipada com electrodomésticos modernos incluindo placa, forno, frigorífico e muita arrumação para preparação e arrumação das refeições. - Sala de armazenamento: Uma sala de armazenamento designada para pertences adicionais, garantindo que as principais áreas de estar permanecem organizadas e desorganizadas. - Sala de Estar: Uma espaçosa área de estar comum com assentos confortáveis e um ambiente acolhedor para relaxar ou socializar. - Casa de banho: Uma casa de banho moderna e trendy com todos os acessórios essenciais, pensada para ser prática e de fácil acesso a partir de todas as divisões. Com transportes públicos nas proximidades, mercados locais e cafés a poucos passos, este apartamento na Rua Tenente Raul Cascais oferece o equilíbrio perfeito entre o conforto e a vida citadina em Lisboa. Nota: as utilidades estão incluídas até 60€ por mês e uma empregada de limpeza uma vez por semana.",False,good,False,False,,31.0,{},{'typology': 'flat'},"{'subtitle': 'Santo António, Lisboa', 'title': 'Apartamento na rua Tenente Raul Cascais'}",False,False,False,False,{},[],False,False,,
34118914,https://img4.idealista.pt/blur/480_360_mq/0/id.pro.pt.image.master/ca/43/26/281276896.webp,157400_200325,17,,2200.0,"{'price': {'amount': 2200.0, 'currencySuffix': '€/mês'}}",flat,rent,99.0,2,2,rua Cidade Vila Cabral,Lisboa,Olivais,,pt,38.7683717,-9.1208747,False,https://www.idealista.pt/imovel/34118914/,"Disponível em: 01/07/2025.  Reserve em linha clicando abaixo do mapa em ""Link adicional"".  ************* COMO É QUE FUNCIONA O SPACEST. COM? Spacest. com é uma plataforma online para alugueres de médio-longo prazo que foi criada como garantia para o arrendatário: verificamos todos os apartamentos e as fotos são recentes e fiáveis para que possa reservar online com paz de espírito para evitar que alguém o faça antes de si.  Para reservar online, siga o link no fundo da página (abaixo do mapa) e clique em ""alugar agora"". Se precisar de assistência, por favor contacte-nos e nós ajudá-lo-emos. EN 4 Bedroom apartment located in Olivais completely renovated within walking distance of Metro, airport, shopping, public transportation and local parks. Just next to Parque das Naçes with Free parking available and low traffic. Very peaceful and quiet neighborhood. Furnished individual bedrooms with bed, chair, desk and closet. Fully equipped kitchen and living room for shared use. High speed wireless internet. 2 full balthrooms. Male and female guests welcome. PT Apartamento T4 localizado nos Olivais completamente renovado a uma curta distância a pé do Metro, aeroporto, comércio, transportes públicos e parques locais. Mesmo ao lado do Parque das Nações com estacionamento gratuito disponível e pouco trânsito. Bairro muito calmo e tranquilo. Quartos individuais mobilados com cama, cadeira, secretária e roupeiro. Cozinha totalmente equipada e sala de estar para uso comum. Internet sem fios de alta velocidade. 2 casas de banho completas. Homens e mulheres são bem-vindos.",False,good,False,False,,22.0,{},{'typology': 'flat'},"{'subtitle': 'Olivais, Lisboa', 'title': 'Apartamento na rua Cidade Vila Cabral'}",False,False,False,False,{},[],False,False,,
34118796,https://img4.idealista.pt/blur/480_360_mq/0/id.pro.pt.image.master/f4/4b/67/281273135.webp,181696_160325,15,5,1750.0,"{'price': {'amount': 1750.0, 'currencySuffix': '€/mês'}}",studio,rent,50.0,0,1,avenida António Augusto de Aguiar,Lisboa,Avenidas Novas,Bairro Azul - Parque Eduardo VII,pt,38.7279173,-9.1500089,False,https://www.idealista.pt/imovel/34118796/,"Disponível em: 01/07/2025.  Reserve em linha clicando abaixo do mapa em ""Link adicional"".  ************* COMO É QUE FUNCIONA O SPACEST.COM? Spacest.com é uma plataforma online para alugueres de médio-longo prazo que foi criada como garantia para o arrendatário: verificamos todos os apartamentos e as fotos são recentes e fiáveis para que possa reservar online com paz de espírito para evitar que alguém o faça antes de si.  Para reservar online, siga o link no fundo da página (abaixo do mapa) e clique em ""alugar agora"". Se precisar de assistência, por favor contacte-nos e nós ajudá-lo-emos. Custos de abertura do contrato:  Administrative Fee: €275  *Besides the administration fee and the security deposit, the landlord also asks for the payment of the last month's rent before the check-in date. Aviso de cancelamento: 2 meses PT Descubra este estúdio elegante e totalmente mobilado, localizado na Av. António Augusto Aguiar, uma das zonas mais centrais e bem conectadas de Lisboa. Perfeito para estudantes, jovens profissionais ou casais, este espaço acolhedor oferece conforto e conveniência numa localização privilegiada. O estúdio dispõe de uma área de estar luminosa e aberta, uma cama confortável, uma kitchenette totalmente equipada e uma casa de banho privativa. Projetado para a funcionalidade, inclui comodidades essenciais, como espaço de arrumação, secretária e zona de estar, tornando-o ideal tanto para trabalhar como para relaxar. Com excelentes ligações de transportes públicos, incluindo metro e autocarros nas proximidades, terá fácil acesso às principais atrações de Lisboa, universidades, centros comerciais e restaurantes. Este é o lar perfeito para quem procura um espaço moderno, funcional e bem localizado no coração da cidade. � Localização: Av. António Augusto Aguiar, Lisboa � Estúdio | � Casa de Banho Privativa | �️ Kitchenette Totalmente Equipada | � Mobilado e Pronto a Habitar Extra por inquilino adicional: 250€/mês *A propriedade fica localizada dentro de um apartamento compartilhado. EN Discover this stylish and fully furnished studio apartment located on Av. António Augusto Aguiar, one of Lisbon’s most central and well-connected areas. Perfect for students, young professionals, or couples, this cozy space offers both comfort and convenience in a prime location. The studio features a bright and open living area, a comfortable bed, a fully equipped kitchenette, and a private bathroom. Designed for practicality, it includes essential amenities such as storage space, a desk, and a seating area, making it ideal for both work and relaxation. With excellent public transport links, including metro and bus stops nearby, you’ll have easy access to Lisbon’s main attractions, universities, shopping centers, and restaurants. This is the perfect home for those looking for a modern, functional, and well-located living space in the heart of the city. � Location: Av. António Augusto Aguiar, Lisbon � Studio Apartment | � Private Bathroom | �️ Fully Equipped Kitchenette | � Furnished & Ready to Move In Extra per additional tenant: €250/month *The property is located inside a shared apartment.",False,good,False,True,,35.0,{},"{'typology': 'flat', 'subTypology': 'studio'}","{'subtitle': 'Avenidas Novas, Lisboa', 'title': 'T0 na avenida António Augusto de Aguiar'}",False,False,False,False,{},[],False,False,,
34118795,https://img4.idealista.pt/blur/480_360_mq/0/id.pro.pt.image.master/80/3d/af/281273122.webp,165233_230325,12,,1300.0,"{'price': {'amount': 1300.0, 'currencySuffix': '€/mês'}}",studio,rent,36.0,0,1,rua da Páscoa,Lisboa,Campo de Ourique,Santa Isabel,pt,38.7176281,-9.1608052,False,https://www.idealista.pt/imovel/34118795/,"Disponível em: 01/07/2025.  Reserve em linha clicando abaixo do mapa em ""Link adicional"".  ************* COMO É QUE FUNCIONA O SPACEST.COM? Spacest.com é uma plataforma online para alugueres de médio-longo prazo que foi criada como garantia para o arrendatário: verificamos todos os apartamentos e as fotos são recentes e fiáveis para que possa reservar online com paz de espírito para evitar que alguém o faça antes de si.  Para reservar online, siga o link no fundo da página (abaixo do mapa) e clique em ""alugar agora"". Se precisar de assistência, por favor contacte-nos e nós ajudá-lo-emos. Custos de abertura do contrato:  Administrative fee: €130 EN Discover this delightful studio in the heart of Campo de Ourique, one of Lisbon’s most vibrant neighbourhoods. This cozy space offers an open-plan layout that seamlessly integrates living, dining, and sleeping areas. The fully equipped modern kitchen boasts high-quality appliances, while the contemporary bathroom features a shower. The windows flood the apartment with natural light, creating a bright and airy ambiance. Polished hardwood floors and tasteful décor add to the overall charm and quality of the space. Situated close to cafes, restaurants, shops, and parks, this prime location is also well-connected by public transport. The building also offers a small gym and desk space Experience the charm of Campo de Ourique in this beautiful studio! Additional Costs: Utilities: Not included; estimated at 120€ per month, additional charges may apply for overages Monthly Cleaning Service: 60€/month (mandatory) Note: Administrative fee not included PT Descubra este encantador estúdio no coração de Campo de Ourique, um dos bairros mais vibrantes de Lisboa. Este espaço acolhedor oferece uma disposição em plano aberto que integra perfeitamente as áreas de estar, de jantar e de dormir. A moderna cozinha totalmente equipada possui electrodomésticos de alta qualidade, enquanto a casa de banho contemporânea tem um chuveiro. As janelas inundam o apartamento com luz natural, criando um ambiente luminoso e arejado. Os pisos de madeira polida e a decoração de bom gosto contribuem para o encanto geral e a qualidade do espaço. Situado perto de cafés, restaurantes, lojas e parques, esta localização privilegiada também está bem servida por transportes públicos. O edifício também oferece um pequeno ginásio e um espaço de secretária Experimente o charme de Campo de Ourique neste belo estúdio! Custos adicionais: Despesas (água, luz internet - Não incluídas): 120€ por mês, podem ser aplicados custos adicionais pelo excedente Taxa de limpeza: 60€ por mês (obrigatório) Nota: Taxa administrativa não incluída.",False,good,False,False,,36.0,{},"{'typology': 'flat', 'subTypology': 'studio'}","{'subtitle': 'Campo de Ourique, Lisboa', 'title': 'T0 na rua da Páscoa'}",False,False,False,False,{},[],False,False,,
34096086,https://img4.idealista.pt/blur/480_360_mq/0/id.pro.pt.image.master/8b/1a/3e/280363700.webp,3326 HP,25,2,1750.0,"{'price': {'amount': 1750.0, 'currencySuffix': '€/mês'}}",flat,rent,60.0,1,1,São Sebastião da Pedreira,Lisboa,Avenidas Novas,São Sebastião da Pedreira,pt,38.7314002,-9.1496772,False,https://www.idealista.pt/imovel/34096086/,"Optimo apartamento para arrendar nas Avenidas Novas, totalmente mobilado e equipado (disponibilidade a partir de Maio 2025). O apartamento tem um bom hall de entrada, a Sala é muito confortável e está toda mobilada; o quarto tem um tamanho razoável, tem mobília mas não é fornecida roupa de casa e a casa de banho é completa com banheira de hidromassagem e secador de toalhas. Na cozinha - tipo americana - para além dos equipamentos electrodomésticos tem louças de mesa e de cozinha. Tem bons acabamentos: soalho flutuante, estores electricos, vidros duplos, aquecimento central porta de alta segurança. No valor da renda está incluído um lugar de garagem. A localização é muito boa, perto do Saldanha, com acesso a 2 estações de Metro, vários transportes públicos e não muito longe do Marques de Pombal. O prédio é recente e tem 2 elevadores.  Categoria Energética: C  ref: 3326 HP.",False,good,False,True,"{'hasParkingSpace': True, 'isParkingSpaceIncludedInPrice': True}",29.0,{},{'typology': 'flat'},"{'subtitle': 'Avenidas Novas, Lisboa', 'title': 'Apartamento'}",True,False,False,False,{},[],False,False,,
34118718,https://img4.idealista.pt/blur/480_360_mq/0/id.pro.pt.image.master/8f/fd/1c/281270753.webp,154569_090325,26,1,1400.0,"{'price': {'amount': 1400.0, 'currencySuffix': '€/mês'}}",flat,rent,64.0,1,1,rua Braamcamp Freire,Lisboa,Penha de França,Alto de São João - Alto do Varejão,pt,38.7246643,-9.1182581,False,https://www.idealista.pt/imovel/34118718/,"Disponível em: 01/07/2025.  Reserve em linha clicando abaixo do mapa em ""Link adicional"".  ************* COMO É QUE FUNCIONA O SPACEST. COM? Spacest. com é uma plataforma online para alugueres de médio-longo prazo que foi criada como garantia para o arrendatário: verificamos todos os apartamentos e as fotos são recentes e fiáveis para que possa reservar online com paz de espírito para evitar que alguém o faça antes de si.  Para reservar online, siga o link no fundo da página (abaixo do mapa) e clique em ""alugar agora"". Se precisar de assistência, por favor contacte-nos e nós ajudá-lo-emos. Custos de abertura do contrato:  The amount paid is used to cover costs such as registration of the contract and cleaning service. - For reservations from August to October: 40% of the rent - For reservations all other months: €100 - Re-book fee: €100 *Before your stay, you'll be asked to make the final payment for the last month's rent, deposit, and entry fee (if applicable) Custos de encerramento do contrato:  Located in Penha de França, this home offers easy access to many bus stops. Pharmacies, supermarkets are conveniently located nearby, making everyday life more convenient. The furnished 1-bedroom apartment is spacious and well equipped. The kitchen has all the necessary appliances and utensils for cooking meals. The property is on the 1st floor of a building without an elevator and includes a private office and terrace. All bills are included up to 60 euros. Pillows, duvet, bed sheets and towels are not provided. How does our Reservation Process work: Once your room is booked here, you will receive an email from the landlord requesting the necessary documents to prepare the contract. You must then proceed with paying the last rent, deposit and entry fee directly to the landlord. Your check-in is authorized ONLY 24h after this payment is confirmed in our bank account and the contract is signed. Our check-ins are from Monday to Saturday from 4pm until 7:30pm. No check-ins on Sundays and bank holidays.",False,good,False,False,,22.0,{},{'typology': 'flat'},"{'subtitle': 'Penha de França, Lisboa', 'title': 'Apartamento na rua Braamcamp Freire'}",False,False,False,False,{},[],False,False,,
34118695,https://img4.idealista.pt/blur/480_360_mq/0/id.pro.pt.image.master/65/60/89/281269977.webp,173906_260325,25,1,1600.0,"{'price': {'amount': 1600.0, 'currencySuffix': '€/mês'}}",flat,rent,40.0,1,1,rua do Cardal de São José,Lisboa,Santo António,Campo de Santana - Santa Marta,pt,38.7200462,-9.1432376,False,https://www.idealista.pt/imovel/34118695/,"Disponível em: 01/07/2025.  Reserve em linha clicando abaixo do mapa em ""Link adicional"".  ************* COMO É QUE FUNCIONA O SPACEST. COM? Spacest. com é uma plataforma online para alugueres de médio-longo prazo que foi criada como garantia para o arrendatário: verificamos todos os apartamentos e as fotos são recentes e fiáveis para que possa reservar online com paz de espírito para evitar que alguém o faça antes de si.  Para reservar online, siga o link no fundo da página (abaixo do mapa) e clique em ""alugar agora"". Se precisar de assistência, por favor contacte-nos e nós ajudá-lo-emos. Custos de abertura do contrato:  The amount paid is used to cover costs such as registration of the contract and cleaning service. - For reservations from August to October: 40% of the rent - For reservations all other months: €100 - Re-book fee: €100 *Before your stay, you'll be asked to make the final payment for the last month's rent, deposit, and entry fee (if applicable) Custos de encerramento do contrato:  Located in Avenida, this home offers easy access to metro Avenida (blue line) and bus stops. Pharmacies, supermarkets are conveniently located nearby, making everyday life more convenient. The furnished 2-bedroom apartment is spacious and well equipped. The kitchen has all the necessary appliances and utensils for cooking meals. The property is located in a first floor without elevator.  How does our Reservation Process work: Once your room is booked here, you will receive an email from the landlord requesting the necessary documents to prepare the contract. You must then proceed with paying the last rent, deposit and entry fee directly to the landlord. Your check-in is authorized ONLY 24h after this payment is confirmed in our bank account and the contract is signed. Our check-ins are from Monday to Saturday from 4pm until 7:30pm. No check-ins on Sundays and bank holidays.",False,good,False,False,,40.0,{},{'typology': 'flat'},"{'subtitle': 'Santo António, Lisboa', 'title': 'Apartamento na rua do Cardal de São José'}",False,False,False,False,{},[],False,False,,
34118561,https://img4.idealista.pt/blur/480_360_mq/0/id.pro.pt.image.master/76/94/fb/281268839.webp,,11,4,1600.0,"{'price': {'amount': 1600.0, 'currencySuffix': '€/mês'}}",flat,rent,63.0,1,1,rua Pascoal de Melo,Lisboa,Arroios,São Jorge de Arroios,pt,38.7315998,-9.1374326,False,https://www.idealista.pt/imovel/34118561/,"T1 na Pascoal de Melo ao Saldanha com garagem Muita luz  Ótimas janelas, vidros duplos  4 andar  em prédio com 2 elevadores  Prédio construção recente  com ótima área  Cozinha totalmente equipada com maquina de lavar e secar a roupa, loiça frigorifico e todos os eletrodomésticos Casa mobilada como nas fotos Quarto com um bom roupeiro, espaçoso com luz Casa de banho com banheira e aquecimento  Aquecimento Sala com 2 ambientes Pede se 2 cauções e comprovativos de rendimento.",True,good,False,True,"{'hasParkingSpace': True, 'isParkingSpaceIncludedInPrice': True}",25.0,{},{'typology': 'flat'},"{'subtitle': 'Estefânia, Lisboa', 'title': 'Apartamento na rua Pascoal de Melo'}",False,False,False,False,{},[],False,False,Estefânia,
34118535,https://img4.idealista.pt/blur/480_360_mq/0/id.pro.pt.image.master/7f/3c/7d/281266006.webp,Qta Lambert,26,6,1850.0,"{'price': {'amount': 1850.0, 'currencySuffix': '€/mês'}}",flat,rent,93.0,3,2,rua José Galhardo,Lisboa,Lumiar,Alto do Lumiar - Quinta das Conchas - Quinta do Lambert,pt,38.7621486,-9.1525368,False,https://www.idealista.pt/imovel/34118535/,"T3 totalmente renovado na Quinta do Lambert Sobre o apartamento: Apartamento totalmente renovado com cozinha equipada e zona de lavandaria. Dispõe de 3 quartos, sendo um deles em suite. Dispõe de 1 lugar de estacionamento. Sobre a localização: Situado na Quinta do Lambert, esta localizaçao tem para lhe oferecer, facilidade de acessos, comércio de rua e a proximidade aos princpais transportes publicos, incluido metro. Não perca a oportunidade de conhecer a sua próxima casa e venha visita! Nota: A informação disponibilizada não dispensa a sua confirmação e não pode ser considerada vinculativa. Imóvel com a Licença de Utilização n. º 33 de 1987/02/13 emitida pela CM Lisboa.",True,good,False,True,"{'hasParkingSpace': True, 'isParkingSpaceIncludedInPrice': True}",20.0,{},{'typology': 'flat'},"{'subtitle': 'Lumiar, Lisboa', 'title': 'Apartamento na rua José Galhardo'}",True,False,False,False,{},[],False,False,,
34118585,https://img4.idealista.pt/blur/480_360_mq/0/id.pro.pt.image.master/0c/d1/fa/281267331.webp,100106_260325,18,,1050.0,"{'price': {'amount': 1050.0, 'currencySuffix': '€/mês'}}",studio,rent,65.0,0,1,rua Carlos Malheiro Dias,Lisboa,Alvalade,São João de Brito,pt,38.7546847,-9.134781,False,https://www.idealista.pt/imovel/34118585/,"Disponível em: 01/07/2025.  Reserve em linha clicando abaixo do mapa em ""Link adicional"".  ************* COMO É QUE FUNCIONA O SPACEST.COM? Spacest.com é uma plataforma online para alugueres de médio-longo prazo que foi criada como garantia para o arrendatário: verificamos todos os apartamentos e as fotos são recentes e fiáveis para que possa reservar online com paz de espírito para evitar que alguém o faça antes de si.  Para reservar online, siga o link no fundo da página (abaixo do mapa) e clique em ""alugar agora"". Se precisar de assistência, por favor contacte-nos e nós ajudá-lo-emos. Custos de abertura do contrato:  Administration fee for contract opening expenses: €45 Aviso de cancelamento: 2 meses EN Casa Dias – D3 is a residence close to the center of Lisbon (Alvalade) aimed at students and young professionals. It is located close to the Metro Station of Alvalade and Roma. The studio is furnished with a full bed and set of sheets, duvet and pillow with cover, bedside table with lamp, wardrobe, chest of drawers, desk with bench and waste bin. The living area has a dining table with chairs, TV, reading material, and access to the clothesline. There is unlimited wireless internet throughout the house, and cable TV. The house is cleaned weekly by the cleaning staff. The kitchen has 1 (one) refrigerator with a freezer, stove, oven, and microwave and is fully equipped with crockery, glasses, cutlery, pots, pans, and a set of knives. This location allows the house to benefit from a varied network of local commerce, using Continente supermarkets, mini-markets, cafes, restaurants, butchers, pharmacies, and banks. It is possible to reach the metro and train stations of Alvalade and Roma in a few minutes. The house is located in the city center, allowing it to be served by a wide range of public transport with connections to all parts of the city, including the airport: metro, bus, and taxis! Landlord’s General Rules:   - Checking in on holidays, weekends or on weekdays before 8 AM or after 6 PM have a fee of 34,99€ - All expenses are included in the monthly rent price (Internet, cable TV, electricity, water, gas) UP TO 80€/month. In case this amount is exceeded, payment of the remaining amount must be made separately. - Price for an additional tenant: + €50/month - Cleaning Fee (1x/week): 49,99€/month - Fridge inside the room (minimum 6 months): 14,99€/month   - The monthly rent should always be paid entirely. Even if the tenant enters the room on a day different than the 1st of the month, or leaves on a date different than the 30th of the month. PT A Casa Dias - D1 é uma residência perto do centro de Lisboa (Alvalade) destinada a estudantes e jovens profissionais. Localiza-se perto da Estação de Metro de Alvalade e Roma. O estúdio está mobilado com uma cama de casal e um conjunto de lençóis, edredão e almofada com capa, mesa de cabeceira com candeeiro, roupeiro, cómoda, secretária com banco e caixote do lixo. A sala de estar tem uma mesa de jantar com cadeiras, televisão, material de leitura e acesso ao estendal. Há Internet sem fios ilimitada em toda a casa e televisão por cabo. A casa é limpa semanalmente pela equipa de limpeza. A cozinha tem 1 (um) frigorífico com congelador, fogão, forno e micro-ondas e está totalmente equipada com louça, copos, talheres, tachos, panelas e um conjunto de facas. Esta localização permite à casa beneficiar de uma variada rede de comércio local, recorrendo a supermercados Continente, mini-mercados, cafés, restaurantes, talhos, farmácias e bancos. It is possible to reach the metro and train stations of Alvalade and Roma in a few minutes. The house is located in the city center, allowing it to be served by a wide range of public transport with connections to all parts of the city, including the airport: metro, bus, and taxis! Re.",False,good,False,False,,16.0,{},"{'typology': 'flat', 'subTypology': 'studio'}","{'subtitle': 'Alvalade, Lisboa', 'title': 'T0 na rua Carlos Malheiro Dias'}",False,False,False,False,{},[],False,False,,
34053345,https://img4.idealista.pt/blur/480_360_mq/0/id.pro.pt.image.master/b8/56/dd/278326066.webp,122162_020325,12,5,1250.0,"{'price': {'amount': 1250.0, 'currencySuffix': '€/mês'}}",flat,rent,45.0,1,1,rua de São Paulo,Lisboa,Misericórdia,Chiado - Pç. de Camões,pt,38.7079383,-9.1446199,False,https://www.idealista.pt/imovel/34053345/,"Disponível em: 01/07/2025.  Reserve em linha clicando abaixo do mapa em ""Link adicional"".  ************* COMO É QUE FUNCIONA O SPACEST. COM? Spacest. com é uma plataforma online para alugueres de médio-longo prazo que foi criada como garantia para o arrendatário: verificamos todos os apartamentos e as fotos são recentes e fiáveis para que possa reservar online com paz de espírito para evitar que alguém o faça antes de si.  Para reservar online, siga o link no fundo da página (abaixo do mapa) e clique em ""alugar agora"". Se precisar de assistência, por favor contacte-nos e nós ajudá-lo-emos. Aviso de cancelamento: 1 meses Bright, sweet and quiet 1 bedroom flat in Lisboa's heart.  *Ranked the 2nd ""coolest"" neighborhood in the world! *  Metro, train & bus stops: Cais do sodre (2'' walking), Baixa Chiado (7"" walking). Perfect location for restos, bars, museums, & the waterfront. A quiet & comfortable getaway to access city life. Steps from the famous Time Out Market, the iconic Tram, Pink Street, the Rio Tejo, and Praça do Comércio. This is fully equipped with everything you might need. It is extremely bright and sunny (with shades of course), and silent on the fifth floor (with an elevator) of one of the busiest and most desirable streets in Lisbon. It's great for people who might work from home, since I've got a desk in the bedroom with an ergonomic chair and a huge external monitor for you to use. High-speed wifi.  *This flat is in an old building in Lisbon, so the entrance and the lift are quite old, as is quite typical Portuguese old buildings - a bit shabby. But this should not affect your stay and is very typical Lisbon - the inside of the flat itself is updated and great! *  Bedroom: Queen-sized bed with fresh sheets and blankets. Towel service for each guest. Clothing rack with hangers, and additional racks for shoes. Large window (with shades) to fill the room with sun.  Bathroom: Shampoo, conditioner, body wash, hair dryer.  Washing machine with laundry detergent, and a drying rack for your clothes.  Kitchen: Oven, stovetop, microwave, Nespresso machine, sandwich maker, refrigerator (no freezer), drying rack. The cooking essentials - pots, pans, utensils, plates, cups, olive oil, salt and pepper. To start the morning off right: Coffee, tea, and sugar.  Living room: Sofa bed (for two), television, fibre optic wifi, dining table with four settings. Large window. Extra unit for storage/shoes.",False,good,False,True,,28.0,{},{'typology': 'flat'},"{'subtitle': 'Misericórdia, Lisboa', 'title': 'Apartamento na rua de São Paulo'}",False,False,False,False,{},[],False,False,,
33522915,https://img4.idealista.pt/blur/480_360_mq/0/id.pro.pt.image.master/28/79/7c/249946462.webp,T1,56,1,1750.0,"{'price': {'amount': 1750.0, 'currencySuffix': '€/mês'}}",flat,rent,68.0,1,1,"José Travassos, 29",Lisboa,Lumiar,Centro,pt,38.7635849,-9.1631307,True,https://www.idealista.pt/empreendimento/33522915/,"DISPONÍVEL A PARTIR DO DIA 1 DE JUNHO Arrendamento com electrodomésticos e sem mobília.  Terraço com 50 m2. Condições: Máxima utilização - 2 pessoas Não são autorizados animais de estimação Não é permitido fumar Contrato anual renovável automaticamente pelo mesmo período 2 rendas e 2 mês de caução Necessidade de fiadores Apresentação de IRS ou recibos de vencimento dos últimos 3 meses. Despesas não incluídas. Venha visitar o ALVALADE XXIX RESIDENCES, situado em Telheiras, junto ao estádio Alvalade XXI, numa zona elevada e com uma vista desafogada. Zona de confluência de todas as grandes vias de distribuição do trânsito de Lisboa, o empreendimento encontra-se servido por várias estações de metro a 5 minutos de distância. O Parque das Conchas, o Jardim do Campo Grande, o Campo de Golf do Paço do Lumiar, o Hipódromo do Campo Grande e várias instituições de ensino privado de elevada qualidade encontram-se nas imediações. Com materiais nobres e acabamentos de luxo, o edifício possui fachadas ventiladas e os melhores materiais de isolamento acústico e térmico utilizados em construção, o que lhe confere uma elevadíssima qualidade construtiva. O estacionamento não se apresenta como um problema, existindo, para além do estacionamento privado do edifício, uma zona EMEL de estacionamento reservado exclusivamente a residentes. Venha visitar o ALVALADE XXIX RESIDENCES, situado na zona da cidade de Lisboa com a melhor relação preço por metro quadro versus localização.",True,newdevelopment,True,True,"{'hasParkingSpace': True, 'isParkingSpaceIncludedInPrice': True}",26.0,{},{'typology': 'flat'},"{'subtitle': 'Lumiar, Lisboa', 'title': 'Apartamento em José Travassos, 29'}",True,False,False,False,{},[],False,False,,True
34118533,https://img4.idealista.pt/blur/480_360_mq/0/id.pro.pt.image.master/a8/09/69/281265660.webp,85724520,18,4,6000.0,"{'price': {'amount': 6000.0, 'currencySuffix': '€/mês'}}",flat,rent,220.0,3,3,Santos-o-Velho - Madragoa,Lisboa,Estrela,Santos-o-Velho - Madragoa,pt,38.7063504,-9.1550989,False,https://www.idealista.pt/imovel/34118533/,"Apartamento com 3 quartos e varanda, muito bem localizado na zona de Santos, em Lisboa, a poucos minutos do rio Tejo e com ótimos acessos e boa oferta de transportes públicos, comércio e serviços. O apartamento foi totalmente renovado, é muito luminoso e conta com ótimas áreas. Dispõe ainda de 2 lugares de estacionamento e vista desafogada. Área útil: 146m2 | Licença de Utilização nº328/UT-CML/2022.",False,good,False,True,"{'hasParkingSpace': True, 'isParkingSpaceIncludedInPrice': True}",27.0,{},{'typology': 'flat'},"{'subtitle': 'Estrela, Lisboa', 'title': 'Apartamento'}",False,False,False,False,{},[],False,False,,
34102600,https://img4.idealista.pt/blur/480_360_mq/0/id.pro.pt.image.master/a3/de/24/280657890.webp,APA_723,21,3,4200.0,"{'price': {'amount': 4200.0, 'currencySuffix': '€/mês'}}",flat,rent,117.0,2,3,Chiado - Pç. de Camões,Lisboa,Misericórdia,Chiado - Pç. de Camões,pt,38.7115526,-9.1418303,False,https://www.idealista.pt/imovel/34102600/,"Apartamento com 117 m2 localizado no coração do Chiado. Inserido em edificio histórico e protegido, este apartamento, com 117 m2 foi totalmente renovado mantendo o seu pé-direito com mais de 3 metros e o chão em madeira original. Dispõe de uma ampla sala de estar e de jantar, com acesso a uma varanda com uma vista fantástica de Lisboa. A cozinha, separada da sala, está totalmente equipada com eletrodomésticos da marca Siemens e inclui um espaço de lavandaria. Conta ainda com uma casa de banho social. O corredor de acesso aos quartos tem muita arrumação. A zona privativa é composta por duas suites, uma com 18 m2 e outra com 10 m2, tendo cada casa de banho dois lavatórios. Os quartos têm acesso a uma pequena varanda com vista para um sino de época já desativado. Localizado no Chiado, este apartamento beneficia de uma localização privilegiada, rodeada por lojas, cafés, restaurantes e com fácil acesso a transportes públicos.  Isento de licença de utilização por ser anterior a 1951.",False,good,False,True,,36.0,{},{'typology': 'flat'},"{'subtitle': 'Misericórdia, Lisboa', 'title': 'Apartamento'}",True,False,False,False,{},[],False,False,,
34118329,https://img4.idealista.pt/blur/480_360_mq/0/id.pro.pt.image.master/dd/2f/45/281256861.webp,,28,1,2590.0,"{'price': {'amount': 2590.0, 'currencySuffix': '€/mês'}}",duplex,rent,112.0,1,2,"rua Vítor Cordon, 31",Lisboa,Misericórdia,Chiado - Pç. de Camões,pt,38.7079269,-9.1415939,True,https://www.idealista.pt/imovel/34118329/,"Apartamento elegante duplex no coração do Chiado, uma das zonas mais prestigiadas de Lisboa, próximo de transportes públicos, cafés, restaurantes, supermercados e uma ampla variedade de comércio e serviços. O imóvel está totalmente mobilado e equipado, incluindo ar condicionado, e encontra-se num edifício com elevador. Composição: - Cozinha totalmente equipada - Sala espaçosa - Quarto em suíte - Casa de banho adicional - Lugar de garagem � Contrato mínimo de 1 ano � Condições: 2 rendas + 2 cauções � Licença AMI: 19850.",False,good,False,True,"{'hasParkingSpace': True, 'isParkingSpaceIncludedInPrice': True}",23.0,{},"{'typology': 'flat', 'subTypology': 'duplex'}","{'subtitle': 'Misericórdia, Lisboa', 'title': 'Duplex na rua Vítor Cordon, 31'}",False,False,False,False,{},[],False,False,,
34117266,https://img4.idealista.pt/blur/480_360_mq/0/id.pro.pt.image.master/78/b7/a3/281215819.webp,KWPT-013878,17,1,1350.0,"{'price': {'amount': 1350.0, 'currencySuffix': '€/mês'}}",flat,rent,65.0,2,1,"rua da Beneficência, 235",Lisboa,Avenidas Novas,Entrecampos,pt,38.7446798,-9.1586532,True,https://www.idealista.pt/imovel/34117266/,"Apartamento T2 recentemente renovado para arrendamento, situado na Rua da Beneficência, em plena zona das Avenidas Novas, Lisboa. Com uma área bruta de 65 m², este apartamento localiza-se no 1. º andar de um prédio com elevador. É composto por sala, dois quartos, uma casa de banho e uma varanda fechada adaptada a lavandaria. A cozinha está totalmente equipada e o imóvel dispõe de estores elétricos. Localizado numa zona central, com comércio, serviços e restauração a curta distância. Bons acessos a transportes públicos, com estações de metro (Praça de Espanha e Entrecampos) e várias paragens de autocarro nas imediações. Marque já a sua visita. EN Recently renovated 2-bedroom apartment for rent, located on Rua da Beneficência, in the heart of Avenidas Novas, Lisbon. With a gross area of 65 sqm, the apartment is on the 1st floor of a building with a lift. It includes a living room, two bedrooms, one bathroom, and a closed balcony used as a laundry area. The kitchen is fully equipped, and the property features electric shutters. Set in a central area with shops, services and restaurants nearby. Well connected by public transport, with metro stations (Praça de Espanha and Entrecampos) and several bus stops within walking distance. Book your visit today.",True,good,False,True,,21.0,{},{'typology': 'flat'},"{'subtitle': 'Avenidas Novas, Lisboa', 'title': 'Apartamento na rua da Beneficência, 235'}",False,False,False,False,{},[],False,False,,
34118470,https://img4.idealista.pt/blur/480_360_mq/0/id.pro.pt.image.master/55/34/6f/281285830.webp,5280-ARR-SF,21,2,1800.0,"{'price': {'amount': 1800.0, 'currencySuffix': '€/mês'}}",flat,rent,53.0,1,1,"rua Basílio Teles, 9",Lisboa,São Domingos de Benfica,Sete Rios,pt,38.7392578,-9.1634646,True,https://www.idealista.pt/imovel/34118470/,"Arrendamento de T1 em condomínio com jardim e piscina junto à Praça de Espanha  Arrendamento de apartamento T1, a estrear, localiza-se na Rua Basílio Teles, em Lisboa, a dois passos da Praça de Espanha e dos Jardins da Gulbenkian. Está situado num segundo andar com elevador e possui um quarto com armário embutido, kitchenette totalmente equipada e uma sala luminosa com uma ótima varanda virada para o jardim e piscina do empreendimento. Para o seu conforto, este apartamento está ainda equipado com ar condicionado Os seus fins de tarde e fins de semana poderão ainda ser passados na pequena piscina do condomínio ou a relaxar no jardim comum. A localização é fantástica, a dois passos da Praça de Espanha e jardins da Gulbenkian, do El Corte Ingles e do jardim Zoológico de Lisboa. A 2 minutos pode encontrar o hospital IPO e a Avenida Columbano Bordalo Pinheiro com diverso comércio e transportes.    A 5 minutos a pé encontra-se a estação de Metro mais próxima (Sete Rios), a estação de comboios e o Terminal rodoviário de Sete-Rios. No bairro para além de diversos restaurantes e cafés, assim como supermercados e lojas de conveniência, tem ainda o Colégio São Tomás e a Escola Internacional Parque. Viver neste apartamento é estar no centro de Lisboa, ter todos os serviços à porta de casa e fazer toda a sua vida a pé. Condições de arrendamento: - Contrato de longo termo (1 ano mínimo). - 2 rendas em avanço na assinatura do contrato - Caução equivalente a dois meses de renda. - Despesas NÃO INCLUIDAS no valor da renda. - Comprovativos de rendimentos (IRS e nota de liquidação ou outro meio em caso de cidadão estrangeiros) - Fiador ou outra garantia como mais rendas adiantadas Licença de Utilização nº2517 emitida pela CML em 14/11/2024 5SP Lda - AMI 22398.",False,good,False,True,,34.0,{},{'typology': 'flat'},"{'subtitle': 'São Domingos de Benfica, Lisboa', 'title': 'Apartamento na rua Basílio Teles, 9'}",True,False,False,False,{},[],False,False,,
34118426,https://img4.idealista.pt/blur/480_360_mq/0/id.pro.pt.image.master/58/56/2b/281260734.webp,KWPT-014071,20,,1750.0,"{'price': {'amount': 1750.0, 'currencySuffix': '€/mês'}}",flat,rent,84.0,1,1,rua Gonçalves Crespo s/n,Lisboa,Arroios,São Jorge de Arroios,pt,38.7271275,-9.1428526,True,https://www.idealista.pt/imovel/34118426/,"Localizado no edifício ""CITIFLAT Centro"", da autoria do conceituado gabinete de arquitetura ""Saraiva + Associados"", este imóvel faz parte de um projeto concluído em 2021 especialmente concebido para jovens profissionais, oferecendo apartamentos de tipologias T0, T1 e Duplex, distribuídos por 7 pisos, totalizando 38 unidades habitacionais. Este empreendimento foi nomeado para o Prémio Nacional do Imobiliário 2021 na categoria de Habitação, reconhecendo a sua excelência no setor imobiliário português. O apartamento, situado num 1º andar, com uma área interior de 49m2 e contando com um fabuloso terraço de 35m2, apresenta uma distribuição funcional com um design moderno e minimalista, com grandes envidraçados a permitirem o contacto com o exterior e a entrada de muita luz natural. Possui um inovador sistema de ar condicionado VRF (em que é utilizada apenas a quantidade de energia necessária para cada divisão da casa, permitindo um maior controlo individual, maior eficiência energética e redução do consumo elétrico), janelas com vidro duplo e proteção solar móvel com lâminas metálicas. Tem de uma arrecadação com 4m2 e existe a possibilidade de arrendar um lugar de estacionamento na garagem do prédio (não incluído no valor de renda), que dispõe de carregamento eléctrico. Com uma localização de excelência, permite um total equilíbrio entre vários factores: - Atmosfera Cosmopolita: Inserida numa zona multicultural, vibrante e autêntica, perfeita para explorar a verdadeira essência de Lisboa. - Proximidade às Atrações: A poucos minutos da icónica Avenida da Liberdade, com lojas de luxo, restaurantes e teatros, e perto de miradouros como o Miradouro da Senhora do Monte e o Miradouro do Torel, que oferecem vistas deslumbrantes da cidade. - Cultura e Gastronomia: Acesso fácil a teatros, museus, e uma vasta escolha de restaurantes locais e internacionais. - Mobilidade: Bem servida por transportes públicos, com as estações de metro Picoas e Anjos próximas, além de ligações rápidas aos bairros históricos como Alfama, Chiado e o Castelo de São Jorge. Condições do Contrato: - duração de 1 ano (possibilidade de renovar mediante o interesse das duas partes) - 2 rendas adiantadas - 1 rendas de caução - fiador (factor preferencial mas não eliminatório) ou comprovativo de capacidade financeira (garantia bancária / declaração de IRS /últimos recibos de vencimento) Não deixe escapar esta oportunidade. Agenda já a sua visita. Este imóvel está angariado em regime de exclusividade. Estabelecemos parcerias com todas as agência com licença AMI válida. Licença de utilização: 323.",False,good,False,,"{'hasParkingSpace': True, 'isParkingSpaceIncludedInPrice': True}",21.0,{},{'typology': 'flat'},"{'subtitle': 'Estefânia, Lisboa', 'title': 'Apartamento na rua Gonçalves Crespo s/n'}",True,False,False,False,{},[],False,False,Estefânia,
34118424,https://img4.idealista.pt/blur/480_360_mq/0/id.pro.pt.image.master/d1/4c/0e/281260672.webp,KWPT-011079,31,,1500.0,"{'price': {'amount': 1500.0, 'currencySuffix': '€/mês'}}",flat,rent,82.0,2,1,Restelo,Lisboa,Belém,Restelo,pt,38.7060534,-9.2060254,False,https://www.idealista.pt/imovel/34118424/,"T 2 com uma vista deslumbrante sobre o rio Tejo é composto por: . Sala,. Dois quartos, . Cozinha equipada com varanda fechada . Uma casa de banho. Apartamento em bom estado de conservação em prédio bem cuidado. Está numa zona privilegiada, com acesso fácil a todo o tipo de comodidades, como comercio, transportes públicos, restaurantes, escola, hospitais e muito mais. Belém é uma das zonas mais emblemáticas e procuradas de Lisboa, rica em cultura e história. A região oferece vários pontos de interesse, como o Mosteiro dos Jerónimos, a Torre de Belém, o Jardim Botânico, o Centro cultural de Belém, entre outros. Não perca a oportunidade de viver num sitio com enorme qualidade de vida e contacte-me para mais informações e agendar uma visita! Licença de Utilização nº 138 C. emitida pela CML de 9/5/1966 Área útil: 82 m2 Licença de utilização: LU 138 C. de 9/5/1966.",False,good,False,,,18.0,{},{'typology': 'flat'},"{'subtitle': 'Belém, Lisboa', 'title': 'Apartamento'}",False,False,False,False,{},[],False,False,,
33661289,https://img4.idealista.pt/blur/480_360_mq/0/id.pro.pt.image.master/64/0e/34/256835117.webp,,16,bj,1000.0,"{'price': {'amount': 1000.0, 'currencySuffix': '€/mês', 'priceDropInfo': {'formerPrice': 1100.0, 'priceDropValue': 100, 'priceDropPercentage': 9}}}",duplex,rent,55.0,1,1,rua General Pimenta de Castro,Lisboa,Alvalade,Alvalade,pt,38.7462669,-9.132678,False,https://www.idealista.pt/imovel/33661289/,"T1 Duplex junto à Av. Roma – Arrendamento Possivel arrendar com despesas incluídas (negociadas à parte) Descobre o teu novo lar neste encantador T1 Duplex, anexo à moradia principal, situado numa zona calma e agradável junto à Av. Roma. Com uma área bruta de 55 m², esta propriedade oferece um ambiente acolhedor e confortável, ideal para quem procura tranquilidade sem abdicar da proximidade aos principais transportes, serviços e faculdades. A cozinha está totalmente equipada com frigorífico, máquina de lavar roupa, termoacumulador, placa, forno, exaustor e micro-ondas, garantindo todas as comodidades para o teu dia a dia. As janelas de oscilobatente com vidros duplos e estores elétricos proporcionam um excelente isolamento térmico e acústico. Dispõe de um roupeiro encastrado de boas dimensões, oferecendo bastante espaço de arrumação. A moradia conta ainda com ar condicionado para um maior conforto em todas as estações do ano. A casa de banho está em ótimo estado, refletindo a construção recente do imóvel, datada de 2014. Esta moradia orientada a norte e sul oferece uma excelente exposição solar. Não percas a oportunidade de viver num espaço que combina modernidade e conforto em pleno coração da cidade. Possibilidade de ser arrendada com Despesas incluídas (Electricidade, Agua, Internet e TV por cabo) Vem conhecer e apaixona-te por este duplex único!",True,good,False,False,,18.0,{},"{'typology': 'flat', 'subTypology': 'duplex'}","{'subtitle': 'Alvalade, Lisboa', 'title': 'Duplex na rua General Pimenta de Castro'}",True,False,False,False,{},[],False,False,,
34118275,https://img4.idealista.pt/blur/480_360_mq/0/id.pro.pt.image.master/7f/f1/e9/281256122.webp,,22,3,1500.0,"{'price': {'amount': 1500.0, 'currencySuffix': '€/mês'}}",flat,rent,90.0,3,1,rua Doutor José Saraiva,Lisboa,Olivais,,pt,38.7774715,-9.1189229,False,https://www.idealista.pt/imovel/34118275/,"This fully furnished 3-bedroom apartment in the peaceful Encarnação neighborhood offers both comfort and convenience. Recently updated, the apartment features a newly renovated bathroom and a fully equipped kitchen, perfect for those who enjoy cooking at home. The cozy, thoughtfully furnished living spaces provide a warm and inviting atmosphere, with great natural light and acoustic isolation. Located in a quiet, residential area with easy access to public transport, parks, and local amenities, this apartment combines modern comfort with the charm of Lisbon living.",False,good,False,True,,17.0,{},{'typology': 'flat'},"{'subtitle': 'Olivais, Lisboa', 'title': 'Apartamento na rua Doutor José Saraiva'}",False,False,False,False,{},[],False,False,,
34118353,https://img4.idealista.pt/blur/480_360_mq/0/id.pro.pt.image.master/5c/37/db/281258484.webp,ROM-216507,16,1,800.0,"{'price': {'amount': 800.0, 'currencySuffix': '€/mês'}}",studio,rent,24.0,0,1,Estefânia,Lisboa,Arroios,São Jorge de Arroios,pt,38.733767,-9.1380048,False,https://www.idealista.pt/imovel/34118353/,"Apartamento T0 com 20 m2, situado em Arroios num 1º andar. O apartamento está mobilado, possui ar condicionado e kitchenette equipada (placa, forno, esquentador, máquina da roupa, máquina de secar, frigorífico, micro-ondas). Um wc completo com banheira e janela. Zona com muito comércio tradicional na sua envolvência, serviços, farmácias e transportes públicos perto, nomeadamente, carris e metro. Apartamento junto à Rua Pascoal de Melo e ao Largo Dona Estefânia. Isento de licença de utilização (construção anterior a 1951). Caso queira saber alguma informação adicional não hesite em contactar-nos. Se quiser conhecer/visitar o imóvel agende connosco uma visita sem compromisso! Na Veigas Roma, temos uma equipa de profissionais especializada no acompanhamento de todo o processo de angariação e venda. Esperamos por si.",False,good,False,False,,33.0,{},"{'typology': 'flat', 'subTypology': 'studio'}","{'subtitle': 'Estefânia, Lisboa', 'title': 'T0'}",False,False,False,False,{},[],False,False,Estefânia,
34118346,https://img4.idealista.pt/blur/480_360_mq/0/id.pro.pt.image.master/12/24/ff/281258480.webp,24-TRES203,5,4,2200.0,"{'price': {'amount': 2200.0, 'currencySuffix': '€/mês'}}",flat,rent,54.0,1,1,"rua Alexandre Herculano, 60",Lisboa,Santo António,Rato - Amoreiras,pt,38.7209452,-9.1531709,True,https://www.idealista.pt/imovel/34118346/,"Apartamento T1 a estrear, com cozinha totalmente equipada, ar condicionado em todas as divisões num bairro tranquilo, mas localizado no coração da cidade de Lisboa.  Excelentes acabamentos e acústica que lhe permitem viver no coração de Lisboa de uma forma confortável e tranquila. O edifício foi construído de raiz, com as obras concluídas no final de 2023. Inclui um lugar de estacionamento e arrecadação.  Com uma localização privilegiada, a 2 minutos do Largo do Rato, e a 5 minutos do Marquês de Pombal, junto a escolas, comércio local, hotéis, restaurantes, com proximidade a pé da Avenida da Liberdade e das Amoreiras.",False,good,False,True,"{'hasParkingSpace': True, 'isParkingSpaceIncludedInPrice': True}",41.0,{},{'typology': 'flat'},"{'subtitle': 'Santo António, Lisboa', 'title': 'Apartamento na rua Alexandre Herculano, 60'}",False,False,False,False,{},[],False,False,,
34118230,https://img4.idealista.pt/blur/480_360_mq/0/id.pro.pt.image.master/80/35/78/281253600.webp,SA0014,22,4,2000.0,"{'price': {'amount': 2000.0, 'currencySuffix': '€/mês'}}",flat,rent,170.0,2,2,Chiado - Pç. de Camões,Lisboa,Misericórdia,Chiado - Pç. de Camões,pt,38.7084046,-9.1431088,False,https://www.idealista.pt/imovel/34118230/,"T2+1 de 140m2 na Rua da Emenda, Chiado com vista de rio. Ultimo andar com elevador. 1 apartamento por piso. Sala muito ampla. Cozinha equipada. Muita arrumação. 2 casas de banho, hall de entrada. Condições: contrato de 3 anos. 2 rendas adiantadas + mês em curso e 1 caução.  Categoria Energética: C  ref: SA0014.",True,good,False,True,,12.0,{},{'typology': 'flat'},"{'subtitle': 'Misericórdia, Lisboa', 'title': 'Apartamento'}",True,False,False,False,{},[],False,False,,
34118210,https://img4.idealista.pt/blur/480_360_mq/0/id.pro.pt.image.master/42/51/87/281253145.webp,KWPT-013878,15,,1350.0,"{'price': {'amount': 1350.0, 'currencySuffix': '€/mês'}}",flat,rent,65.0,2,1,rua da Beneficência s/n,Lisboa,Avenidas Novas,Entrecampos,pt,38.7434967,-9.1576793,True,https://www.idealista.pt/imovel/34118210/,"Apartamento T2 recentemente renovado para arrendamento, situado na Rua da Beneficência, em plena zona das Avenidas Novas, Lisboa. Com uma área bruta de 65 m², este apartamento localiza-se no 1. º andar de um prédio com elevador. É composto por sala, dois quartos, uma casa de banho e uma varanda fechada adaptada a lavandaria. A cozinha está totalmente equipada e o imóvel dispõe de estores elétricos. Localizado numa zona central, com comércio, serviços e restauração a curta distância. Bons acessos a transportes públicos, com estações de metro (Praça de Espanha e Entrecampos) e várias paragens de autocarro nas imediações. Marque já a sua visita. EN Recently renovated 2-bedroom apartment for rent, located on Rua da Beneficência, in the heart of Avenidas Novas, Lisbon. With a gross area of 65 sqm, the apartment is on the 1st floor of a building with a lift. It includes a living room, two bedrooms, one bathroom, and a closed balcony used as a laundry area. The kitchen is fully equipped, and the property features electric shutters. Set in a central area with shops, services and restaurants nearby. Well connected by public transport, with metro stations (Praça de Espanha and Entrecampos) and several bus stops within walking distance. Book your visit today. Licença de utilização: 35.",True,good,False,True,,21.0,{},{'typology': 'flat'},"{'subtitle': 'Avenidas Novas, Lisboa', 'title': 'Apartamento na rua da Beneficência s/n'}",False,False,False,False,{},[],False,False,,
34118182,https://img4.idealista.pt/blur/480_360_mq/0/id.pro.pt.image.master/cf/41/fe/281251088.webp,APA_6742,31,,3400.0,"{'price': {'amount': 3400.0, 'currencySuffix': '€/mês'}}",flat,rent,130.0,2,2,Rato - Amoreiras,Lisboa,Santo António,Rato - Amoreiras,pt,38.718375,-9.1510893,False,https://www.idealista.pt/imovel/34118182/,"Excelente apartamento com dois quartos, totalmente mobilado, para arrendamento de longa duração. Para além da sua óptima localização, entre o Príncipe Real e a Av. da Liberdade, o apartamento tem ainda um pequeno jardim que o torna único. O prédio é da autoria do conhecido arquitecto português Cassiano Branco. A remodelação efectuada à cerca de 12 anos manteve a traça original das portas, portadas e tectos. Características gerais: - 1 Suite; - 1 Quarto; - 1 Sala/sala de jantar; - 1 Casa-de-banho; - 1 Cozinha; - 1 Dispensa. Outros;  - Jardim de uso exclusivo; - Ar condicionado quartos e sala. Excelente oportunidade para quem quer viver no centro de Lisboa, perto do metro e também deslocar-se a pé para as zonas mais turísticas da cidade como o Príncipe Real e Av. da Liberdade. O Príncipe Real é uma das áreas residenciais de Lisboa mais procurada para viver. Bonitos e grandiosos edifícios do século XIX enfrentam parques e praças tranquilos. As ruas estão repletas de lojas de antiguidades, boutiques de moda e restaurantes. Fica perto do melhor miradouro de Lisboa, o Miradouro de São Pedro de Alcântara, mas mantém uma atmosfera local atraente.  Continua a ser essencialmente um bairro residencial, repleto de jardins, onde estão situadas algumas das praças mais tranquilas da cidade e mansões coloridas.  Categoria Energética: C  ref: APA_6742.",False,good,False,True,,26.0,{},{'typology': 'flat'},"{'subtitle': 'Santo António, Lisboa', 'title': 'Apartamento'}",True,False,False,False,{},[],False,False,,
34118145,https://img4.idealista.pt/blur/480_360_mq/0/id.pro.pt.image.master/04/0e/36/281250293.webp,JS001c,26,1,2600.0,"{'price': {'amount': 2600.0, 'currencySuffix': '€/mês'}}",flat,rent,110.0,3,2,Santos-o-Velho - Madragoa,Lisboa,Estrela,Santos-o-Velho - Madragoa,pt,38.7105936,-9.1537855,False,https://www.idealista.pt/imovel/34118145/,"Luminoso e espaçoso apartamento T2+1 na Estrela. Perto do novo Metro de Santos (a ser concluído em breve). Um condomínio bem gerido garante uma vida despreocupada neste belo edifício de traça antiga, que foi recentemente renovado. O apartamento oferece acomodações luminosas e espaçosas, com algumas divisões mobiladas e uma cozinha totalmente equipada. Situa-se no piso 1. Na fronteira de Santos e da Estrela, com cafés, antiquários e museus nas proximidades. As casas do parlamento também estão perto. Contacte-nos para marcar uma visita a este apartamento muito especial. Preço 2800 euros por mês.  Categoria Energética: C  ref: JS001c.",True,good,False,True,,24.0,{},{'typology': 'flat'},"{'subtitle': 'Estrela, Lisboa', 'title': 'Apartamento'}",False,False,False,False,{},[],False,False,,
34118138,https://img4.idealista.pt/blur/480_360_mq/0/id.pro.pt.image.master/d3/ec/a5/281249858.webp,apt2675,16,,1600.0,"{'price': {'amount': 1600.0, 'currencySuffix': '€/mês'}}",flat,rent,80.0,3,1,Entrecampos,Lisboa,Avenidas Novas,Entrecampos,pt,38.7411819,-9.1596861,False,https://www.idealista.pt/imovel/34118138/,"Lisboa. Junto a Sete Rios, Gulbenkian e El Corte Inglês. IT3. Simpático apartamento com terraço perto de transportes como comboio e metro e todo tipo de comércio e serviços. Zona calma. Trata-se de cave mas com luz. Constituído por 3 quartos, 1 sala, wc, cozinha equipada e soalheiro e agradável terraço. Possui alguns móveis que podem ser retirados T: (telefone) / (telefone)  Categoria Energética: D  ref: apt2675.",False,good,False,False,,20.0,{},{'typology': 'flat'},"{'subtitle': 'Avenidas Novas, Lisboa', 'title': 'Apartamento'}",False,False,False,False,{},[],False,False,,
34118137,https://img4.idealista.pt/blur/480_360_mq/0/id.pro.pt.image.master/6e/55/6f/281249943.webp,LXPH408,29,3,1100.0,"{'price': {'amount': 1100.0, 'currencySuffix': '€/mês'}}",penthouse,rent,50.0,1,1,Príncipe Real,Lisboa,Santo António,Príncipe Real,pt,38.7158541,-9.1517173,False,https://www.idealista.pt/imovel/34118137/,"IDEAL PARA CASAL OU PESSOA / PRONTA HABITAR / MOSTRA JÁ. PENTHOUSE renovada com ar condicionado e vistas cidade no PRÍNCIPE REAL / CENTRO LISBOA.  Chão e portadas em madeira. Cozinha nova equipada com eletrodomésticos a estrear: com placa, forno, caldeira, microondas, frigorífico e máquina lavar roupa. O apartamento tem uma sala com varanda, um quartinho pequeno tudo sem móveis. 1wc. com duche.  3º and. sem elevador. TRATA 91 NOVE DOIS SEIS OITO NOVE QUATRO SETE  Categoria Energética: F.",False,good,False,False,,22.0,{},"{'typology': 'flat', 'subTypology': 'penthouse'}","{'subtitle': 'Santo António, Lisboa', 'title': 'Penthouse'}",True,False,False,False,{},[],False,False,,
34118107,https://img4.idealista.pt/blur/480_360_mq/0/id.pro.pt.image.master/7b/9e/44/281249791.webp,#38-2025,27,,1950.0,"{'price': {'amount': 1950.0, 'currencySuffix': '€/mês'}}",flat,rent,88.0,4,1,Mouraria - Castelo,Lisboa,Santa Maria Maior,Mouraria - Castelo,pt,38.7173196,-9.1364515,False,https://www.idealista.pt/imovel/34118107/,"Apartamento para arrendamento com 4 quartos, sendo um interior, localizado em pleno centro da cidade. Situado num rés-do-chão alto, o imóvel oferece uma excelente luminosidade e uma vista privilegiada, além de um terraço privativo, ideal para momentos de lazer ao ar livre. A distribuição dos quartos é funcional, com um quarto interior, perfeito para escritório ou arrumação, e os outros três com boas áreas e bastante luz natural. O apartamento conta ainda com uma ampla sala de estar, cozinha equipada e casa de banho moderna. A localização central permite fácil acesso a transportes públicos, comércio e serviços essenciais, tornando-o uma opção prática e confortável para quem procura viver no coração da cidade.  Categoria Energética: C  ref: 38-2025.",False,good,False,False,,22.0,{},{'typology': 'flat'},"{'subtitle': 'Santa Maria Maior, Lisboa', 'title': 'Apartamento'}",False,False,False,False,{},[],False,False,,
34118081,https://img4.idealista.pt/blur/480_360_mq/0/id.pro.pt.image.master/e8/35/84/281246808.webp,,37,1,3500.0,"{'price': {'amount': 3500.0, 'currencySuffix': '€/mês'}}",flat,rent,230.0,3,3,"rua de Campolide, 351",Lisboa,Campolide,Praça de Espanha - Sete Rios,pt,38.7387414,-9.168054,True,https://www.idealista.pt/imovel/34118081/,"Consultor Responsável pela venda do Imóvel: SOHEL PYARALI Descrição Geral: Apresentamos este maravilhoso imóvel que se situa no prestigiado condomínio das Twin Towers, num 1º andar com elevador. O apartamento encontra-se equipado, mobilado e decorado, permitindo uma vivência com maravilha distribuição de espaços, num enquadramento “chave na mão”.  Na zona social conta com uma sala de ótimas dimensões proporcionando uma excelente divisão de espaços. A cozinha foi alvo de atualizações, encontra-se totalmente equipada e conta com zona de lavandaria na marquise. Na zona privativa conta com 3 quartos, todos com excelentes roupeiros embutidos.  A suíte dispõe de múltiplos roupeiros em closet e uma excelente casa de banho com lavatório duplo e banheira.  O apartamento usufrui ainda de 1 lugar de parqueamento e de uma boa arrecadação.  Condições para o arrendamento:  - Arrendatários com contrato de trabalho e com pelo menos 3 meses de recibos de vencimento para apresentar; - Extratos Bancários ou prova equivalente de recepção de vencimento; - IRS de 2023; - Fiadores com a mesma documentação; - Necessário pagamento de 2 meses de renda e 2 de caução. - Tenants with job contracts and with at least 3 months of payslips to present - Bank statements or equivalente proof of salary reception - IRS of 2023 - Portuguese Garantors with the same conditions above - Will be necessary the payment of 2 months of rent and 2 of deposit Localização: Privilegiado de todo o tipo comercio e serviços nos arredores, desde farmácias, ginásios, restaurantes e cafés, supermercados, universidades, escolas e belíssimos jardins - num pequeno raio, tudo o que precisamos para uma vida calma e com tudo à mão. Ao nível de acessos, encontra-se numa posição de destaque para a rápida mobilidade, estando a 6 minutos do Eixo Norte-Sul e a 13 minutos do Aeroporto. Na zona envolvente tem varias paragens de autocarro, a estacão de Sete Rios e estacão de metro do Jardim Zoológico, a 3 e 5 minutos a pé́ respetivamente. Características Principais: - Mobilado e decorado; - Cozinha totalmente equipada; - 3 Quartos, 1 em suite; - 3 Casas de banho; - 1 lugar de parqueamento; - Zona de lavandaria; - 1º Andar com elevador; - Áreas generosas. Para mais informações, contacte o consultor responsável: 9️⃣2️⃣5️⃣9️⃣6️⃣0️⃣8️⃣3️⃣1️⃣  Sempre à sua disposição, Equipa DIAMOND'S PORTUGAL facebook. com/diamondsportugal instagram. com/diamondsportugal *Shaping Outstanding Deals* Powered by: Agência Kasas de Portugal - AMI 9049.",True,good,False,True,"{'hasParkingSpace': True, 'isParkingSpaceIncludedInPrice': True}",15.0,{},{'typology': 'flat'},"{'subtitle': 'Campolide, Lisboa', 'title': 'Apartamento na rua de Campolide, 351'}",True,True,False,False,{},[],False,False,,
34118067,https://img4.idealista.pt/blur/480_360_mq/0/id.pro.pt.image.master/8e/75/52/281247266.webp,,16,7,1622.0,"{'price': {'amount': 1622.0, 'currencySuffix': '€/mês'}}",flat,rent,51.0,1,1,avenida Dom Carlos I,Lisboa,Misericórdia,Cais do Sodré - Santos,pt,38.7094827,-9.1534049,False,https://www.idealista.pt/imovel/34118067/,"Estúdio Exclusivo com 3 Varandas com vista RIO no 7º Andar do Edifício Dom Carlos One – Cais do Sodré / Santos, Misericórdia  Apresentamos um sofisticado apartamento T0 a estrear, totalmente mobilado e equipado, situado no prestigiado Edifício Dom Carlos One, no coração de Santos – Cais do Sodré, uma das zonas mais vibrantes e cosmopolitas de Lisboa. Com um design moderno, acabamentos de alta qualidade e espaços inteligentemente aproveitados, este apartamento foi pensado para proporcionar o máximo conforto e funcionalidade, ideal tanto para habitação própria como para investimento. Composição do Apartamento: * Kitchenette totalmente equipada, com acesso a uma varanda privativa; * Sala de estar/jantar, com ambiente acolhedor e elegante; * Suite / Quarto, projetado para máximo conforto; * Casa de banho moderna, com materiais e acabamentos premium. Comodidades e Serviços Exclusivos:  Ar condicionado, proporcionando um ambiente agradável ao longo de todo o ano;   Prédio com portaria, disponível de segunda-feira a domingo, garantindo segurança e conveniência;   Ginásio privativo, ideal para manter um estilo de vida saudável e ativo;   Elevador, assegurando maior acessibilidade e conforto. Localização Privilegiada Este apartamento beneficia de uma localização única e altamente valorizada, mesmo em frente à futura estação de metro, garantindo mobilidade facilitada para qualquer ponto da cidade. A icónica zona de Santos – Cais do Sodré distingue-se pela sua oferta diversificada de comércio, serviços, restaurantes, esplanadas, bares, museus e universidades, tornando-se num dos locais mais procurados para viver ou investir. Nas imediações, poderá encontrar alguns dos restaurantes mais conceituados da cidade, comércio tradicional, galerias de arte e várias opções de transportes, proporcionando um estilo de vida prático, dinâmico e sofisticado. Se procura um apartamento exclusivo num dos bairros mais emblemáticos de Lisboa, esta é a escolha ideal.  Entre em contacto para mais informações ou agendar uma visita!    Condições:  - Contrato mínimo de 1 ano, renovável;   - 2 rendas + 2 cauções;  - Contas não incluídas;.",True,good,False,True,,32.0,{},{'typology': 'flat'},"{'subtitle': 'Misericórdia, Lisboa', 'title': 'Apartamento na avenida Dom Carlos i'}",True,False,False,False,{},[],False,False,,
34118038,https://img4.idealista.pt/blur/480_360_mq/0/id.pro.pt.image.master/88/ae/02/281247342.webp,,12,2,1150.0,"{'price': {'amount': 1150.0, 'currencySuffix': '€/mês'}}",flat,rent,78.0,1,1,"rua do Reno, 1",Lisboa,Parque das Nações,Expo Norte,pt,38.7892389,-9.0984302,True,https://www.idealista.pt/imovel/34118038/,"T1 para Arrendamento no Parque do Rio – Parque das Nações (Norte) Desfrute de um espaçoso apartamento T1 com uma vista deslumbrante e desafogada para o Rio Tejo. Localizado numa das zonas mais privilegiadas do Parque das Nações, este imóvel oferece conforto e conveniência. ✨ Características do Apartamento: Sem mobília 1 quarto, 1 sala ampla Casa de banho completa Cozinha totalmente equipada com: ✔ Máquina de lavar loiça ✔ Máquina de lavar roupa ✔ Frigorífico ✔ Placa vitrocerâmica ✔ Forno e micro-ondas 1 lugar de estacionamento Arrecadação � Localização e Acessos: Transportes públicos à porta com ligação direta ao Metro e Comboio (Estação do Oriente, Moscavide e Sacavém) Próximo de supermercados, restaurantes, escolas e diversos serviços � Condições de Arrendamento: 2 meses de renda antecipada 2 meses de caução Fiador  Para mais informações ou agendar visita, entre em contacto!",True,good,False,True,"{'hasParkingSpace': True, 'isParkingSpaceIncludedInPrice': True}",15.0,{},{'typology': 'flat'},"{'subtitle': 'Parque das Nações, Lisboa', 'title': 'Apartamento na rua do Reno, 1'}",False,False,False,False,{},[],False,False,,
34118012,https://img4.idealista.pt/blur/480_360_mq/0/id.pro.pt.image.master/f1/2d/82/281244901.webp,,26,3,3200.0,"{'price': {'amount': 3200.0, 'currencySuffix': '€/mês'}}",flat,rent,170.0,3,3,"rua do Quelhas, 28",Lisboa,Estrela,Lapa,pt,38.7099474,-9.1571259,True,https://www.idealista.pt/imovel/34118012/,"LAPA - RUA DO QUELHAS Apartamento T3 inserido em Empreendimento de Luxo com Portaria / Segurança 24H. Localização muito tranquila, com pouca passagem de carros e situada em zona nobre da cidade. Localizado junto ao Instituto Superior de Economia e Gestão e a 5 minutos a pé da futura Estação de Metro (Santos). O apartamento tem uma generosa Varanda com uma vista desafogada de Cidade, tendo também bastante luminosidade natural. Sala com 45m2, 3 Quartos (um em suite), Cozinha totalmente equipada com eletrodomésticos MIELE e 3 WC (social, suite e uma terceira completa). Todos os Quartos com Roupeiros Excelentes acabamentos; Aquecimento Central, Ar condicionado, pavimento em madeira natural, Janelas com vidros duplos, porta blindada, etc. Fazem parte do imóvel 2 Lugares de Estacionamento e uma arrecadação Para mais informações ou visitas, contacte-nos Informação Legal: - Licença de Habitação 1577/UT/2004 - Área Bruta Privativa 151m2.",False,good,False,True,"{'hasParkingSpace': True, 'isParkingSpaceIncludedInPrice': True}",19.0,{},{'typology': 'flat'},"{'subtitle': 'Estrela, Lisboa', 'title': 'Apartamento na rua do Quelhas, 28'}",True,False,False,False,{},[],False,False,,
34118005,https://img4.idealista.pt/blur/480_360_mq/0/id.pro.pt.image.master/48/fa/54/281245039.webp,,65,15,7500.0,"{'price': {'amount': 7500.0, 'currencySuffix': '€/mês'}}",duplex,rent,337.0,6,5,"Azinhaga das Galhardas, 17",Lisboa,Alvalade,Campo Grande,pt,38.7537155,-9.165977,True,https://www.idealista.pt/imovel/34118005/,"Conheça - EDEN SKY - O PARAÍSO DENTRO DA CIDADE! Esta foi a designação escolhida para este imperial Duplex T6 que traduz a perfeição paradisíaca e que alia qualidade de vida, num condomínio rodeado de espaços verdes, segurança, modernidade e conforto.  Um verdadeiro oásis para uma vida com felicidade plena. O apartamento encontra-se equipado e mobilado. As suas magníficas áreas são distribuídas entre dois diferentes pisos, ligados entre si por uma belíssima escadaria em madeira e guarda em vidro.  Os acabamentos são de primeiríssima qualidade: desde o soalho, ar condicionado embutido, janelas de caixilharia em vidro duplo, estores elétricos e casas de banho com louças e móveis suspensos.  - Arrendatários com contrato de trabalho e com pelo menos 6 meses de recibos de vencimento para apresentar; - Extratos Bancários com prova de recepção de vencimento; - IRS de 2023; - Fiadores com a mesma documentação; - Necessário pagamento de 2 meses de renda e 3 de caução. Piso 0:  A zona social conta com 58m2 entre a sala de jantar e a esplendorosa sala de estar, que é o local perfeito para contemplar fabulosas vistas cidade. A cozinha encontra-se totalmente equipada com eletrodomésticos da marca Bosch e com zona de lavandaria. Neste piso, encontramos ainda uma espaçosa suíte que oferece um closet e uma casa de banho com base de duche. Piso 1:  Piso mais privativo, para descanso e separação da zona social do piso 0, onde o hall centra-se entre 2 quartos, uma casa de banho, 1 suíte e 1 master suíte.  Os 2 quartos contam com roupeiros e partilham uma casa de banho completa de excelentes dimensões.  A suíte dispõe de múltiplos roupeiros em closet e uma excelente casa de banho com base de duche. Na incrível master suíte, as áreas são de excelência, para além de dispor de roupeiros extensos com excelente arrumação e uma ótima casa de banho com banheira.  O apartamento usufrui ainda de 4 lugares de parqueamento e uma excelente arrecadação. A piscina do condomínio conta com uma cascata e é ideal para refrescar nos dias de verão e até relaxar nos dias de inverno, com banhos de água aquecida e injetores de hidromassagem. As zonas verdes são ideais para exercício, meditação, convívio ou até um passeio de descontração e diversão no parque para crianças. Este condomínio privado apresenta altos padrões de arquitetura, oferece um serviço de portaria, videovigilância 24 horas e identificação por impressão digital. Localização: Situa-se num verdadeiro ""Paraíso"" de posição da localização: na fronteira entre Alvalade e Laranjeiras, encontramos este prestigiado condomínio - o “Mais Campo Grande”.  Privilegiado de todo o tipo comércio e serviços nos arredores, desde farmácias, ginásios, restaurantes e cafés, supermercados, universidades, escolas, Hospital Santa Maria e belíssimos jardins - num pequeno raio, tudo o que precisamos para uma vida feliz, calma e com tudo à mão. Ao nível de acessos, encontra-se numa posição de destaque para a rápida mobilidade, estando a menos de um minuto da 2ª Circular, a 3 minutos do Eixo Norte-Sul e a 8 minutos do Aeroporto. O Metro do Campo Grande fica a apenas 11 minutos a pé. Características Principais: - Sala de estar com 45m2; - Cozinha com equipamentos Bosch, móveis em lacado branco e bancadas em pedra granito Angola; - 3 Suítes + 2 Quartos + 1 Escritório/Sala de Jantar; - 5 Casas de banho: 3 em suíte + 1 completa e 1 social; - 4 lugares de parqueamento; - Excelente arrecadação; - Portas, roupeiros e móveis de cozinha em branco lacado; - Ar Condicionado embutido; - Caixilharia em vidros duplos;  - Estores elétricos; - Zona de lavandaria com máquinas de lavar e secar Bosch; - Bloco do condomínio com 3 elevadores; - Serviço de portaria e videovigilância. Equipa DIAMOND'S PORTUGAL Powered by: Agência Kasas de Portugal - AMI 9049.",True,good,False,True,"{'hasParkingSpace': True, 'isParkingSpaceIncludedInPrice': True}",22.0,{},"{'typology': 'flat', 'subTypology': 'duplex'}","{'subtitle': 'Alvalade, Lisboa', 'title': 'Duplex em Azinhaga das Galhardas, 17'}",True,True,False,False,{},[],False,False,,
34118021,https://img4.idealista.pt/blur/480_360_mq/0/id.pro.pt.image.master/73/6f/9e/281245563.webp,120611246-347,14,4,1790.0,"{'price': {'amount': 1790.0, 'currencySuffix': '€/mês'}}",flat,rent,107.0,2,2,alameda dos Oceanos,Lisboa,Parque das Nações,Expo Central,pt,38.7751576,-9.0964905,False,https://www.idealista.pt/imovel/34118021/,"Descubra o Seu Novo Lar no Coração da Expo Norte.   Localizado na prestigiada Urbanização Parque do Rio, este apartamento T2 mobilado é a combinação perfeita entre conforto, funcionalidade e um ambiente de paz. Se procura um espaço que ofereça luminosidade natural, vistas deslumbrantes para o rio e comodidades modernas, continue a ler para descobrir cada detalhe deste imóvel encantador.  Um Espaço Pensado para o Seu Bem-Estar. Ao entrar neste apartamento, será recebido por uma ampla varanda que se estende por todas as divisões, permitindo que a luz natural inunde cada canto e criando um ambiente acolhedor e relaxante. A orientação nascente e sul garante uma exposição solar ideal ao longo do dia, proporcionando uma vista desafogada e uma sensação constante de tranquilidade.  Design e Funcionalidades   Cozinha Equipada e Ar Condicionado: A cozinha, equipada, é perfeita para preparar deliciosas refeições, enquanto o ar condicionado assegura o conforto em todas as estações.  Distribuição dos Espaços: O imóvel conta com uma suíte completa, um outro quarto com uma casa de banho de apoio e mais dois quartos adicionais, ideais para acomodar família ou hóspedes.  Detalhes de Armazenamento: Roupeiros embutidos num dos quartos e no hall oferecem soluções práticas para manter tudo organizado.  Extras de Conforto: Além dos espaços internos, beneficia de um lugar de parqueamento e uma arrecadação que ampliam o conforto e a funcionalidade do imóvel.  Área Comum Privativa: O condomínio conta ainda com um jardim privativo, proporcionando um espaço exterior tranquilo para momentos de lazer.    Condições para Arrendamento   Comprovação de capacidade financeira;  Apresentação do IRS do último ano e três recibos de vencimento;  Depósito correspondente a 2 rendas e uma caução;  Contrato de arrendamento com duração de 3 anos;  Dependendo da avaliação, poderão ser necessários fiadores.    Conclusão  Este apartamento T2 mobilado não só se destaca pela sua excelente localização na Expo Norte e pela sua vista inspiradora, mas também pela atenção aos detalhes que proporcionam um lar perfeito para quem valoriza conforto, funcionalidade e bem-estar. Se está à procura de um novo lar onde cada detalhe é pensado para elevar a qualidade de vida, este imóvel pode ser exatamente o que procura.  Sinta-se à vontade para entrar em contacto para mais informações ou para agendar uma visita. Seu novo lar espera por si!   Discover Your New Home in the Heart of Expo Norte Located in the prestigious Urbanização Parque do Rio, this furnished 2-bedroom apartment is the perfect combination of comfort, functionality, and a peaceful atmosphere. If you're looking for a bright space with stunning river views and modern amenities, keep reading to explore every detail of this charming property. A Space Designed for Your Well-Being Upon entering, you'll be welcomed by a spacious balcony that extends across all rooms, allowing natural light to flood the entire apartment and creating a warm, relaxing ambiance. Its east and south-facing orientation ensures optimal sunlight throughout the day, offering open views and a constant sense of tranquility. Design & Features • Fully Equipped Kitchen & Air Conditioning – The kitchen is ready for your culinary creations, while air conditioning ensures year-round comfort.• Thoughtful Layout – The apartment includes a master suite, an additional bedroom with a supporting bathroom, plus two extra rooms, perfect for family or guests.• Smart Storage Solutions – Built-in wardrobes in one bedroom and the hallway provide practical organization.• Extra Comforts – The property includes a parking space and a storage unit, enhancing both convenience and functionality.• Exclusive Private Garden – The condominium offers a private garden, a quiet outdoor space for leisure and relaxation. Rental Conditions.",False,good,False,True,"{'hasParkingSpace': True, 'isParkingSpaceIncludedInPrice': True}",17.0,{},{'typology': 'flat'},"{'subtitle': 'Parque das Nações, Lisboa', 'title': 'Apartamento na alameda dos Oceanos'}",False,False,False,False,{},[],False,False,,
34117646,https://img4.idealista.pt/blur/480_360_mq/0/id.pro.pt.image.master/d0/2a/29/281238822.webp,B105,16,1,2200.0,"{'price': {'amount': 2200.0, 'currencySuffix': '€/mês'}}",flat,rent,56.0,1,1,"rua Professor Sousa da Câmara, 128",Lisboa,Campolide,Centro,pt,38.7248996,-9.1613334,True,https://www.idealista.pt/imovel/34117646/,"Apartamento T1 com terraço mobilado para arrendamento no condomínio privado LX Living nas Amoreiras. Apartamento mobilado com 1 quarto (com roupeiros), sala com cozinha totalmente equipada em open space e casa de banho em suite e varanda. Terraço com 30m2. Apartamento possui 1 lugar de estacionamento. Condominio consiste de portaria 24h, 2 Piscinas (exterior e interior), ginásio, jardim e spa. O LX Living é um empreendimento totalmente novo, de utilização mista, localizado nas Amoreiras, uma zona residencial muito requisitada no centro de Lisboa. Com uma localização privilegiada, encontra-se a apenas alguns passos da prestigiada Avenida da Liberdade, no coração do grandioso e espaçoso centro financeiro central da cidade.  Agende já a sua visita!",False,good,False,True,"{'hasParkingSpace': True, 'isParkingSpaceIncludedInPrice': True}",39.0,{},{'typology': 'flat'},"{'subtitle': 'Campolide, Lisboa', 'title': 'Apartamento na rua Professor Sousa da Câmara, 128'}",True,False,False,False,{},[],False,False,,
34117425,https://img4.idealista.pt/blur/480_360_mq/0/id.pro.pt.image.master/74/b7/b5/281233078.webp,,33,5,3500.0,"{'price': {'amount': 3500.0, 'currencySuffix': '€/mês'}}",penthouse,rent,211.0,3,3,"rua das Galés, 17",Lisboa,Parque das Nações,Expo Norte,pt,38.7757706,-9.0962204,True,https://www.idealista.pt/imovel/34117425/,"Apartamento T3 com 211 m2 de área bruta privativa e totalmente mobilado. Dispõe de uma sala com 40 m2 e varanda de 12 m2 com vista deslumbrante sobre o Rio Tejo. Cozinha totalmente equipada com 15m2. Uma suite com closet de 18 m2 e dois quartos com 16 m2. Duas casas de banho com banheira e uma outra casa de banho de utilização social. Todas as casas de banho com cerâmicas e móveis de grande qualidade. Garagem para duas viaturas e arrecadação. Hall de entrada com 10m2. Chão flutuante na sala, quartos e corredores. Instalação de ar condicionado e aquecimento central. Cozinha equipada com todos os eletrodomésticos em pleno funcionamento. Grandes armários de arrumação no corredor e em todos os quartos. Fantástica exposição solar com 2 frentes. Virado a nascente. Venha ver o sol nascer nesta maravilhosa varanda! Porta blindada e antifogo. Vidros duplos e estores elétricos. Vídeo porteiro. Segurança 24 horas. Fibra ótica.  Piscina exclusiva e parque infantil. Acesso a todo o comércio, serviços, transportes, entre outros. Dois lugares de estacionamento e uma arrecadação com 8m2. Inserido no Condomínio Portucale. Um imóvel de altíssima qualidade onde vai desejar viver. Venha visitá-lo com a maior brevidade! Ligue-nos e terá́ um serviço de atendimento de excelência.  Parque das nações a Zona prime da cidade de Lisboa com vistas sobre o rio Tejo e todo o tipo de serviços, comércio, transportes e zonas de lazer a curta distância. A antiga área da Expo’98 deu lugar a um verdadeiro centro cosmopolita da cidade. Ao sair de casa encontra: Casino de Lisboa, os melhores restaurantes, farmácias, bancos, centro comercial Vasco da Gama, Pavilhão Atlântico, Gare do Oriente a 600 metros de distância (metro/autocarro/comboio), entre muitos outros. Uma das grandes vantagens é a sua proximidade com o aeroporto e os ótimos acessos.  LICENÇA AMI: 22411 Licença de Utilização nº: 1034/UT/2005.",True,good,False,True,"{'hasParkingSpace': True, 'isParkingSpaceIncludedInPrice': True}",17.0,{},"{'typology': 'flat', 'subTypology': 'penthouse'}","{'subtitle': 'Parque das Nações, Lisboa', 'title': 'Penthouse na rua das Galés, 17'}",False,False,False,False,{},[],False,False,,
34117613,https://img4.idealista.pt/blur/480_360_mq/0/id.pro.pt.image.master/b6/ae/83/281236207.webp,769389,32,,2300.0,"{'price': {'amount': 2300.0, 'currencySuffix': '€/mês'}}",flat,rent,85.0,2,3,rua do Conde de Redondo,Lisboa,Santo António,Av. da Liberdade - Marquês de Pombal,pt,38.7269633,-9.1475301,False,https://www.idealista.pt/imovel/34117613/,"RESERVAS E PEDIDOS DE INFORMAÇÃO Para obter informações detalhadas e reservar online, clique abaixo do mapa em “Link Adicional”. TERMOS E CONDIÇÕES DE ALOJAMENTO: - Data de Disponibilidade: 01/05/2025 - Duração Mínima de Aluguer: 30 dias - Número Máximo de Hóspedes: 4 - Todas as Despesas Incluídas: Sim, para mais informações visite o site - Adicional:  - Animais de Estimação Não Permitido  - Fumadores Não Permitido DETALHES DA PROPRIEDADE Encantador apartamento perto do Marquês de Pombal e da Avenida da Liberdade  - Localização: Localizado on Picoas em Lisbon com uma variedade de opções de refeições, lojas essenciais e atividades para fazer, com fácil acesso aos transportes públicos. 2 quartos em Apartment com 3 casas de banho. Características  - Air condicionado  - Televisão por cabo  - Wi-Fi  - Elevador  - Toalhas e lençóis  - Máquina de lavar roupa  - Forno  - Microondas SOBRE A UNIPLACES O Seu Local de Confiança para Encontrar Casa Como uma plataforma online pioneira, a Uniplaces liga indivíduos, sejam estudantes, profissionais ou famílias, a uma variedade de alojamentos para arrendamento. O nosso compromisso vai para além das listagens - verificamos cada propriedade para garantir que cumpre os nossos rigorosos critérios de conforto e conveniência. Escolha a Uniplaces para uma jornada de arrendamento suave, fiável e com uma excelente relação qualidade-preço.",False,good,False,True,,27.0,{},{'typology': 'flat'},"{'subtitle': 'Santo António, Lisboa', 'title': 'Apartamento na rua do Conde de Redondo'}",False,False,False,False,{},[],False,False,,
34117472,https://img4.idealista.pt/blur/480_360_mq/0/id.pro.pt.image.master/6b/bd/4a/281233329.webp,,1,5,2400.0,"{'price': {'amount': 2400.0, 'currencySuffix': '€/mês'}}",flat,rent,160.0,2,2,rua Luciana Stegagno Picchio,Lisboa,São Domingos de Benfica,Alto dos Moinhos,pt,38.7529572,-9.1809875,False,https://www.idealista.pt/imovel/34117472/,"Apartamento T2 Benfica inserido em Condomínio, junto ao Estádio do Sport Lisboa e Benfica. Imóvel semi novo com pintura e mobiliário de alta gama. Localização Lisboa Benfica próximo do Metro do Alto dos Moinhos e do Estádio da Luz. Arquitetura Contemporânea de linhas elegantes. Escolha criteriosa de materiais. Exigentes requisitos de conforto, nobreza de acabamentos. Garagem com tomada elétrica para carregamento de carros elétricos. Arrecadação. O apartamento dispõe de pavimento madeira. Cozinha alta gama equipada completa. Electrodomésticos de Gama Alta. Ar condicionado, estores eléctricos, isolamento térmico e acústico. Servido de uma extensa rede de acessibilidades, transportes públicos, está próximo do aeroporto dos principais eixos rodoviários de Lisboa e de uma larga oferta de serviços e lazer. Proximidade Centro Comercial Colombo, Hospitais, Ginásio, Colégio e Comercio. O apartamento está inserido num empreendimento em Lisboa / Benfica oferecendo uma qualidade de vida incomparável. Características específicas do apartamento  Mobilado Completo. Mobília Nova de alta gama. Hall de entrada com luzes embutidas. Pavimento madeira. Vidros duplos com isolamento térmico e acústico. Pavimento madeira, Ar condicionado, Mobília de sala de estar e jantar nova completa. Uma Master Suite com closet e casa de banho privativa completa com hidromassagem. Ar condicionado em todas as divisões. Uma Master Suite com closet e casa de banho privativa completa com hidromassagem. O quarto dispõe de ar condicionado. Vidros duplos. Pavimento madeira. Um segundo quarto de apoio com roupeiro embutido. Mobília Nova pavimento madeira. Uma segunda casa de banho completa com hidromassagem. Apartamento luminosidade. Mobilado com requinte e bom gosto. Envio de fotos completas e mais informações se solicitado. Obrigada pela atenção.",False,good,False,True,"{'hasParkingSpace': True, 'isParkingSpaceIncludedInPrice': True}",15.0,{},{'typology': 'flat'},"{'subtitle': 'São Domingos de Benfica, Lisboa', 'title': 'Apartamento na rua Luciana Stegagno Picchio'}",False,False,False,False,{},[],False,False,,
34113555,https://img4.idealista.pt/blur/480_360_mq/0/id.pro.pt.image.master/cc/67/18/281229937.webp,756384,18,,1400.0,"{'price': {'amount': 1400.0, 'currencySuffix': '€/mês'}}",flat,rent,66.0,2,2,rua Alfredo Roque Gameiro,Lisboa,Avenidas Novas,Entrecampos,pt,38.7455775,-9.1564687,False,https://www.idealista.pt/imovel/34113555/,"RESERVAS E PEDIDOS DE INFORMAÇÃO Para obter informações detalhadas e reservar online, clique abaixo do mapa em “Link Adicional”. TERMOS E CONDIÇÕES DE ALOJAMENTO: - Data de Disponibilidade: 01/09/2025 - Duração Mínima de Aluguer: 30 dias - Número Máximo de Hóspedes: 4 - Todas as Despesas Incluídas: Sim, para mais informações visite o site - Adicional:  - Animais de Estimação Permitido  - Fumadores Permitido DETALHES DA PROPRIEDADE Apartamento a menos de 5 minutos a pé do Hospital Santa Maria e do ISCTE  - Descrição da Propriedade na Uniplaces: Apartamento com excelente localização, a menos de 5 minutos a pé do Hospital Santa Maria e do ISCTE. Ar-condicionado na Sala e na Suite casa de banho no quarto. É possível transformar a sala num quarto, ficando a casa com dois quartos. Duas casas de banho. Cozinha equipada com placa, frigorífico e máquina de lavar roupa. Casa já mobilada.  - Localização: Localizado on Entrecampos em Lisbon com uma variedade de opções de refeições, lojas essenciais e atividades para fazer, com fácil acesso aos transportes públicos. 2 quartos em Apartment com 2 casas de banho. Características  - Air condicionado  - Zona exterior  - Wi-Fi  - Toalhas e lençóis  - Máquina de lavar roupa  - Máquina de lavar roupa SOBRE A UNIPLACES O Seu Local de Confiança para Encontrar Casa Como uma plataforma online pioneira, a Uniplaces liga indivíduos, sejam estudantes, profissionais ou famílias, a uma variedade de alojamentos para arrendamento. O nosso compromisso vai para além das listagens - verificamos cada propriedade para garantir que cumpre os nossos rigorosos critérios de conforto e conveniência. Escolha a Uniplaces para uma jornada de arrendamento suave, fiável e com uma excelente relação qualidade-preço.",False,good,False,False,,21.0,{},{'typology': 'flat'},"{'subtitle': 'Avenidas Novas, Lisboa', 'title': 'Apartamento na rua Alfredo Roque Gameiro'}",False,False,False,False,{},[],False,False,,
34113498,https://img4.idealista.pt/blur/480_360_mq/0/id.pro.pt.image.master/a8/20/04/281228885.webp,735844,10,,1400.0,"{'price': {'amount': 1400.0, 'currencySuffix': '€/mês'}}",flat,rent,55.0,1,1,rua da Arrábida,Lisboa,Campo de Ourique,Santa Isabel,pt,38.7178624,-9.1594209,False,https://www.idealista.pt/imovel/34113498/,"RESERVAS E PEDIDOS DE INFORMAÇÃO Para obter informações detalhadas e reservar online, clique abaixo do mapa em “Link Adicional”. TERMOS E CONDIÇÕES DE ALOJAMENTO: - Data de Disponibilidade: 01/09/2025 - Duração Mínima de Aluguer: 27 dias - Número Máximo de Hóspedes: 2 - Todas as Despesas Incluídas: Sim, para mais informações visite o site - Adicional:  - Animais de Estimação Não Permitido  - Fumadores Não Permitido DETALHES DA PROPRIEDADE Apartamento com 1 quarto  - Localização: Localizado on Amoreiras em Lisbon com uma variedade de opções de refeições, lojas essenciais e atividades para fazer, com fácil acesso aos transportes públicos. 1 quartos em Apartment com 1 casas de banho. Características  - Wi-Fi  - Televisão por cabo  - Aquecimento central  - Air condicionado  - Zona exterior  - Elevador  - Toalhas e lençóis  - Forno  - Microondas  - Máquina de lavar roupa  - Máquina de lavar louça SOBRE A UNIPLACES O Seu Local de Confiança para Encontrar Casa Como uma plataforma online pioneira, a Uniplaces liga indivíduos, sejam estudantes, profissionais ou famílias, a uma variedade de alojamentos para arrendamento. O nosso compromisso vai para além das listagens - verificamos cada propriedade para garantir que cumpre os nossos rigorosos critérios de conforto e conveniência. Escolha a Uniplaces para uma jornada de arrendamento suave, fiável e com uma excelente relação qualidade-preço.",False,good,False,True,,25.0,{},{'typology': 'flat'},"{'subtitle': 'Campo de Ourique, Lisboa', 'title': 'Apartamento na rua da Arrábida'}",False,False,False,False,{},[],False,False,,
34113466,https://img4.idealista.pt/blur/480_360_mq/0/id.pro.pt.image.master/20/2e/84/281228628.webp,728777,15,,1200.0,"{'price': {'amount': 1200.0, 'currencySuffix': '€/mês'}}",flat,rent,40.0,1,1,Calçada dos Mestres,Lisboa,Campolide,Centro,pt,38.7290919,-9.1672969,False,https://www.idealista.pt/imovel/34113466/,"RESERVAS E PEDIDOS DE INFORMAÇÃO Para obter informações detalhadas e reservar online, clique abaixo do mapa em “Link Adicional”. TERMOS E CONDIÇÕES DE ALOJAMENTO: - Data de Disponibilidade: 01/09/2025 - Duração Mínima de Aluguer: 30 dias - Número Máximo de Hóspedes: 2 - Todas as Despesas Incluídas: Sim, para mais informações visite o site - Adicional:  - Animais de Estimação Não Permitido  - Fumadores Permitido DETALHES DA PROPRIEDADE Excelente Apartamento com 1 quarto ao pé das amoreiras  - Descrição da Propriedade na Uniplaces: Excelente Apartamento com 1 quarto para um casal ou dois amigoas para partilhar! A 5 minutos do centro comercial amoreiras, transportes, Muito Luminoso e tranquilo no coração de Lisboa. As contas São incluídas.  - Localização: Localizado on Campolide em Lisbon com uma variedade de opções de refeições, lojas essenciais e atividades para fazer, com fácil acesso aos transportes públicos. 1 quartos em Apartment com 1 casas de banho. Características  - Wi-Fi  - Televisão por cabo  - Toalhas e lençóis  - Forno  - Máquina de lavar roupa SOBRE A UNIPLACES O Seu Local de Confiança para Encontrar Casa Como uma plataforma online pioneira, a Uniplaces liga indivíduos, sejam estudantes, profissionais ou famílias, a uma variedade de alojamentos para arrendamento. O nosso compromisso vai para além das listagens - verificamos cada propriedade para garantir que cumpre os nossos rigorosos critérios de conforto e conveniência. Escolha a Uniplaces para uma jornada de arrendamento suave, fiável e com uma excelente relação qualidade-preço.",False,good,False,False,,30.0,{},{'typology': 'flat'},"{'subtitle': 'Campolide, Lisboa', 'title': 'Apartamento em Calçada dos Mestres'}",False,False,False,False,{},[],False,False,,
34113548,https://img4.idealista.pt/blur/480_360_mq/0/id.pro.pt.image.master/5a/07/2d/281227921.webp,718942,24,,1700.0,"{'price': {'amount': 1700.0, 'currencySuffix': '€/mês'}}",flat,rent,64.0,2,1,rua Actor João Rosa,Lisboa,Areeiro,Bairro dos Actores,pt,38.7403675,-9.1320289,False,https://www.idealista.pt/imovel/34113548/,"RESERVAS E PEDIDOS DE INFORMAÇÃO Para obter informações detalhadas e reservar online, clique abaixo do mapa em “Link Adicional”. TERMOS E CONDIÇÕES DE ALOJAMENTO: - Data de Disponibilidade: 01/09/2025 - Duração Mínima de Aluguer: 28 dias - Número Máximo de Hóspedes: 2 - Todas as Despesas Incluídas: Sim, para mais informações visite o site - Adicional:  - Animais de Estimação Não Permitido  - Fumadores Não Permitido DETALHES DA PROPRIEDADE Apartamento com 2 quartos, com área exterior  - Localização: Localizado on Alameda em Lisbon com uma variedade de opções de refeições, lojas essenciais e atividades para fazer, com fácil acesso aos transportes públicos. 2 quartos em Apartment com 1 casas de banho. Características  - Zona exterior  - Wi-Fi  - Toalhas e lençóis  - Forno  - Microondas  - Máquina de lavar roupa SOBRE A UNIPLACES O Seu Local de Confiança para Encontrar Casa Como uma plataforma online pioneira, a Uniplaces liga indivíduos, sejam estudantes, profissionais ou famílias, a uma variedade de alojamentos para arrendamento. O nosso compromisso vai para além das listagens - verificamos cada propriedade para garantir que cumpre os nossos rigorosos critérios de conforto e conveniência. Escolha a Uniplaces para uma jornada de arrendamento suave, fiável e com uma excelente relação qualidade-preço.",False,good,False,False,,27.0,{},{'typology': 'flat'},"{'subtitle': 'Areeiro, Lisboa', 'title': 'Apartamento na rua Actor João Rosa'}",False,False,False,False,{},[],False,False,,
34113435,https://img4.idealista.pt/blur/480_360_mq/0/id.pro.pt.image.master/24/0e/8a/281227685.webp,711608,10,,1150.0,"{'price': {'amount': 1150.0, 'currencySuffix': '€/mês'}}",flat,rent,65.0,1,1,Parada Alto de São João,Lisboa,Penha de França,Alto de São João - Alto do Varejão,pt,38.7282697,-9.124638,False,https://www.idealista.pt/imovel/34113435/,"RESERVAS E PEDIDOS DE INFORMAÇÃO Para obter informações detalhadas e reservar online, clique abaixo do mapa em “Link Adicional”. TERMOS E CONDIÇÕES DE ALOJAMENTO: - Data de Disponibilidade: 01/09/2025 - Duração Mínima de Aluguer: 27 dias - Número Máximo de Hóspedes: 2 - Todas as Despesas Incluídas: Sim, para mais informações visite o site - Adicional:  - Animais de Estimação Não Permitido  - Fumadores Não Permitido DETALHES DA PROPRIEDADE Apartamento com 1 quarto, com área exterior  - Localização: Localizado on Penha de França em Lisbon com uma variedade de opções de refeições, lojas essenciais e atividades para fazer, com fácil acesso aos transportes públicos. 1 quartos em Apartment com 1 casas de banho. Características  - Wi-Fi  - Televisão por cabo  - Aquecimento central  - Zona exterior  - Forno SOBRE A UNIPLACES O Seu Local de Confiança para Encontrar Casa Como uma plataforma online pioneira, a Uniplaces liga indivíduos, sejam estudantes, profissionais ou famílias, a uma variedade de alojamentos para arrendamento. O nosso compromisso vai para além das listagens - verificamos cada propriedade para garantir que cumpre os nossos rigorosos critérios de conforto e conveniência. Escolha a Uniplaces para uma jornada de arrendamento suave, fiável e com uma excelente relação qualidade-preço.",False,good,False,False,,18.0,{},{'typology': 'flat'},"{'subtitle': 'Penha de França, Lisboa', 'title': 'Apartamento em Parada Alto de São João'}",False,False,False,False,{},[],False,False,,
34113585,https://img4.idealista.pt/blur/480_360_mq/0/id.pro.pt.image.master/4f/00/56/281227655.webp,711590,47,,1500.0,"{'price': {'amount': 1500.0, 'currencySuffix': '€/mês'}}",flat,rent,62.0,2,1,rua Lucinda Simões,Lisboa,Arroios,São Jorge de Arroios,pt,38.7364068,-9.1328645,False,https://www.idealista.pt/imovel/34113585/,"RESERVAS E PEDIDOS DE INFORMAÇÃO Para obter informações detalhadas e reservar online, clique abaixo do mapa em “Link Adicional”. TERMOS E CONDIÇÕES DE ALOJAMENTO: - Data de Disponibilidade: 01/09/2025 - Duração Mínima de Aluguer: 28 dias - Número Máximo de Hóspedes: 2 - Todas as Despesas Incluídas: Sim, para mais informações visite o site - Adicional:  - Animais de Estimação Não Permitido  - Fumadores Não Permitido DETALHES DA PROPRIEDADE Apartamento com 2 quartos  - Localização: Localizado on Alameda em Lisbon com uma variedade de opções de refeições, lojas essenciais e atividades para fazer, com fácil acesso aos transportes públicos. 2 quartos em Apartment com 1 casas de banho. Características  - Forno  - Microondas SOBRE A UNIPLACES O Seu Local de Confiança para Encontrar Casa Como uma plataforma online pioneira, a Uniplaces liga indivíduos, sejam estudantes, profissionais ou famílias, a uma variedade de alojamentos para arrendamento. O nosso compromisso vai para além das listagens - verificamos cada propriedade para garantir que cumpre os nossos rigorosos critérios de conforto e conveniência. Escolha a Uniplaces para uma jornada de arrendamento suave, fiável e com uma excelente relação qualidade-preço.",False,good,False,False,,24.0,{},{'typology': 'flat'},"{'subtitle': 'Alameda - Praça do Chile - Almirante Reis, Lisboa', 'title': 'Apartamento na rua Lucinda Simões'}",False,False,False,False,{},[],False,False,Alameda - Praça do Chile - Almirante Reis,
34115096,https://img4.idealista.pt/blur/480_360_mq/0/id.pro.pt.image.master/a3/f6/80/281227570.webp,703933,14,,1500.0,"{'price': {'amount': 1500.0, 'currencySuffix': '€/mês'}}",flat,rent,65.0,2,1,rua Ferreira Chaves,Lisboa,Campolide,Centro,pt,38.7276823,-9.1642727,False,https://www.idealista.pt/imovel/34115096/,"RESERVAS E PEDIDOS DE INFORMAÇÃO Para obter informações detalhadas e reservar online, clique abaixo do mapa em “Link Adicional”. TERMOS E CONDIÇÕES DE ALOJAMENTO: - Data de Disponibilidade: 01/09/2025 - Duração Mínima de Aluguer: 365 dias - Número Máximo de Hóspedes: 2 - Todas as Despesas Incluídas: Não, para mais informações visite o site - Adicional:  - Animais de Estimação Não Permitido  - Fumadores Não Permitido DETALHES DA PROPRIEDADE Apartamento com 2 quartos  - Localização: Localizado on Campolide em Lisbon com uma variedade de opções de refeições, lojas essenciais e atividades para fazer, com fácil acesso aos transportes públicos. 2 quartos em Apartment com 1 casas de banho. Características  - Wi-Fi  - Zona exterior  - Toalhas e lençóis  - Forno SOBRE A UNIPLACES O Seu Local de Confiança para Encontrar Casa Como uma plataforma online pioneira, a Uniplaces liga indivíduos, sejam estudantes, profissionais ou famílias, a uma variedade de alojamentos para arrendamento. O nosso compromisso vai para além das listagens - verificamos cada propriedade para garantir que cumpre os nossos rigorosos critérios de conforto e conveniência. Escolha a Uniplaces para uma jornada de arrendamento suave, fiável e com uma excelente relação qualidade-preço.",False,good,False,False,,23.0,{},{'typology': 'flat'},"{'subtitle': 'Campolide, Lisboa', 'title': 'Apartamento na rua Ferreira Chaves'}",False,False,False,False,{},[],False,False,,
34112638,https://img4.idealista.pt/blur/480_360_mq/0/id.pro.pt.image.master/b6/60/c5/281227437.webp,700607,22,,900.0,"{'price': {'amount': 900.0, 'currencySuffix': '€/mês'}}",flat,rent,44.0,1,1,rua Lucinda Simões,Lisboa,Arroios,São Jorge de Arroios,pt,38.7363361,-9.1307419,False,https://www.idealista.pt/imovel/34112638/,"RESERVAS E PEDIDOS DE INFORMAÇÃO Para obter informações detalhadas e reservar online, clique abaixo do mapa em “Link Adicional”. TERMOS E CONDIÇÕES DE ALOJAMENTO: - Data de Disponibilidade: 01/09/2025 - Duração Mínima de Aluguer: 30 dias - Número Máximo de Hóspedes: 2 - Todas as Despesas Incluídas: Sim, para mais informações visite o site - Adicional:  - Animais de Estimação Não Permitido  - Fumadores Não Permitido DETALHES DA PROPRIEDADE Apartamento com 1 quarto, com área exterior  - Localização: Localizado on Alameda em Lisbon com uma variedade de opções de refeições, lojas essenciais e atividades para fazer, com fácil acesso aos transportes públicos. 1 quartos em Apartment com 1 casas de banho. Características  - Zona exterior  - Wi-Fi SOBRE A UNIPLACES O Seu Local de Confiança para Encontrar Casa Como uma plataforma online pioneira, a Uniplaces liga indivíduos, sejam estudantes, profissionais ou famílias, a uma variedade de alojamentos para arrendamento. O nosso compromisso vai para além das listagens - verificamos cada propriedade para garantir que cumpre os nossos rigorosos critérios de conforto e conveniência. Escolha a Uniplaces para uma jornada de arrendamento suave, fiável e com uma excelente relação qualidade-preço.",False,good,False,False,,20.0,{},{'typology': 'flat'},"{'subtitle': 'Alameda - Praça do Chile - Almirante Reis, Lisboa', 'title': 'Apartamento na rua Lucinda Simões'}",False,False,False,False,{},[],False,False,Alameda - Praça do Chile - Almirante Reis,
34087078,https://img4.idealista.pt/blur/480_360_mq/0/id.pro.pt.image.master/2c/c7/0b/281227251.webp,686958,16,,2600.0,"{'price': {'amount': 2600.0, 'currencySuffix': '€/mês'}}",flat,rent,75.0,3,2,rua Álvaro Coutinho,Lisboa,Arroios,Anjos,pt,38.7263852,-9.1343793,False,https://www.idealista.pt/imovel/34087078/,"RESERVAS E PEDIDOS DE INFORMAÇÃO Para obter informações detalhadas e reservar online, clique abaixo do mapa em “Link Adicional”. TERMOS E CONDIÇÕES DE ALOJAMENTO: - Data de Disponibilidade: 01/09/2025 - Duração Mínima de Aluguer: 28 dias - Número Máximo de Hóspedes: 8 - Todas as Despesas Incluídas: Não, para mais informações visite o site - Adicional:  - Animais de Estimação Não Permitido  - Fumadores Não Permitido DETALHES DA PROPRIEDADE Apartamento com 3 quartos  - Localização: Localizado on Anjos em Lisbon com uma variedade de opções de refeições, lojas essenciais e atividades para fazer, com fácil acesso aos transportes públicos. 3 quartos em Apartment com 2 casas de banho. Características  - Air condicionado  - Televisão por cabo  - Wi-Fi  - Elevador  - Toalhas e lençóis  - Forno  - Microondas  - Máquina de lavar roupa  - Máquina de lavar louça SOBRE A UNIPLACES O Seu Local de Confiança para Encontrar Casa Como uma plataforma online pioneira, a Uniplaces liga indivíduos, sejam estudantes, profissionais ou famílias, a uma variedade de alojamentos para arrendamento. O nosso compromisso vai para além das listagens - verificamos cada propriedade para garantir que cumpre os nossos rigorosos critérios de conforto e conveniência. Escolha a Uniplaces para uma jornada de arrendamento suave, fiável e com uma excelente relação qualidade-preço.",False,good,False,True,,35.0,{},{'typology': 'flat'},"{'subtitle': 'Arroios, Lisboa', 'title': 'Apartamento na rua Álvaro Coutinho'}",False,False,False,False,{},[],False,False,,
34113589,https://img4.idealista.pt/blur/480_360_mq/0/id.pro.pt.image.master/20/f4/6c/281227041.webp,673887,9,,1500.0,"{'price': {'amount': 1500.0, 'currencySuffix': '€/mês'}}",flat,rent,79.0,1,1,avenida José Malhoa,Lisboa,Campolide,Praça de Espanha - Sete Rios,pt,38.7379341,-9.1624926,False,https://www.idealista.pt/imovel/34113589/,"RESERVAS E PEDIDOS DE INFORMAÇÃO Para obter informações detalhadas e reservar online, clique abaixo do mapa em “Link Adicional”. TERMOS E CONDIÇÕES DE ALOJAMENTO: - Data de Disponibilidade: 01/09/2025 - Duração Mínima de Aluguer: 30 dias - Número Máximo de Hóspedes: 2 - Todas as Despesas Incluídas: Sim, para mais informações visite o site - Adicional:  - Animais de Estimação Não Permitido  - Fumadores Não Permitido DETALHES DA PROPRIEDADE Bonito apartamento com 1 quarto junto à NOVA IMS  - Localização: Localizado on Sete Rios em Lisbon com uma variedade de opções de refeições, lojas essenciais e atividades para fazer, com fácil acesso aos transportes públicos. 1 quartos em Apartment com 1 casas de banho. Características  - Wi-Fi  - Televisão por cabo  - Zona exterior  - Elevador  - Toalhas e lençóis  - Microondas  - Máquina de lavar roupa  - Máquina de lavar louça SOBRE A UNIPLACES O Seu Local de Confiança para Encontrar Casa Como uma plataforma online pioneira, a Uniplaces liga indivíduos, sejam estudantes, profissionais ou famílias, a uma variedade de alojamentos para arrendamento. O nosso compromisso vai para além das listagens - verificamos cada propriedade para garantir que cumpre os nossos rigorosos critérios de conforto e conveniência. Escolha a Uniplaces para uma jornada de arrendamento suave, fiável e com uma excelente relação qualidade-preço.",False,good,False,True,,19.0,{},{'typology': 'flat'},"{'subtitle': 'Campolide, Lisboa', 'title': 'Apartamento na avenida José Malhoa'}",False,False,False,False,{},[],False,False,,
34112620,https://img4.idealista.pt/blur/480_360_mq/0/id.pro.pt.image.master/9f/e8/bf/281225816.webp,655756,13,,870.0,"{'price': {'amount': 870.0, 'currencySuffix': '€/mês'}}",studio,rent,26.0,0,1,beco João Alves,Lisboa,Ajuda,Rio Seco - Casalinho,pt,38.7083674,-9.1925869,False,https://www.idealista.pt/imovel/34112620/,"RESERVAS E PEDIDOS DE INFORMAÇÃO Para obter informações detalhadas e reservar online, clique abaixo do mapa em “Link Adicional”. TERMOS E CONDIÇÕES DE ALOJAMENTO: - Data de Disponibilidade: 01/09/2025 - Duração Mínima de Aluguer: 70 dias - Número Máximo de Hóspedes: 2 - Todas as Despesas Incluídas: Sim, para mais informações visite o site - Adicional:  - Animais de Estimação Não Permitido  - Fumadores Não Permitido DETALHES DA PROPRIEDADE Estúdio  - Descrição da Propriedade na Uniplaces: Horário e valores de check-in por pessoa: de segunda a sexta das 09:00 às 17:29: gratuito de segunda a sexta-feira das 17:30 às 18:59: 25 euros de segunda a sexta-feira das 19:00 às 20:59: 35 euros de segunda a sexta depois das 21:00: adicionar 5 euros por hora Sábado, domingo e feriados: das 09:00 às 10:59 - 40 euros das 11:00 às 17:29: 45 euros das 17:30 às 21:00: 50 euros após as 21h, acrescente 5 euros por hora  Visitantes são permitidos, mas somente com o consentimento prévio do proprietário.  - Localização: Localizado on Ajuda em Lisbon com uma variedade de opções de refeições, lojas essenciais e atividades para fazer, com fácil acesso aos transportes públicos. 0 quartos em Studio com 1 casas de banho. Características  - Microondas SOBRE A UNIPLACES O Seu Local de Confiança para Encontrar Casa Como uma plataforma online pioneira, a Uniplaces liga indivíduos, sejam estudantes, profissionais ou famílias, a uma variedade de alojamentos para arrendamento. O nosso compromisso vai para além das listagens - verificamos cada propriedade para garantir que cumpre os nossos rigorosos critérios de conforto e conveniência. Escolha a Uniplaces para uma jornada de arrendamento suave, fiável e com uma excelente relação qualidade-preço.",False,good,False,False,,33.0,{},"{'typology': 'flat', 'subTypology': 'studio'}","{'subtitle': 'Ajuda, Lisboa', 'title': 'T0 no beco João Alves'}",False,False,False,False,{},[],False,False,,
34113607,https://img4.idealista.pt/blur/480_360_mq/0/id.pro.pt.image.master/13/63/98/281225654.webp,642389,26,,1650.0,"{'price': {'amount': 1650.0, 'currencySuffix': '€/mês'}}",flat,rent,70.0,1,1,rua de Pedrouços,Lisboa,Belém,Pedrouços,pt,38.6956096,-9.2164343,False,https://www.idealista.pt/imovel/34113607/,"RESERVAS E PEDIDOS DE INFORMAÇÃO Para obter informações detalhadas e reservar online, clique abaixo do mapa em “Link Adicional”. TERMOS E CONDIÇÕES DE ALOJAMENTO: - Data de Disponibilidade: 01/09/2025 - Duração Mínima de Aluguer: 90 dias - Número Máximo de Hóspedes: 3 - Todas as Despesas Incluídas: Não, para mais informações visite o site - Adicional:  - Animais de Estimação Não Permitido  - Fumadores Não Permitido DETALHES DA PROPRIEDADE Apartamento restelo belém luz Ar condicionado 2WC areas exteriores  - Descrição da Propriedade na Uniplaces: Luminoso! Ar condicionado! em Belém, perto do mosteiro dos jerónimos e torre de belém, apartamento moderno: 1 quarto suite com terraço exterior e studio/open space com 1 cama single WCroupeiro. Vista parcial do rio tejo e Quintal de 30 metros para uso exclusivo o primeiro na foto de exterior. Electrodomesticos e Ar Condicionado: responsabilidade por bom funcionamento do inquilino 15 dias após entrada. Despesas de água e electricidade mediante facturação de fornecedores. Limpeza final apartamento e roupas 180 euros na data de entrada. Imagem da mesa castanha como sugestão de localização, sendo a mesa existente em cor branca. Sofá na imagem a ser colocado.  - Localização: Localizado on Restelo em Lisbon com uma variedade de opções de refeições, lojas essenciais e atividades para fazer, com fácil acesso aos transportes públicos. 1 quartos em Apartment com 1 casas de banho. Características  - Wi-Fi  - Air condicionado  - Zona exterior  - Toalhas e lençóis  - Microondas  - Máquina de lavar roupa SOBRE A UNIPLACES O Seu Local de Confiança para Encontrar Casa Como uma plataforma online pioneira, a Uniplaces liga indivíduos, sejam estudantes, profissionais ou famílias, a uma variedade de alojamentos para arrendamento. O nosso compromisso vai para além das listagens - verificamos cada propriedade para garantir que cumpre os nossos rigorosos critérios de conforto e conveniência. Escolha a Uniplaces para uma jornada de arrendamento suave, fiável e com uma excelente relação qualidade-preço.",False,good,False,False,,24.0,{},{'typology': 'flat'},"{'subtitle': 'Belém, Lisboa', 'title': 'Apartamento na rua de Pedrouços'}",False,False,False,False,{},[],False,False,,
34113543,https://img4.idealista.pt/blur/480_360_mq/0/id.pro.pt.image.master/8c/2d/f3/281225621.webp,639955,8,,1450.0,"{'price': {'amount': 1450.0, 'currencySuffix': '€/mês'}}",flat,rent,70.0,1,1,rua Angelina Vidal,Lisboa,São Vicente,Graça,pt,38.7211306,-9.1316106,False,https://www.idealista.pt/imovel/34113543/,"RESERVAS E PEDIDOS DE INFORMAÇÃO Para obter informações detalhadas e reservar online, clique abaixo do mapa em “Link Adicional”. TERMOS E CONDIÇÕES DE ALOJAMENTO: - Data de Disponibilidade: 01/09/2025 - Duração Mínima de Aluguer: 27 dias - Número Máximo de Hóspedes: 4 - Todas as Despesas Incluídas: Sim, para mais informações visite o site - Adicional:  - Animais de Estimação Não Permitido  - Fumadores Não Permitido DETALHES DA PROPRIEDADE Lovely one bedroom with a superb balcony on the highest hill of Lisbon.  - Localização: Localizado on Intendente em Lisbon com uma variedade de opções de refeições, lojas essenciais e atividades para fazer, com fácil acesso aos transportes públicos. 1 quartos em Apartment com 1 casas de banho. Características  - Wi-Fi  - Televisão por cabo  - Aquecimento central  - Air condicionado  - Zona exterior  - Toalhas e lençóis  - Elevador SOBRE A UNIPLACES O Seu Local de Confiança para Encontrar Casa Como uma plataforma online pioneira, a Uniplaces liga indivíduos, sejam estudantes, profissionais ou famílias, a uma variedade de alojamentos para arrendamento. O nosso compromisso vai para além das listagens - verificamos cada propriedade para garantir que cumpre os nossos rigorosos critérios de conforto e conveniência. Escolha a Uniplaces para uma jornada de arrendamento suave, fiável e com uma excelente relação qualidade-preço.",False,good,False,True,,21.0,{},{'typology': 'flat'},"{'subtitle': 'São Vicente, Lisboa', 'title': 'Apartamento na rua Angelina Vidal'}",False,False,False,False,{},[],False,False,,
34109858,https://img4.idealista.pt/blur/480_360_mq/0/id.pro.pt.image.master/c3/fb/ff/281225384.webp,619059,14,,1500.0,"{'price': {'amount': 1500.0, 'currencySuffix': '€/mês'}}",flat,rent,54.0,1,1,rua da Prata,Lisboa,Santa Maria Maior,Baixa,pt,38.7103375,-9.1357424,False,https://www.idealista.pt/imovel/34109858/,"RESERVAS E PEDIDOS DE INFORMAÇÃO Para obter informações detalhadas e reservar online, clique abaixo do mapa em “Link Adicional”. TERMOS E CONDIÇÕES DE ALOJAMENTO: - Data de Disponibilidade: DISPONÍVEL AGORA - Duração Mínima de Aluguer: 30 dias - Número Máximo de Hóspedes: 3 - Todas as Despesas Incluídas: Não, para mais informações visite o site - Adicional:  - Animais de Estimação Não Permitido  - Fumadores Não Permitido DETALHES DA PROPRIEDADE Apartamento com 1 quarto, com área exterior  - Localização: Localizado on Downtown em Lisbon com uma variedade de opções de refeições, lojas essenciais e atividades para fazer, com fácil acesso aos transportes públicos. 1 quartos em Apartment com 1 casas de banho. Características  - Aquecimento central  - Zona exterior  - Elevador  - Forno SOBRE A UNIPLACES O Seu Local de Confiança para Encontrar Casa Como uma plataforma online pioneira, a Uniplaces liga indivíduos, sejam estudantes, profissionais ou famílias, a uma variedade de alojamentos para arrendamento. O nosso compromisso vai para além das listagens - verificamos cada propriedade para garantir que cumpre os nossos rigorosos critérios de conforto e conveniência. Escolha a Uniplaces para uma jornada de arrendamento suave, fiável e com uma excelente relação qualidade-preço.",False,good,False,True,,28.0,{},{'typology': 'flat'},"{'subtitle': 'Santa Maria Maior, Lisboa', 'title': 'Apartamento na rua da Prata'}",False,False,False,False,{},[],False,False,,
34112010,https://img4.idealista.pt/blur/480_360_mq/0/id.pro.pt.image.master/c2/44/60/281225194.webp,594385,24,,2000.0,"{'price': {'amount': 2000.0, 'currencySuffix': '€/mês'}}",flat,rent,60.0,1,1,rua Jorge Afonso,Lisboa,Avenidas Novas,Entrecampos,pt,38.7445874,-9.1543185,False,https://www.idealista.pt/imovel/34112010/,"RESERVAS E PEDIDOS DE INFORMAÇÃO Para obter informações detalhadas e reservar online, clique abaixo do mapa em “Link Adicional”. TERMOS E CONDIÇÕES DE ALOJAMENTO: - Data de Disponibilidade: 26/06/2025 - Duração Mínima de Aluguer: 27 dias - Número Máximo de Hóspedes: 2 - Todas as Despesas Incluídas: Sim, para mais informações visite o site - Adicional:  - Animais de Estimação Não Permitido  - Fumadores Não Permitido DETALHES DA PROPRIEDADE Charming Apart. T1 Entrecampos! Month AUGUST RENT  - Localização: Localizado on Entrecampos em Lisbon com uma variedade de opções de refeições, lojas essenciais e atividades para fazer, com fácil acesso aos transportes públicos. 1 quartos em Apartment com 1 casas de banho. Características  - Wi-Fi  - Televisão por cabo  - Zona exterior  - Toalhas e lençóis  - Forno  - Microondas  - Máquina de lavar roupa SOBRE A UNIPLACES O Seu Local de Confiança para Encontrar Casa Como uma plataforma online pioneira, a Uniplaces liga indivíduos, sejam estudantes, profissionais ou famílias, a uma variedade de alojamentos para arrendamento. O nosso compromisso vai para além das listagens - verificamos cada propriedade para garantir que cumpre os nossos rigorosos critérios de conforto e conveniência. Escolha a Uniplaces para uma jornada de arrendamento suave, fiável e com uma excelente relação qualidade-preço.",False,good,False,False,,33.0,{},{'typology': 'flat'},"{'subtitle': 'Avenidas Novas, Lisboa', 'title': 'Apartamento na rua Jorge Afonso'}",False,False,False,False,{},[],False,False,,
34113568,https://img4.idealista.pt/blur/480_360_mq/0/id.pro.pt.image.master/68/ce/98/281225011.webp,572910,20,,1550.0,"{'price': {'amount': 1550.0, 'currencySuffix': '€/mês'}}",flat,rent,62.0,2,1,rua General Justiniano Padrel,Lisboa,São Vicente,Santa Engrácia,pt,38.7205366,-9.123402,False,https://www.idealista.pt/imovel/34113568/,"RESERVAS E PEDIDOS DE INFORMAÇÃO Para obter informações detalhadas e reservar online, clique abaixo do mapa em “Link Adicional”. TERMOS E CONDIÇÕES DE ALOJAMENTO: - Data de Disponibilidade: 01/09/2025 - Duração Mínima de Aluguer: 90 dias - Número Máximo de Hóspedes: 3 - Todas as Despesas Incluídas: Não, para mais informações visite o site - Adicional:  - Animais de Estimação Permitido  - Fumadores Não Permitido DETALHES DA PROPRIEDADE Apartamento com espaço exterior 71m2 e 2 quartos  - Localização: Localizado on Santa Apolónia em Lisbon com uma variedade de opções de refeições, lojas essenciais e atividades para fazer, com fácil acesso aos transportes públicos. 2 quartos em Apartment com 1 casas de banho. Características  - Wi-Fi  - Televisão por cabo  - Air condicionado  - Zona exterior  - Toalhas e lençóis  - Forno  - Microondas  - Máquina de lavar roupa  - Máquina de lavar louça SOBRE A UNIPLACES O Seu Local de Confiança para Encontrar Casa Como uma plataforma online pioneira, a Uniplaces liga indivíduos, sejam estudantes, profissionais ou famílias, a uma variedade de alojamentos para arrendamento. O nosso compromisso vai para além das listagens - verificamos cada propriedade para garantir que cumpre os nossos rigorosos critérios de conforto e conveniência. Escolha a Uniplaces para uma jornada de arrendamento suave, fiável e com uma excelente relação qualidade-preço.",False,good,False,False,,25.0,{},{'typology': 'flat'},"{'subtitle': 'São Vicente, Lisboa', 'title': 'Apartamento na rua General Justiniano Padrel'}",False,False,False,False,{},[],False,False,,
34113460,https://img4.idealista.pt/blur/480_360_mq/0/id.pro.pt.image.master/01/64/53/281224987.webp,569303,14,,1093.0,"{'price': {'amount': 1093.0, 'currencySuffix': '€/mês'}}",flat,rent,42.0,1,1,beco João Alves,Lisboa,Ajuda,Rio Seco - Casalinho,pt,38.7079035,-9.191822,False,https://www.idealista.pt/imovel/34113460/,"RESERVAS E PEDIDOS DE INFORMAÇÃO Para obter informações detalhadas e reservar online, clique abaixo do mapa em “Link Adicional”. TERMOS E CONDIÇÕES DE ALOJAMENTO: - Data de Disponibilidade: 01/09/2025 - Duração Mínima de Aluguer: 135 dias - Número Máximo de Hóspedes: 2 - Todas as Despesas Incluídas: Sim, para mais informações visite o site - Adicional:  - Animais de Estimação Não Permitido  - Fumadores Não Permitido DETALHES DA PROPRIEDADE Apartamento com 1 quarto  - Descrição da Propriedade na Uniplaces: Horário e valores de check-in por pessoa: de segunda a sexta, das 09:00 às 17:29: Grátis de segunda a sexta, das 17:30 às 18:59: 25EUR de segunda a sexta, das 19:00 às 20:59: 35EUR de segunda a sexta-feira após as 21:00: adicione 5 euros por hora aos sábados, domingos e feriados: das 09:00 às 10:59 - 40EUR 11:00 - 17:29: 45 EUR 17:30 - 21:00: 50 euros após as 21h, acrescente 5 euros por hora Visitantes são permitidos, mas somente com o consentimento prévio do proprietário.  - Localização: Localizado on Ajuda em Lisbon com uma variedade de opções de refeições, lojas essenciais e atividades para fazer, com fácil acesso aos transportes públicos. 1 quartos em Apartment com 1 casas de banho. Características  - Forno  - Microondas SOBRE A UNIPLACES O Seu Local de Confiança para Encontrar Casa Como uma plataforma online pioneira, a Uniplaces liga indivíduos, sejam estudantes, profissionais ou famílias, a uma variedade de alojamentos para arrendamento. O nosso compromisso vai para além das listagens - verificamos cada propriedade para garantir que cumpre os nossos rigorosos critérios de conforto e conveniência. Escolha a Uniplaces para uma jornada de arrendamento suave, fiável e com uma excelente relação qualidade-preço.",False,good,False,False,,26.0,{},{'typology': 'flat'},"{'subtitle': 'Ajuda, Lisboa', 'title': 'Apartamento no beco João Alves'}",False,False,False,False,{},[],False,False,,
34113444,https://img4.idealista.pt/blur/480_360_mq/0/id.pro.pt.image.master/69/dd/ba/281224931.webp,569174,14,,1173.0,"{'price': {'amount': 1173.0, 'currencySuffix': '€/mês'}}",studio,rent,24.0,0,1,beco João Alves,Lisboa,Ajuda,Rio Seco - Casalinho,pt,38.7065937,-9.194644,False,https://www.idealista.pt/imovel/34113444/,"RESERVAS E PEDIDOS DE INFORMAÇÃO Para obter informações detalhadas e reservar online, clique abaixo do mapa em “Link Adicional”. TERMOS E CONDIÇÕES DE ALOJAMENTO: - Data de Disponibilidade: 01/09/2025 - Duração Mínima de Aluguer: 135 dias - Número Máximo de Hóspedes: 2 - Todas as Despesas Incluídas: Sim, para mais informações visite o site - Adicional:  - Animais de Estimação Não Permitido  - Fumadores Não Permitido DETALHES DA PROPRIEDADE Estúdio  - Descrição da Propriedade na Uniplaces: Horário e valores de check-in por pessoa: de segunda a sexta, das 09:00 às 17:29: Grátis de segunda a sexta, das 17:30 às 18:59: 25EUR de segunda a sexta, das 19:00 às 20:59: 35EUR de segunda a sexta-feira após as 21:00: adicione 5 euros por hora aos sábados, domingos e feriados: das 09:00 às 10:59 - 40EUR 11:00 - 17:29: 45 EUR 17:30 - 21:00: 50 euros após as 21h, acrescente 5 euros por hora  - Localização: Localizado on Ajuda em Lisbon com uma variedade de opções de refeições, lojas essenciais e atividades para fazer, com fácil acesso aos transportes públicos. 0 quartos em Studio com 1 casas de banho. Características  - Forno SOBRE A UNIPLACES O Seu Local de Confiança para Encontrar Casa Como uma plataforma online pioneira, a Uniplaces liga indivíduos, sejam estudantes, profissionais ou famílias, a uma variedade de alojamentos para arrendamento. O nosso compromisso vai para além das listagens - verificamos cada propriedade para garantir que cumpre os nossos rigorosos critérios de conforto e conveniência. Escolha a Uniplaces para uma jornada de arrendamento suave, fiável e com uma excelente relação qualidade-preço.",False,good,False,False,,49.0,{},"{'typology': 'flat', 'subTypology': 'studio'}","{'subtitle': 'Ajuda, Lisboa', 'title': 'T0 no beco João Alves'}",False,False,False,False,{},[],False,False,,
34113439,https://img4.idealista.pt/blur/480_360_mq/0/id.pro.pt.image.master/0b/38/13/281224687.webp,560166,22,,1000.0,"{'price': {'amount': 1000.0, 'currencySuffix': '€/mês'}}",flat,rent,42.0,1,1,rua Dom Domingos Jardo,Lisboa,Penha de França,Alto de São João - Alto do Varejão,pt,38.7277639,-9.1180786,False,https://www.idealista.pt/imovel/34113439/,"RESERVAS E PEDIDOS DE INFORMAÇÃO Para obter informações detalhadas e reservar online, clique abaixo do mapa em “Link Adicional”. TERMOS E CONDIÇÕES DE ALOJAMENTO: - Data de Disponibilidade: 01/09/2025 - Duração Mínima de Aluguer: 27 dias - Número Máximo de Hóspedes: 2 - Todas as Despesas Incluídas: Sim, para mais informações visite o site - Adicional:  - Animais de Estimação Não Permitido  - Fumadores Não Permitido DETALHES DA PROPRIEDADE Apartamento com 1 quarto, com área exterior  - Localização: Localizado on Xabregas em Lisbon com uma variedade de opções de refeições, lojas essenciais e atividades para fazer, com fácil acesso aos transportes públicos. 1 quartos em Apartment com 1 casas de banho. Características  - Wi-Fi  - Zona exterior  - Toalhas e lençóis  - Forno  - Microondas  - Máquina de lavar roupa SOBRE A UNIPLACES O Seu Local de Confiança para Encontrar Casa Como uma plataforma online pioneira, a Uniplaces liga indivíduos, sejam estudantes, profissionais ou famílias, a uma variedade de alojamentos para arrendamento. O nosso compromisso vai para além das listagens - verificamos cada propriedade para garantir que cumpre os nossos rigorosos critérios de conforto e conveniência. Escolha a Uniplaces para uma jornada de arrendamento suave, fiável e com uma excelente relação qualidade-preço.",False,good,False,False,,24.0,{},{'typology': 'flat'},"{'subtitle': 'Penha de França, Lisboa', 'title': 'Apartamento na rua Dom Domingos Jardo'}",False,False,False,False,{},[],False,False,,
34115199,https://img4.idealista.pt/blur/480_360_mq/0/id.pro.pt.image.master/db/69/01/281224647.webp,556929,19,,2100.0,"{'price': {'amount': 2100.0, 'currencySuffix': '€/mês'}}",flat,rent,64.0,2,1,travessa Amoreira,Lisboa,Estrela,Lapa,pt,38.7042489,-9.1657339,False,https://www.idealista.pt/imovel/34115199/,"RESERVAS E PEDIDOS DE INFORMAÇÃO Para obter informações detalhadas e reservar online, clique abaixo do mapa em “Link Adicional”. TERMOS E CONDIÇÕES DE ALOJAMENTO: - Data de Disponibilidade: 01/09/2025 - Duração Mínima de Aluguer: 135 dias - Número Máximo de Hóspedes: 3 - Todas as Despesas Incluídas: Não, para mais informações visite o site - Adicional:  - Animais de Estimação Não Permitido  - Fumadores Não Permitido DETALHES DA PROPRIEDADE Apartamento com 2 quartos  - Localização: Localizado on Lapa em Lisbon com uma variedade de opções de refeições, lojas essenciais e atividades para fazer, com fácil acesso aos transportes públicos. 2 quartos em Apartment com 1 casas de banho. Características   SOBRE A UNIPLACES O Seu Local de Confiança para Encontrar Casa Como uma plataforma online pioneira, a Uniplaces liga indivíduos, sejam estudantes, profissionais ou famílias, a uma variedade de alojamentos para arrendamento. O nosso compromisso vai para além das listagens - verificamos cada propriedade para garantir que cumpre os nossos rigorosos critérios de conforto e conveniência. Escolha a Uniplaces para uma jornada de arrendamento suave, fiável e com uma excelente relação qualidade-preço.",False,good,False,False,,33.0,{},{'typology': 'flat'},"{'subtitle': 'Estrela, Lisboa', 'title': 'Apartamento na travessa Amoreira'}",False,False,False,False,{},[],False,False,,
32657015,https://img4.idealista.pt/blur/480_360_mq/0/id.pro.pt.image.master/eb/c7/4d/215016337.webp,,12,1,1300.0,"{'price': {'amount': 1300.0, 'currencySuffix': '€/mês'}}",flat,rent,70.0,1,1,"travessa do Marquês de Sampaio, 18",Lisboa,Misericórdia,Santa Catarina,pt,38.7090048,-9.1481642,True,https://www.idealista.pt/imovel/32657015/,"Mínimo 1 ano de contrato 2 rendas + 1 caução Apartamento T1+1 numa das mais pitorescas zonas de Lisboa. Este apartamento está localizado numa zona bastante central, perto do metro do Cais do sodré e do famoso Time out Market, num bairro de ambiente cosmopolita. Com dois quartos, uma casa de banho, sala e uma cozinha completamente equipada, este apartamento foi completamente renovado de forma cuidadosa, requintada e confortável. O apartamento está localizado no primeiro piso do edificio. Marque já a sua visita.",True,good,False,False,,19.0,{},{'typology': 'flat'},"{'subtitle': 'Misericórdia, Lisboa', 'title': 'Apartamento na travessa do Marquês de Sampaio, 18'}",False,False,False,False,{},[],False,False,,
34107101,https://img4.idealista.pt/blur/480_360_mq/0/id.pro.pt.image.master/48/4b/f5/280840647.webp,HA 1300 0325,15,5,900.0,"{'price': {'amount': 900.0, 'currencySuffix': '€/mês'}}",flat,rent,60.0,1,1,rua José Falcão,Lisboa,Arroios,São Jorge de Arroios,pt,38.7313794,-9.134692,False,https://www.idealista.pt/imovel/34107101/,"Apartamento T1 com 60m2 completamente remodelado a estrear. 5ºandar em prédio sem elevador. Hall entrada com 4m2 amplo, cozinha com 12m2, equipada com placa, forno, exaustor, esquentador e máquina de lavar roupa. Sala muito simpática com 22m2, Quarto com 15m2 e wc com base de duche e janela com 4m2. Janelas com vidro duplo e chão flutuante. O apartamento encontra-se a terminar obras totais e estará disponível a partir de 15 de Abril. Sito a 2 min a pé da estação de metro Arroios e autocarros. Para o arrendamento são necessárias 2 rendas + 2 cauções e fiador português.",False,good,False,False,,15.0,{},{'typology': 'flat'},"{'subtitle': 'Alameda - Praça do Chile - Almirante Reis, Lisboa', 'title': 'Apartamento na rua José Falcão'}",True,False,False,False,{},[],False,False,Alameda - Praça do Chile - Almirante Reis,
34112499,https://img4.idealista.pt/blur/480_360_mq/0/id.pro.pt.image.master/74/68/86/281223288.webp,440739,3,,600.0,"{'price': {'amount': 600.0, 'currencySuffix': '€/mês'}}",studio,rent,26.0,0,1,avenida Defensores de Chaves,Lisboa,Avenidas Novas,Campo Pequeno,pt,38.7400935,-9.1441705,False,https://www.idealista.pt/imovel/34112499/,"RESERVAS E PEDIDOS DE INFORMAÇÃO Para obter informações detalhadas e reservar online, clique abaixo do mapa em “Link Adicional”. TERMOS E CONDIÇÕES DE ALOJAMENTO: - Data de Disponibilidade: 01/09/2025 - Duração Mínima de Aluguer: 120 dias - Número Máximo de Hóspedes: 1 - Todas as Despesas Incluídas: Sim, para mais informações visite o site - Adicional:  - Animais de Estimação Não Permitido  - Fumadores Não Permitido DETALHES DA PROPRIEDADE Apartamento com 1 quarto  - Localização: Localizado on Saldanha em Lisbon com uma variedade de opções de refeições, lojas essenciais e atividades para fazer, com fácil acesso aos transportes públicos. 0 quartos em Studio com 1 casas de banho. Características  - Wi-Fi  - Televisão por cabo  - Air condicionado  - Elevador  - Microondas SOBRE A UNIPLACES O Seu Local de Confiança para Encontrar Casa Como uma plataforma online pioneira, a Uniplaces liga indivíduos, sejam estudantes, profissionais ou famílias, a uma variedade de alojamentos para arrendamento. O nosso compromisso vai para além das listagens - verificamos cada propriedade para garantir que cumpre os nossos rigorosos critérios de conforto e conveniência. Escolha a Uniplaces para uma jornada de arrendamento suave, fiável e com uma excelente relação qualidade-preço.",False,good,False,True,,23.0,{},"{'typology': 'flat', 'subTypology': 'studio'}","{'subtitle': 'Avenidas Novas, Lisboa', 'title': 'T0 na avenida Defensores de Chaves'}",False,False,False,False,{},[],False,False,,
34113626,https://img4.idealista.pt/blur/480_360_mq/0/id.pro.pt.image.master/94/1b/be/281223217.webp,435911,42,,1900.0,"{'price': {'amount': 1900.0, 'currencySuffix': '€/mês'}}",flat,rent,42.0,1,1,rua Maria,Lisboa,Arroios,Anjos,pt,38.7254449,-9.1332278,False,https://www.idealista.pt/imovel/34113626/,"RESERVAS E PEDIDOS DE INFORMAÇÃO Para obter informações detalhadas e reservar online, clique abaixo do mapa em “Link Adicional”. TERMOS E CONDIÇÕES DE ALOJAMENTO: - Data de Disponibilidade: 01/09/2025 - Duração Mínima de Aluguer: 27 dias - Número Máximo de Hóspedes: 2 - Todas as Despesas Incluídas: Não, para mais informações visite o site - Adicional:  - Animais de Estimação Não Permitido  - Fumadores Não Permitido DETALHES DA PROPRIEDADE Apartamento com elevador e varanda  - Localização: Localizado on Anjos em Lisbon com uma variedade de opções de refeições, lojas essenciais e atividades para fazer, com fácil acesso aos transportes públicos. 1 quartos em Apartment com 1 casas de banho. Características  - Wi-Fi  - Televisão por cabo  - Zona exterior  - Toalhas e lençóis  - Elevador  - Microondas  - Máquina de lavar roupa SOBRE A UNIPLACES O Seu Local de Confiança para Encontrar Casa Como uma plataforma online pioneira, a Uniplaces liga indivíduos, sejam estudantes, profissionais ou famílias, a uma variedade de alojamentos para arrendamento. O nosso compromisso vai para além das listagens - verificamos cada propriedade para garantir que cumpre os nossos rigorosos critérios de conforto e conveniência. Escolha a Uniplaces para uma jornada de arrendamento suave, fiável e com uma excelente relação qualidade-preço.",False,good,False,True,,45.0,{},{'typology': 'flat'},"{'subtitle': 'Arroios, Lisboa', 'title': 'Apartamento na rua Maria'}",False,False,False,False,{},[],False,False,,
34113538,https://img4.idealista.pt/blur/480_360_mq/0/id.pro.pt.image.master/39/73/68/281221792.webp,383507,28,,1300.0,"{'price': {'amount': 1300.0, 'currencySuffix': '€/mês'}}",flat,rent,64.0,2,1,rua André de Resende,Lisboa,Benfica,Avenida do Uruguai,pt,38.7473758,-9.1978998,False,https://www.idealista.pt/imovel/34113538/,"RESERVAS E PEDIDOS DE INFORMAÇÃO Para obter informações detalhadas e reservar online, clique abaixo do mapa em “Link Adicional”. TERMOS E CONDIÇÕES DE ALOJAMENTO: - Data de Disponibilidade: 01/09/2025 - Duração Mínima de Aluguer: 27 dias - Número Máximo de Hóspedes: 4 - Todas as Despesas Incluídas: Não, para mais informações visite o site - Adicional:  - Animais de Estimação Não Permitido  - Fumadores Não Permitido DETALHES DA PROPRIEDADE Apartamento com 2 quartos  - Descrição da Propriedade na Uniplaces: This spacious and well-equipped apartment has two bedrooms with wardrobes, a bathroom, a well-equipped kitchen, central heating and two parking spaces. It is very well located in a quiet area of Benfica but very close to Benfica's restaurants, supermarkets and train station.  - Localização: Localizado on Benfica em Lisbon com uma variedade de opções de refeições, lojas essenciais e atividades para fazer, com fácil acesso aos transportes públicos. 2 quartos em Apartment com 1 casas de banho. Características  - Wi-Fi  - Televisão por cabo  - Aquecimento central  - Toalhas e lençóis  - Elevador  - Forno  - Microondas  - Máquina de lavar roupa SOBRE A UNIPLACES O Seu Local de Confiança para Encontrar Casa Como uma plataforma online pioneira, a Uniplaces liga indivíduos, sejam estudantes, profissionais ou famílias, a uma variedade de alojamentos para arrendamento. O nosso compromisso vai para além das listagens - verificamos cada propriedade para garantir que cumpre os nossos rigorosos critérios de conforto e conveniência. Escolha a Uniplaces para uma jornada de arrendamento suave, fiável e com uma excelente relação qualidade-preço.",False,good,False,True,,20.0,{},{'typology': 'flat'},"{'subtitle': 'Benfica, Lisboa', 'title': 'Apartamento na rua André de Resende'}",False,False,False,False,{},[],False,False,,
34113593,https://img4.idealista.pt/blur/480_360_mq/0/id.pro.pt.image.master/af/06/ca/281221153.webp,342605,32,,1600.0,"{'price': {'amount': 1600.0, 'currencySuffix': '€/mês'}}",flat,rent,64.0,2,1,praça Doutor Alfredo Cunha,Lisboa,Belém,Centro,pt,38.7014948,-9.2058253,False,https://www.idealista.pt/imovel/34113593/,"RESERVAS E PEDIDOS DE INFORMAÇÃO Para obter informações detalhadas e reservar online, clique abaixo do mapa em “Link Adicional”. TERMOS E CONDIÇÕES DE ALOJAMENTO: - Data de Disponibilidade: 01/09/2025 - Duração Mínima de Aluguer: 27 dias - Número Máximo de Hóspedes: 4 - Todas as Despesas Incluídas: Não, para mais informações visite o site - Adicional:  - Animais de Estimação Não Permitido  - Fumadores Não Permitido DETALHES DA PROPRIEDADE Apartamento com 2 quartos, com área exterior  - Descrição da Propriedade na Uniplaces: Brand new apartment in Belém. Fully furnished and equipped  - Localização: Localizado on Ajuda em Lisbon com uma variedade de opções de refeições, lojas essenciais e atividades para fazer, com fácil acesso aos transportes públicos. 2 quartos em Apartment com 1 casas de banho. Características  - Wi-Fi  - Televisão por cabo  - Zona exterior  - Toalhas e lençóis  - Elevador  - Forno  - Microondas  - Máquina de lavar roupa SOBRE A UNIPLACES O Seu Local de Confiança para Encontrar Casa Como uma plataforma online pioneira, a Uniplaces liga indivíduos, sejam estudantes, profissionais ou famílias, a uma variedade de alojamentos para arrendamento. O nosso compromisso vai para além das listagens - verificamos cada propriedade para garantir que cumpre os nossos rigorosos critérios de conforto e conveniência. Escolha a Uniplaces para uma jornada de arrendamento suave, fiável e com uma excelente relação qualidade-preço.",False,good,False,True,,25.0,{},{'typology': 'flat'},"{'subtitle': 'Belém, Lisboa', 'title': 'Apartamento na praça Doutor Alfredo Cunha'}",False,False,False,False,{},[],False,False,,
34113564,https://img4.idealista.pt/blur/480_360_mq/0/id.pro.pt.image.master/a5/cb/d6/281221056.webp,332312,21,,1450.0,"{'price': {'amount': 1450.0, 'currencySuffix': '€/mês'}}",flat,rent,60.0,2,1,largo das Olarias,Lisboa,Santa Maria Maior,Mouraria - Castelo,pt,38.7147107,-9.1338101,False,https://www.idealista.pt/imovel/34113564/,"RESERVAS E PEDIDOS DE INFORMAÇÃO Para obter informações detalhadas e reservar online, clique abaixo do mapa em “Link Adicional”. TERMOS E CONDIÇÕES DE ALOJAMENTO: - Data de Disponibilidade: 01/09/2025 - Duração Mínima de Aluguer: 27 dias - Número Máximo de Hóspedes: 3 - Todas as Despesas Incluídas: Não, para mais informações visite o site - Adicional:  - Animais de Estimação Não Permitido  - Fumadores Não Permitido DETALHES DA PROPRIEDADE Apartamento com 2 quartos, com área exterior  - Localização: Localizado on Martim Moniz em Lisbon com uma variedade de opções de refeições, lojas essenciais e atividades para fazer, com fácil acesso aos transportes públicos. 2 quartos em Apartment com 1 casas de banho. Características  - Wi-Fi  - Zona exterior  - Toalhas e lençóis  - Forno SOBRE A UNIPLACES O Seu Local de Confiança para Encontrar Casa Como uma plataforma online pioneira, a Uniplaces liga indivíduos, sejam estudantes, profissionais ou famílias, a uma variedade de alojamentos para arrendamento. O nosso compromisso vai para além das listagens - verificamos cada propriedade para garantir que cumpre os nossos rigorosos critérios de conforto e conveniência. Escolha a Uniplaces para uma jornada de arrendamento suave, fiável e com uma excelente relação qualidade-preço.",False,good,False,False,,24.0,{},{'typology': 'flat'},"{'subtitle': 'Santa Maria Maior, Lisboa', 'title': 'Apartamento no largo das Olarias'}",False,False,False,False,{},[],False,False,,
34112033,https://img4.idealista.pt/blur/480_360_mq/0/id.pro.pt.image.master/4c/76/45/281220941.webp,318443,20,,2000.0,"{'price': {'amount': 2000.0, 'currencySuffix': '€/mês'}}",flat,rent,42.0,1,1,rua de Santo António da Glória,Lisboa,Santo António,Praça da Alegria,pt,38.7163332,-9.1435933,False,https://www.idealista.pt/imovel/34112033/,"RESERVAS E PEDIDOS DE INFORMAÇÃO Para obter informações detalhadas e reservar online, clique abaixo do mapa em “Link Adicional”. TERMOS E CONDIÇÕES DE ALOJAMENTO: - Data de Disponibilidade: 01/07/2025 - Duração Mínima de Aluguer: 90 dias - Número Máximo de Hóspedes: 2 - Todas as Despesas Incluídas: Não, para mais informações visite o site - Adicional:  - Animais de Estimação Não Permitido  - Fumadores Não Permitido DETALHES DA PROPRIEDADE Apartamento com 1 quarto - Príncipe Real Deluxe Apartment  - Localização: Localizado on Avenida da Liberdade em Lisbon com uma variedade de opções de refeições, lojas essenciais e atividades para fazer, com fácil acesso aos transportes públicos. 1 quartos em Apartment com 1 casas de banho. Características  - Accessibilidade  - Wi-Fi  - Televisão por cabo  - Aquecimento central  - Air condicionado  - Toalhas e lençóis  - Elevador  - Máquina de lavar roupa SOBRE A UNIPLACES O Seu Local de Confiança para Encontrar Casa Como uma plataforma online pioneira, a Uniplaces liga indivíduos, sejam estudantes, profissionais ou famílias, a uma variedade de alojamentos para arrendamento. O nosso compromisso vai para além das listagens - verificamos cada propriedade para garantir que cumpre os nossos rigorosos critérios de conforto e conveniência. Escolha a Uniplaces para uma jornada de arrendamento suave, fiável e com uma excelente relação qualidade-preço.",False,good,False,True,,48.0,{},{'typology': 'flat'},"{'subtitle': 'Santo António, Lisboa', 'title': 'Apartamento na rua de Santo António da Glória'}",False,False,False,False,{},[],False,False,,
34113566,https://img4.idealista.pt/blur/480_360_mq/0/id.pro.pt.image.master/9e/b8/55/281220886.webp,315650,19,,1500.0,"{'price': {'amount': 1500.0, 'currencySuffix': '€/mês'}}",flat,rent,43.0,1,1,rua de Santo António da Glória,Lisboa,Santo António,Praça da Alegria,pt,38.7158596,-9.1445547,False,https://www.idealista.pt/imovel/34113566/,"RESERVAS E PEDIDOS DE INFORMAÇÃO Para obter informações detalhadas e reservar online, clique abaixo do mapa em “Link Adicional”. TERMOS E CONDIÇÕES DE ALOJAMENTO: - Data de Disponibilidade: 01/09/2025 - Duração Mínima de Aluguer: 58 dias - Número Máximo de Hóspedes: 2 - Todas as Despesas Incluídas: Não, para mais informações visite o site - Adicional:  - Animais de Estimação Não Permitido  - Fumadores Não Permitido DETALHES DA PROPRIEDADE Apartamento com 1 quarto, com área exterior  - Descrição da Propriedade na Uniplaces: This apartment as 1 couple bed and it is full equiped. It is located in the center of Lisboa, near Avenida da Liberdade and Praça da Alegria. Walking distance to Metro, supermarkets, restaurantes, gym.. . It is a 1st floor without lift.  - Localização: Localizado on Principe Real em Lisbon com uma variedade de opções de refeições, lojas essenciais e atividades para fazer, com fácil acesso aos transportes públicos. 1 quartos em Apartment com 1 casas de banho. Características  - Wi-Fi  - Televisão por cabo  - Air condicionado  - Zona exterior  - Toalhas e lençóis  - Forno  - Microondas  - Máquina de lavar roupa SOBRE A UNIPLACES O Seu Local de Confiança para Encontrar Casa Como uma plataforma online pioneira, a Uniplaces liga indivíduos, sejam estudantes, profissionais ou famílias, a uma variedade de alojamentos para arrendamento. O nosso compromisso vai para além das listagens - verificamos cada propriedade para garantir que cumpre os nossos rigorosos critérios de conforto e conveniência. Escolha a Uniplaces para uma jornada de arrendamento suave, fiável e com uma excelente relação qualidade-preço.",False,good,False,False,,35.0,{},{'typology': 'flat'},"{'subtitle': 'Santo António, Lisboa', 'title': 'Apartamento na rua de Santo António da Glória'}",False,False,False,False,{},[],False,False,,
34113492,https://img4.idealista.pt/blur/480_360_mq/0/id.pro.pt.image.master/2a/05/57/281220810.webp,315545,10,,1200.0,"{'price': {'amount': 1200.0, 'currencySuffix': '€/mês'}}",flat,rent,43.0,1,1,rua das Madres,Lisboa,Estrela,Santos-o-Velho - Madragoa,pt,38.7068023,-9.1547722,False,https://www.idealista.pt/imovel/34113492/,"RESERVAS E PEDIDOS DE INFORMAÇÃO Para obter informações detalhadas e reservar online, clique abaixo do mapa em “Link Adicional”. TERMOS E CONDIÇÕES DE ALOJAMENTO: - Data de Disponibilidade: 01/09/2025 - Duração Mínima de Aluguer: 27 dias - Número Máximo de Hóspedes: 2 - Todas as Despesas Incluídas: Sim, para mais informações visite o site - Adicional:  - Animais de Estimação Não Permitido  - Fumadores Não Permitido DETALHES DA PROPRIEDADE Apartamento com 1 quarto, com área exterior  - Localização: Localizado on Santos em Lisbon com uma variedade de opções de refeições, lojas essenciais e atividades para fazer, com fácil acesso aos transportes públicos. 1 quartos em Apartment com 1 casas de banho. Características  - Wi-Fi  - Zona exterior  - Toalhas e lençóis  - Microondas SOBRE A UNIPLACES O Seu Local de Confiança para Encontrar Casa Como uma plataforma online pioneira, a Uniplaces liga indivíduos, sejam estudantes, profissionais ou famílias, a uma variedade de alojamentos para arrendamento. O nosso compromisso vai para além das listagens - verificamos cada propriedade para garantir que cumpre os nossos rigorosos critérios de conforto e conveniência. Escolha a Uniplaces para uma jornada de arrendamento suave, fiável e com uma excelente relação qualidade-preço.",False,good,False,False,,28.0,{},{'typology': 'flat'},"{'subtitle': 'Estrela, Lisboa', 'title': 'Apartamento na rua das Madres'}",False,False,False,False,{},[],False,False,,
34113628,https://img4.idealista.pt/blur/480_360_mq/0/id.pro.pt.image.master/d7/98/22/281220833.webp,314791,20,,2000.0,"{'price': {'amount': 2000.0, 'currencySuffix': '€/mês'}}",flat,rent,44.0,1,1,rua Maria,Lisboa,Arroios,Anjos,pt,38.7230718,-9.1325168,False,https://www.idealista.pt/imovel/34113628/,"RESERVAS E PEDIDOS DE INFORMAÇÃO Para obter informações detalhadas e reservar online, clique abaixo do mapa em “Link Adicional”. TERMOS E CONDIÇÕES DE ALOJAMENTO: - Data de Disponibilidade: 01/09/2025 - Duração Mínima de Aluguer: 27 dias - Número Máximo de Hóspedes: 2 - Todas as Despesas Incluídas: Não, para mais informações visite o site - Adicional:  - Animais de Estimação Não Permitido  - Fumadores Não Permitido DETALHES DA PROPRIEDADE Apartamento com 1 quarto, com área exterior  - Localização: Localizado on Anjos em Lisbon com uma variedade de opções de refeições, lojas essenciais e atividades para fazer, com fácil acesso aos transportes públicos. 1 quartos em Apartment com 1 casas de banho. Características  - Accessibilidade  - Wi-Fi  - Televisão por cabo  - Zona exterior  - Toalhas e lençóis  - Elevador  - Forno  - Microondas  - Máquina de lavar roupa SOBRE A UNIPLACES O Seu Local de Confiança para Encontrar Casa Como uma plataforma online pioneira, a Uniplaces liga indivíduos, sejam estudantes, profissionais ou famílias, a uma variedade de alojamentos para arrendamento. O nosso compromisso vai para além das listagens - verificamos cada propriedade para garantir que cumpre os nossos rigorosos critérios de conforto e conveniência. Escolha a Uniplaces para uma jornada de arrendamento suave, fiável e com uma excelente relação qualidade-preço.",False,good,False,True,,45.0,{},{'typology': 'flat'},"{'subtitle': 'Arroios, Lisboa', 'title': 'Apartamento na rua Maria'}",False,False,False,False,{},[],False,False,,
34113674,https://img4.idealista.pt/blur/480_360_mq/0/id.pro.pt.image.master/ae/95/5f/281220838.webp,311855,17,,1900.0,"{'price': {'amount': 1900.0, 'currencySuffix': '€/mês'}}",flat,rent,50.0,1,1,rua Maria,Lisboa,Arroios,Anjos,pt,38.7251468,-9.133389,False,https://www.idealista.pt/imovel/34113674/,"RESERVAS E PEDIDOS DE INFORMAÇÃO Para obter informações detalhadas e reservar online, clique abaixo do mapa em “Link Adicional”. TERMOS E CONDIÇÕES DE ALOJAMENTO: - Data de Disponibilidade: 01/09/2025 - Duração Mínima de Aluguer: 27 dias - Número Máximo de Hóspedes: 2 - Todas as Despesas Incluídas: Não, para mais informações visite o site - Adicional:  - Animais de Estimação Não Permitido  - Fumadores Não Permitido DETALHES DA PROPRIEDADE Apartamento com 1 quarto, com área exterior  - Localização: Localizado on Anjos em Lisbon com uma variedade de opções de refeições, lojas essenciais e atividades para fazer, com fácil acesso aos transportes públicos. 1 quartos em Apartment com 1 casas de banho. Características  - Wi-Fi  - Televisão por cabo  - Zona exterior  - Toalhas e lençóis  - Elevador  - Microondas  - Máquina de lavar roupa SOBRE A UNIPLACES O Seu Local de Confiança para Encontrar Casa Como uma plataforma online pioneira, a Uniplaces liga indivíduos, sejam estudantes, profissionais ou famílias, a uma variedade de alojamentos para arrendamento. O nosso compromisso vai para além das listagens - verificamos cada propriedade para garantir que cumpre os nossos rigorosos critérios de conforto e conveniência. Escolha a Uniplaces para uma jornada de arrendamento suave, fiável e com uma excelente relação qualidade-preço.",False,good,False,True,,38.0,{},{'typology': 'flat'},"{'subtitle': 'Arroios, Lisboa', 'title': 'Apartamento na rua Maria'}",False,False,False,False,{},[],False,False,,
34113680,https://img4.idealista.pt/blur/480_360_mq/0/id.pro.pt.image.master/12/36/db/281220777.webp,304066,19,,1900.0,"{'price': {'amount': 1900.0, 'currencySuffix': '€/mês'}}",flat,rent,50.0,1,1,rua Maria,Lisboa,Arroios,Anjos,pt,38.7234055,-9.1341306,False,https://www.idealista.pt/imovel/34113680/,"RESERVAS E PEDIDOS DE INFORMAÇÃO Para obter informações detalhadas e reservar online, clique abaixo do mapa em “Link Adicional”. TERMOS E CONDIÇÕES DE ALOJAMENTO: - Data de Disponibilidade: 01/09/2025 - Duração Mínima de Aluguer: 27 dias - Número Máximo de Hóspedes: 2 - Todas as Despesas Incluídas: Não, para mais informações visite o site - Adicional:  - Animais de Estimação Não Permitido  - Fumadores Não Permitido DETALHES DA PROPRIEDADE Apartamento com 1 quarto perto do metro Anjos  - Localização: Localizado on Anjos em Lisbon com uma variedade de opções de refeições, lojas essenciais e atividades para fazer, com fácil acesso aos transportes públicos. 1 quartos em Apartment com 1 casas de banho. Características  - Accessibilidade  - Wi-Fi  - Televisão por cabo  - Toalhas e lençóis  - Elevador  - Microondas  - Máquina de lavar roupa SOBRE A UNIPLACES O Seu Local de Confiança para Encontrar Casa Como uma plataforma online pioneira, a Uniplaces liga indivíduos, sejam estudantes, profissionais ou famílias, a uma variedade de alojamentos para arrendamento. O nosso compromisso vai para além das listagens - verificamos cada propriedade para garantir que cumpre os nossos rigorosos critérios de conforto e conveniência. Escolha a Uniplaces para uma jornada de arrendamento suave, fiável e com uma excelente relação qualidade-preço.",False,good,False,True,,38.0,{},{'typology': 'flat'},"{'subtitle': 'Arroios, Lisboa', 'title': 'Apartamento na rua Maria'}",False,False,False,False,{},[],False,False,,
34087091,https://img4.idealista.pt/blur/480_360_mq/0/id.pro.pt.image.master/5c/12/fb/281220744.webp,303388,41,,4500.0,"{'price': {'amount': 4500.0, 'currencySuffix': '€/mês'}}",flat,rent,90.0,3,1,rua de Cabo Verde,Lisboa,Arroios,Anjos,pt,38.7275491,-9.1322036,False,https://www.idealista.pt/imovel/34087091/,"RESERVAS E PEDIDOS DE INFORMAÇÃO Para obter informações detalhadas e reservar online, clique abaixo do mapa em “Link Adicional”. TERMOS E CONDIÇÕES DE ALOJAMENTO: - Data de Disponibilidade: 01/09/2025 - Duração Mínima de Aluguer: 90 dias - Número Máximo de Hóspedes: 5 - Todas as Despesas Incluídas: Sim, para mais informações visite o site - Adicional:  - Animais de Estimação Permitido  - Fumadores Não Permitido DETALHES DA PROPRIEDADE Apartamento com 3 quartos  - Descrição da Propriedade na Uniplaces: Um apartamento de 3 quartos localizado perto de uma das principais avenidas de Lisboa. Totalmente equipado. Todas as conexões de transporte em 5 minutos, incluindo o metrô. 25 minutos do Castelo de São Jorge, um dos principais locais históricos e turísticos de Lisboa. Fica a uma curta caminhada de outras atrações turísticas da cidade, como o Rossio, a 15 min. Chiado 25 min e Bairro Alto 30 min a pé. Só é permitido fumar na janela ou varanda, se disponível. Contas incluídas até 200 euros.  - Localização: Localizado on Anjos em Lisbon com uma variedade de opções de refeições, lojas essenciais e atividades para fazer, com fácil acesso aos transportes públicos. 3 quartos em Apartment com 1 casas de banho. Características  - Wi-Fi  - Televisão por cabo  - Toalhas e lençóis  - Forno  - Microondas  - Máquina de lavar roupa  - Máquina de lavar louça SOBRE A UNIPLACES O Seu Local de Confiança para Encontrar Casa Como uma plataforma online pioneira, a Uniplaces liga indivíduos, sejam estudantes, profissionais ou famílias, a uma variedade de alojamentos para arrendamento. O nosso compromisso vai para além das listagens - verificamos cada propriedade para garantir que cumpre os nossos rigorosos critérios de conforto e conveniência. Escolha a Uniplaces para uma jornada de arrendamento suave, fiável e com uma excelente relação qualidade-preço.",False,good,False,False,,50.0,{},{'typology': 'flat'},"{'subtitle': 'Arroios, Lisboa', 'title': 'Apartamento na rua de Cabo Verde'}",False,False,False,False,{},[],False,False,,
34113570,https://img4.idealista.pt/blur/480_360_mq/0/id.pro.pt.image.master/d6/a5/55/281220672.webp,280596,10,,1380.0,"{'price': {'amount': 1380.0, 'currencySuffix': '€/mês'}}",flat,rent,49.0,1,1,rua de Gustavo de Matos Sequeira,Lisboa,Santo António,Rato - Amoreiras,pt,38.7192064,-9.1528488,False,https://www.idealista.pt/imovel/34113570/,"RESERVAS E PEDIDOS DE INFORMAÇÃO Para obter informações detalhadas e reservar online, clique abaixo do mapa em “Link Adicional”. TERMOS E CONDIÇÕES DE ALOJAMENTO: - Data de Disponibilidade: 01/09/2025 - Duração Mínima de Aluguer: 183 dias - Número Máximo de Hóspedes: 4 - Todas as Despesas Incluídas: Sim, para mais informações visite o site - Adicional:  - Animais de Estimação Não Permitido  - Fumadores Não Permitido DETALHES DA PROPRIEDADE Apartamento para 2/3 estudantes/nómadas digitais a 200m da estação Metro RATO.  - Descrição da Propriedade na Uniplaces: Apartamento em prédio totalmente renovado, situado num segundo andar sem elevador. Dois quartos totalmente equipados com cama, secretária, armários. Sala de estar/jantar com mesa, sofá e TV. Cozinha totalmente equipada com máquinas de lavar loiça e roupa, microondas, placa, esquentador e frigorífico combinado. Ideal para dois ou três estudantes ou nómadas digitais. WC completo. Internet de alta velocidade disponível 1Gb.  - Localização: Localizado on Rato em Lisbon com uma variedade de opções de refeições, lojas essenciais e atividades para fazer, com fácil acesso aos transportes públicos. 1 quartos em Apartment com 1 casas de banho. Características  - Wi-Fi  - Televisão por cabo  - Forno  - Microondas  - Máquina de lavar roupa  - Máquina de lavar louça SOBRE A UNIPLACES O Seu Local de Confiança para Encontrar Casa Como uma plataforma online pioneira, a Uniplaces liga indivíduos, sejam estudantes, profissionais ou famílias, a uma variedade de alojamentos para arrendamento. O nosso compromisso vai para além das listagens - verificamos cada propriedade para garantir que cumpre os nossos rigorosos critérios de conforto e conveniência. Escolha a Uniplaces para uma jornada de arrendamento suave, fiável e com uma excelente relação qualidade-preço.",False,good,False,False,,28.0,{},{'typology': 'flat'},"{'subtitle': 'Santo António, Lisboa', 'title': 'Apartamento na rua de Gustavo de Matos Sequeira'}",False,False,False,False,{},[],False,False,,
34113528,https://img4.idealista.pt/blur/480_360_mq/0/id.pro.pt.image.master/c9/fc/7b/281220578.webp,272453,11,,1500.0,"{'price': {'amount': 1500.0, 'currencySuffix': '€/mês'}}",flat,rent,63.0,2,1,largo de Santa Cruz do Castelo,Lisboa,Santa Maria Maior,Mouraria - Castelo,pt,38.7132277,-9.1344317,False,https://www.idealista.pt/imovel/34113528/,"RESERVAS E PEDIDOS DE INFORMAÇÃO Para obter informações detalhadas e reservar online, clique abaixo do mapa em “Link Adicional”. TERMOS E CONDIÇÕES DE ALOJAMENTO: - Data de Disponibilidade: 01/09/2025 - Duração Mínima de Aluguer: 27 dias - Número Máximo de Hóspedes: 4 - Todas as Despesas Incluídas: Não, para mais informações visite o site - Adicional:  - Animais de Estimação Permitido  - Fumadores Permitido DETALHES DA PROPRIEDADE Apartment w/ 2 bedrooms at Castelo S. Jorge  - Descrição da Propriedade na Uniplaces: Com uma decoração original baseada em peças colecionáveis vintage e raras, este elegante apartamento está situado dentro das muralhas do Castelo de São Jorge, no coração de Alfama, o bairro histórico e mais procurado de Lisboa. Alegre durante o dia, tranquilo à noite, o apartamento é cercado por uma praça encantadora, incluindo a igreja de Santa Cruz do Castelo de Santa Cruz do Castelo.  - Localização: Localizado on Castle em Lisbon com uma variedade de opções de refeições, lojas essenciais e atividades para fazer, com fácil acesso aos transportes públicos. 2 quartos em Apartment com 1 casas de banho. Características  - Wi-Fi  - Televisão por cabo  - Aquecimento central  - Toalhas e lençóis  - Forno  - Microondas  - Máquina de lavar roupa  - Máquina de lavar louça SOBRE A UNIPLACES O Seu Local de Confiança para Encontrar Casa Como uma plataforma online pioneira, a Uniplaces liga indivíduos, sejam estudantes, profissionais ou famílias, a uma variedade de alojamentos para arrendamento. O nosso compromisso vai para além das listagens - verificamos cada propriedade para garantir que cumpre os nossos rigorosos critérios de conforto e conveniência. Escolha a Uniplaces para uma jornada de arrendamento suave, fiável e com uma excelente relação qualidade-preço.",False,good,False,False,,24.0,{},{'typology': 'flat'},"{'subtitle': 'Santa Maria Maior, Lisboa', 'title': 'Apartamento no largo de Santa Cruz do Castelo'}",False,False,False,False,{},[],False,False,,
34113459,https://img4.idealista.pt/blur/480_360_mq/0/id.pro.pt.image.master/dc/71/ba/281220367.webp,247323,21,,1050.0,"{'price': {'amount': 1050.0, 'currencySuffix': '€/mês'}}",flat,rent,43.0,1,1,rua Sebastião Saraiva Lima,Lisboa,Penha de França,Centro,pt,38.7330563,-9.1317455,False,https://www.idealista.pt/imovel/34113459/,"RESERVAS E PEDIDOS DE INFORMAÇÃO Para obter informações detalhadas e reservar online, clique abaixo do mapa em “Link Adicional”. TERMOS E CONDIÇÕES DE ALOJAMENTO: - Data de Disponibilidade: 01/09/2025 - Duração Mínima de Aluguer: 27 dias - Número Máximo de Hóspedes: 2 - Todas as Despesas Incluídas: Sim, para mais informações visite o site - Adicional:  - Animais de Estimação Não Permitido  - Fumadores Não Permitido DETALHES DA PROPRIEDADE Fantástico apartamento com 1 quarto no centro  - Localização: Localizado on Arroios em Lisbon com uma variedade de opções de refeições, lojas essenciais e atividades para fazer, com fácil acesso aos transportes públicos. 1 quartos em Apartment com 1 casas de banho. Características  - Wi-Fi  - Televisão por cabo  - Toalhas e lençóis  - Microondas  - Máquina de lavar roupa  - Máquina de lavar louça SOBRE A UNIPLACES O Seu Local de Confiança para Encontrar Casa Como uma plataforma online pioneira, a Uniplaces liga indivíduos, sejam estudantes, profissionais ou famílias, a uma variedade de alojamentos para arrendamento. O nosso compromisso vai para além das listagens - verificamos cada propriedade para garantir que cumpre os nossos rigorosos critérios de conforto e conveniência. Escolha a Uniplaces para uma jornada de arrendamento suave, fiável e com uma excelente relação qualidade-preço.",False,good,False,False,,24.0,{},{'typology': 'flat'},"{'subtitle': 'Penha de França, Lisboa', 'title': 'Apartamento na rua Sebastião Saraiva Lima'}",False,False,False,False,{},[],False,False,,
34113467,https://img4.idealista.pt/blur/480_360_mq/0/id.pro.pt.image.master/31/98/31/281220258.webp,243053,11,,1200.0,"{'price': {'amount': 1200.0, 'currencySuffix': '€/mês'}}",chalet,rent,42.0,1,1,rua do Garcia,Lisboa,Campolide,Bairro Calçada dos Mestres,pt,38.7230978,-9.1641963,False,https://www.idealista.pt/imovel/34113467/,"RESERVAS E PEDIDOS DE INFORMAÇÃO Para obter informações detalhadas e reservar online, clique abaixo do mapa em “Link Adicional”. TERMOS E CONDIÇÕES DE ALOJAMENTO: - Data de Disponibilidade: 01/09/2025 - Duração Mínima de Aluguer: 27 dias - Número Máximo de Hóspedes: 1 - Todas as Despesas Incluídas: Sim, para mais informações visite o site - Adicional:  - Animais de Estimação Não Permitido  - Fumadores Não Permitido DETALHES DA PROPRIEDADE Villa Garcia - Lisbon Duplex  - Localização: Localizado on Campolide em Lisbon com uma variedade de opções de refeições, lojas essenciais e atividades para fazer, com fácil acesso aos transportes públicos. 1 quartos em House com 1 casas de banho. Características  - Wi-Fi  - Televisão por cabo  - Forno  - Microondas  - Máquina de lavar roupa SOBRE A UNIPLACES O Seu Local de Confiança para Encontrar Casa Como uma plataforma online pioneira, a Uniplaces liga indivíduos, sejam estudantes, profissionais ou famílias, a uma variedade de alojamentos para arrendamento. O nosso compromisso vai para além das listagens - verificamos cada propriedade para garantir que cumpre os nossos rigorosos critérios de conforto e conveniência. Escolha a Uniplaces para uma jornada de arrendamento suave, fiável e com uma excelente relação qualidade-preço.",False,good,False,,,29.0,{},"{'typology': 'chalet', 'subTypology': 'andarMoradia'}","{'subtitle': 'Campolide, Lisboa', 'title': 'Andar de moradia na rua do Garcia'}",False,False,False,False,{},[],False,False,,
34113656,https://img4.idealista.pt/blur/480_360_mq/0/id.pro.pt.image.master/23/df/95/281220098.webp,233851,19,,1900.0,"{'price': {'amount': 1900.0, 'currencySuffix': '€/mês'}}",flat,rent,100.0,2,2,rua da Caridade,Lisboa,Santo António,Campo de Santana - Santa Marta,pt,38.7226292,-9.142671,False,https://www.idealista.pt/imovel/34113656/,"RESERVAS E PEDIDOS DE INFORMAÇÃO Para obter informações detalhadas e reservar online, clique abaixo do mapa em “Link Adicional”. TERMOS E CONDIÇÕES DE ALOJAMENTO: - Data de Disponibilidade: 01/09/2025 - Duração Mínima de Aluguer: 27 dias - Número Máximo de Hóspedes: 3 - Todas as Despesas Incluídas: Sim, para mais informações visite o site - Adicional:  - Animais de Estimação Não Permitido  - Fumadores Não Permitido DETALHES DA PROPRIEDADE Apartamento Duplex com 100m2, com 2 quartos perto Avenida da Liberdade  - Localização: Localizado on Avenida da Liberdade em Lisbon com uma variedade de opções de refeições, lojas essenciais e atividades para fazer, com fácil acesso aos transportes públicos. 2 quartos em Apartment com 2 casas de banho. Características  - Wi-Fi  - Televisão por cabo  - Aquecimento central  - Air condicionado  - Toalhas e lençóis  - Forno  - Microondas  - Máquina de lavar roupa  - Máquina de lavar louça SOBRE A UNIPLACES O Seu Local de Confiança para Encontrar Casa Como uma plataforma online pioneira, a Uniplaces liga indivíduos, sejam estudantes, profissionais ou famílias, a uma variedade de alojamentos para arrendamento. O nosso compromisso vai para além das listagens - verificamos cada propriedade para garantir que cumpre os nossos rigorosos critérios de conforto e conveniência. Escolha a Uniplaces para uma jornada de arrendamento suave, fiável e com uma excelente relação qualidade-preço.",False,good,False,False,,19.0,{},{'typology': 'flat'},"{'subtitle': 'Santo António, Lisboa', 'title': 'Apartamento na rua da Caridade'}",False,False,False,False,{},[],False,False,,
34113526,https://img4.idealista.pt/blur/480_360_mq/0/id.pro.pt.image.master/85/52/be/281219789.webp,189972,52,,1400.0,"{'price': {'amount': 1400.0, 'currencySuffix': '€/mês'}}",flat,rent,30.0,1,1,travessa do Olival a Santos,Lisboa,Estrela,Lapa,pt,38.7060364,-9.1635596,False,https://www.idealista.pt/imovel/34113526/,"RESERVAS E PEDIDOS DE INFORMAÇÃO Para obter informações detalhadas e reservar online, clique abaixo do mapa em “Link Adicional”. TERMOS E CONDIÇÕES DE ALOJAMENTO: - Data de Disponibilidade: 01/09/2025 - Duração Mínima de Aluguer: 90 dias - Número Máximo de Hóspedes: 2 - Todas as Despesas Incluídas: Não, para mais informações visite o site - Adicional:  - Animais de Estimação Não Permitido  - Fumadores Não Permitido DETALHES DA PROPRIEDADE Apartamento com 1 quarto - Santos  - Localização: Localizado on Lapa em Lisbon com uma variedade de opções de refeições, lojas essenciais e atividades para fazer, com fácil acesso aos transportes públicos. 1 quartos em Apartment com 1 casas de banho. Características  - Wi-Fi  - Televisão por cabo  - Toalhas e lençóis  - Forno  - Microondas  - Máquina de lavar roupa SOBRE A UNIPLACES O Seu Local de Confiança para Encontrar Casa Como uma plataforma online pioneira, a Uniplaces liga indivíduos, sejam estudantes, profissionais ou famílias, a uma variedade de alojamentos para arrendamento. O nosso compromisso vai para além das listagens - verificamos cada propriedade para garantir que cumpre os nossos rigorosos critérios de conforto e conveniência. Escolha a Uniplaces para uma jornada de arrendamento suave, fiável e com uma excelente relação qualidade-preço.",False,good,False,False,,47.0,{},{'typology': 'flat'},"{'subtitle': 'Estrela, Lisboa', 'title': 'Apartamento na travessa do Olival a Santos'}",False,False,False,False,{},[],False,False,,
34110643,https://img4.idealista.pt/blur/480_360_mq/0/id.pro.pt.image.master/23/50/cc/281219484.webp,162461,13,,1700.0,"{'price': {'amount': 1700.0, 'currencySuffix': '€/mês'}}",flat,rent,64.0,2,1,Calçada Necessidades,Lisboa,Estrela,Doca de Alcântara,pt,38.7103579,-9.1685307,False,https://www.idealista.pt/imovel/34110643/,"RESERVAS E PEDIDOS DE INFORMAÇÃO Para obter informações detalhadas e reservar online, clique abaixo do mapa em “Link Adicional”. TERMOS E CONDIÇÕES DE ALOJAMENTO: - Data de Disponibilidade: DISPONÍVEL AGORA - Duração Mínima de Aluguer: 27 dias - Número Máximo de Hóspedes: 4 - Todas as Despesas Incluídas: Não, para mais informações visite o site - Adicional:  - Animais de Estimação Não Permitido  - Fumadores Não Permitido DETALHES DA PROPRIEDADE Apartamento com 2 quartos, com jardim exterior  - Descrição da Propriedade na Uniplaces: Um apartamento aconchegante e ensolarado com jardim privativo. Localizado em uma área residencial no coração de Lisboa. O apartamento está cheio de luz, totalmente renovado e equipado com todos os elementos essenciais! Muito perto de transportes públicos, incluindo os famosos bondes, 25 e 28, que levam você ao Chiado, Bairro Alto e Alfama. A Basílica das Estrelas e o jardim estão a uma curta caminhada. Há uma cama de solteiro no 1º quarto, 2 camas no 2º quarto e um sofá-cama na sala de estar  - Localização: Localizado on Alcântara em Lisbon com uma variedade de opções de refeições, lojas essenciais e atividades para fazer, com fácil acesso aos transportes públicos. 2 quartos em Apartment com 1 casas de banho. Características  - Accessibilidade  - Wi-Fi  - Zona exterior  - Toalhas e lençóis  - Forno  - Microondas  - Máquina de lavar roupa  - Máquina de lavar louça SOBRE A UNIPLACES O Seu Local de Confiança para Encontrar Casa Como uma plataforma online pioneira, a Uniplaces liga indivíduos, sejam estudantes, profissionais ou famílias, a uma variedade de alojamentos para arrendamento. O nosso compromisso vai para além das listagens - verificamos cada propriedade para garantir que cumpre os nossos rigorosos critérios de conforto e conveniência. Escolha a Uniplaces para uma jornada de arrendamento suave, fiável e com uma excelente relação qualidade-preço.",False,good,False,False,,27.0,{},{'typology': 'flat'},"{'subtitle': 'Estrela, Lisboa', 'title': 'Apartamento em Calçada Necessidades'}",False,False,False,False,{},[],False,False,,
34117219,https://img4.idealista.pt/blur/480_360_mq/0/id.pro.pt.image.master/6c/c8/0b/281214827.webp,,44,2,2400.0,"{'price': {'amount': 2400.0, 'currencySuffix': '€/mês'}}",flat,rent,168.0,4,2,avenida Guerra Junqueiro,Lisboa,Areeiro,Centro,pt,38.7388534,-9.136996,False,https://www.idealista.pt/imovel/34117219/,"Apartamento T4 com 168m2 remodelado. Hall entrada amplo com 9m2, com acesso a 1 quarto/escritório com 14m2. Corredor com zona reservada a mais 2 quartos e 1 quarto em suite. (entre os 12m2 e os 15m2) Wc em suite com banheira e janela com 5m2. 1 Wc completo também com banheira com 4m2. Corredor com 1 arrumo e com acesso a sala ampla com 26m2, cozinha com 16m2 equipada com: placa, forno, exaustor, esquentador e máquina de lavar roupa. Zona para refeições e 1 despensa. Apartamento com muita luz natural em prédio com elevador e numa das ruas mais bonitas da nossa cidade com comércio local e acesso a metro. Disponibilidade Imediata. Requisitos para o arrendamento: Para família, prova de rendimento e pagamento de 2 rendas e 2 cauções. Contratos de 3 anos.",True,good,False,True,,14.0,{},{'typology': 'flat'},"{'subtitle': 'Areeiro, Lisboa', 'title': 'Apartamento na avenida Guerra Junqueiro'}",True,False,False,False,{},[],False,False,,
34113495,https://img4.idealista.pt/blur/480_360_mq/0/id.pro.pt.image.master/b5/e1/e4/281218802.webp,128388,10,,1300.0,"{'price': {'amount': 1300.0, 'currencySuffix': '€/mês'}}",flat,rent,50.0,1,1,travessa das Inglesinhas,Lisboa,Estrela,Santos-o-Velho - Madragoa,pt,38.7072902,-9.1554493,False,https://www.idealista.pt/imovel/34113495/,"RESERVAS E PEDIDOS DE INFORMAÇÃO Para obter informações detalhadas e reservar online, clique abaixo do mapa em “Link Adicional”. TERMOS E CONDIÇÕES DE ALOJAMENTO: - Data de Disponibilidade: 01/09/2025 - Duração Mínima de Aluguer: 27 dias - Número Máximo de Hóspedes: 2 - Todas as Despesas Incluídas: Sim, para mais informações visite o site - Adicional:  - Animais de Estimação Não Permitido  - Fumadores Não Permitido DETALHES DA PROPRIEDADE Apartamento com 1 quarto  - Descrição da Propriedade na Uniplaces: Apartamento remodelado com um quarto, muito perto do ISEG, da Assembleia da Republica e supermercado Pingo Doce.  - Localização: Localizado on Santos em Lisbon com uma variedade de opções de refeições, lojas essenciais e atividades para fazer, com fácil acesso aos transportes públicos. 1 quartos em Apartment com 1 casas de banho. Características  - Wi-Fi  - Televisão por cabo  - Toalhas e lençóis  - Forno  - Microondas  - Máquina de lavar roupa SOBRE A UNIPLACES O Seu Local de Confiança para Encontrar Casa Como uma plataforma online pioneira, a Uniplaces liga indivíduos, sejam estudantes, profissionais ou famílias, a uma variedade de alojamentos para arrendamento. O nosso compromisso vai para além das listagens - verificamos cada propriedade para garantir que cumpre os nossos rigorosos critérios de conforto e conveniência. Escolha a Uniplaces para uma jornada de arrendamento suave, fiável e com uma excelente relação qualidade-preço.",False,good,False,False,,26.0,{},{'typology': 'flat'},"{'subtitle': 'Estrela, Lisboa', 'title': 'Apartamento na travessa das Inglesinhas'}",False,False,False,False,{},[],False,False,,
34112630,https://img4.idealista.pt/blur/480_360_mq/0/id.pro.pt.image.master/e8/dd/4a/281218739.webp,94433,16,,893.0,"{'price': {'amount': 893.0, 'currencySuffix': '€/mês'}}",flat,rent,44.0,1,1,rua Montepio Geral,Lisboa,São Domingos de Benfica,Estrada de Benfica,pt,38.7440836,-9.183162,False,https://www.idealista.pt/imovel/34112630/,"RESERVAS E PEDIDOS DE INFORMAÇÃO Para obter informações detalhadas e reservar online, clique abaixo do mapa em “Link Adicional”. TERMOS E CONDIÇÕES DE ALOJAMENTO: - Data de Disponibilidade: 01/09/2025 - Duração Mínima de Aluguer: 135 dias - Número Máximo de Hóspedes: 2 - Todas as Despesas Incluídas: Não, para mais informações visite o site - Adicional:  - Animais de Estimação Não Permitido  - Fumadores Não Permitido DETALHES DA PROPRIEDADE Apartamento com 1 quarto  - Localização: Localizado on Benfica em Lisbon com uma variedade de opções de refeições, lojas essenciais e atividades para fazer, com fácil acesso aos transportes públicos. 1 quartos em Apartment com 1 casas de banho. Características   SOBRE A UNIPLACES O Seu Local de Confiança para Encontrar Casa Como uma plataforma online pioneira, a Uniplaces liga indivíduos, sejam estudantes, profissionais ou famílias, a uma variedade de alojamentos para arrendamento. O nosso compromisso vai para além das listagens - verificamos cada propriedade para garantir que cumpre os nossos rigorosos critérios de conforto e conveniência. Escolha a Uniplaces para uma jornada de arrendamento suave, fiável e com uma excelente relação qualidade-preço.",False,good,False,False,,20.0,{},{'typology': 'flat'},"{'subtitle': 'São Domingos de Benfica, Lisboa', 'title': 'Apartamento na rua Montepio Geral'}",False,False,False,False,{},[],False,False,,
34113629,https://img4.idealista.pt/blur/480_360_mq/0/id.pro.pt.image.master/51/fd/25/281218676.webp,85958,11,,1600.0,"{'price': {'amount': 1600.0, 'currencySuffix': '€/mês'}}",flat,rent,50.0,1,1,beco Carrasco,Lisboa,Misericórdia,Santa Catarina,pt,38.7096985,-9.1521842,False,https://www.idealista.pt/imovel/34113629/,"RESERVAS E PEDIDOS DE INFORMAÇÃO Para obter informações detalhadas e reservar online, clique abaixo do mapa em “Link Adicional”. TERMOS E CONDIÇÕES DE ALOJAMENTO: - Data de Disponibilidade: 01/09/2025 - Duração Mínima de Aluguer: 60 dias - Número Máximo de Hóspedes: 2 - Todas as Despesas Incluídas: Sim, para mais informações visite o site - Adicional:  - Animais de Estimação Não Permitido  - Fumadores Não Permitido DETALHES DA PROPRIEDADE Apartamento com 1 quarto  - Descrição da Propriedade na Uniplaces: Iniciando o Erasmus para o Lisboa moderno com alguém próximo? Você pode começar a viver sua aventura portuguesa agora mesmo! Nós conseguimos o alojamento que você precisa para que você possa começar a desfrutar do espírito animado da cidade. Localizado no bairro de Bica, o apartamento é perfeito para estudantes e está rodeado por muitos cafés, restaurantes, transportes e lojas. Além disso, os sites educacionais mais próximos são a IADE - Creative University e ISEG. Moderno e acolhedor, o apartamento tem um quarto duplo, um banheiro, uma sala de estar e uma cozinha. Aproveite a sua estadia - você estará fazendo novos amigos o tempo todo!  - Localização: Localizado on Bairro Alto em Lisbon com uma variedade de opções de refeições, lojas essenciais e atividades para fazer, com fácil acesso aos transportes públicos. 1 quartos em Apartment com 1 casas de banho. Características  - Wi-Fi  - Televisão por cabo  - Toalhas e lençóis  - Forno  - Máquina de lavar roupa  - Máquina de lavar louça SOBRE A UNIPLACES O Seu Local de Confiança para Encontrar Casa Como uma plataforma online pioneira, a Uniplaces liga indivíduos, sejam estudantes, profissionais ou famílias, a uma variedade de alojamentos para arrendamento. O nosso compromisso vai para além das listagens - verificamos cada propriedade para garantir que cumpre os nossos rigorosos critérios de conforto e conveniência. Escolha a Uniplaces para uma jornada de arrendamento suave, fiável e com uma excelente relação qualidade-preço.",False,good,False,False,,32.0,{},{'typology': 'flat'},"{'subtitle': 'Misericórdia, Lisboa', 'title': 'Apartamento no beco Carrasco'}",False,False,False,False,{},[],False,False,,
34113612,https://img4.idealista.pt/blur/480_360_mq/0/id.pro.pt.image.master/62/6e/ed/281218588.webp,75544,15,,1600.0,"{'price': {'amount': 1600.0, 'currencySuffix': '€/mês'}}",flat,rent,43.0,1,2,rua Direita de Palma,Lisboa,São Domingos de Benfica,Laranjeiras,pt,38.7478019,-9.1710003,False,https://www.idealista.pt/imovel/34113612/,"RESERVAS E PEDIDOS DE INFORMAÇÃO Para obter informações detalhadas e reservar online, clique abaixo do mapa em “Link Adicional”. TERMOS E CONDIÇÕES DE ALOJAMENTO: - Data de Disponibilidade: 01/09/2025 - Duração Mínima de Aluguer: 60 dias - Número Máximo de Hóspedes: 3 - Todas as Despesas Incluídas: Sim, para mais informações visite o site - Adicional:  - Animais de Estimação Não Permitido  - Fumadores Não Permitido DETALHES DA PROPRIEDADE Estúdio bonito e acolhedor perto do centro comercial Colombo  - Descrição da Propriedade na Uniplaces: Você está olhando para chegar à linda Lisboa? Se você está procurando passar encantadores dias ensolarados na praia ou no centro da cidade, você quer admirar as áreas históricas e os muitos edifícios antigos, ou se perder nas ruas estreitas de Alfama, se você quiser visitar o restaurantes e muitos clubes que a cidade tem para oferecer, então Lisboa é para você! Este apartamento está localizado na parte norte da cidade, em uma área residencial, muito perto dos transportes públicos e do grande centro comercial Colombo e a poucos passos do Estádio da Luz, onde você pode assistir ao famoso jogo do Benfica. Este apartamento está totalmente mobilado, tem um bom quarto no qual você pode escolher uma cama de casal ou duas individuais, dois banheiros, uma sala de estar e uma cozinha. Também possui uma área externa que você pode usar como desejar. Se você realmente deseja aproveitar a sua estadia em Lisboa, vá em frente e reserve isso!  - Localização: Localizado on Sete Rios em Lisbon com uma variedade de opções de refeições, lojas essenciais e atividades para fazer, com fácil acesso aos transportes públicos. 1 quartos em Apartment com 2 casas de banho. Características  - Wi-Fi  - Televisão por cabo  - Air condicionado  - Zona exterior  - Toalhas e lençóis  - Microondas  - Máquina de lavar roupa  - Máquina de lavar louça SOBRE A UNIPLACES O Seu Local de Confiança para Encontrar Casa Como uma plataforma online pioneira, a Uniplaces liga indivíduos, sejam estudantes, profissionais ou famílias, a uma variedade de alojamentos para arrendamento. O nosso compromisso vai para além das listagens - verificamos cada propriedade para garantir que cumpre os nossos rigorosos critérios de conforto e conveniência. Escolha a Uniplaces para uma jornada de arrendamento suave, fiável e com uma excelente relação qualidade-preço.",False,good,False,False,,37.0,{},{'typology': 'flat'},"{'subtitle': 'São Domingos de Benfica, Lisboa', 'title': 'Apartamento na rua Direita de Palma'}",False,False,False,False,{},[],False,False,,
34112012,https://img4.idealista.pt/blur/480_360_mq/0/id.pro.pt.image.master/46/43/16/281218527.webp,66359,33,,2000.0,"{'price': {'amount': 2000.0, 'currencySuffix': '€/mês'}}",flat,rent,72.0,2,1,rua do Loreto,Lisboa,Misericórdia,Bairro Alto,pt,38.7118491,-9.1453274,False,https://www.idealista.pt/imovel/34112012/,"RESERVAS E PEDIDOS DE INFORMAÇÃO Para obter informações detalhadas e reservar online, clique abaixo do mapa em “Link Adicional”. TERMOS E CONDIÇÕES DE ALOJAMENTO: - Data de Disponibilidade: 01/07/2025 - Duração Mínima de Aluguer: 27 dias - Número Máximo de Hóspedes: 4 - Todas as Despesas Incluídas: Sim, para mais informações visite o site - Adicional:  - Animais de Estimação Não Permitido  - Fumadores Não Permitido DETALHES DA PROPRIEDADE Apartamento no Camões  - Descrição da Propriedade na Uniplaces: Apartamento no Camões com varandas viradas para a praça, no centro de Lisboa com 2 quartos, totalmente mobilado e pronto a ser ocupado.  - Localização: Localizado on Bairro Alto em Lisbon com uma variedade de opções de refeições, lojas essenciais e atividades para fazer, com fácil acesso aos transportes públicos. 2 quartos em Apartment com 1 casas de banho. Características  - Accessibilidade  - Wi-Fi  - Televisão por cabo  - Aquecimento central  - Elevador  - Toalhas e lençóis  - Forno  - Microondas  - Máquina de lavar roupa  - Máquina de lavar louça SOBRE A UNIPLACES O Seu Local de Confiança para Encontrar Casa Como uma plataforma online pioneira, a Uniplaces liga indivíduos, sejam estudantes, profissionais ou famílias, a uma variedade de alojamentos para arrendamento. O nosso compromisso vai para além das listagens - verificamos cada propriedade para garantir que cumpre os nossos rigorosos critérios de conforto e conveniência. Escolha a Uniplaces para uma jornada de arrendamento suave, fiável e com uma excelente relação qualidade-preço.",False,good,False,True,,28.0,{},{'typology': 'flat'},"{'subtitle': 'Misericórdia, Lisboa', 'title': 'Apartamento na rua do Loreto'}",False,False,False,False,{},[],False,False,,
34117235,https://img4.idealista.pt/blur/480_360_mq/0/id.pro.pt.image.master/a3/e6/23/281218267.webp,,8,1,1150.0,"{'price': {'amount': 1150.0, 'currencySuffix': '€/mês'}}",flat,rent,76.0,1,1,alto do lumiar,Lisboa,Lumiar,Alto do Lumiar - Quinta das Conchas - Quinta do Lambert,pt,38.7737307,-9.1469552,False,https://www.idealista.pt/imovel/34117235/,"Descrição do Apartamento T1 em Arrendamento Apartamento T1, totalmente mobilado, que se encontra disponível para arrendamento. Com uma área bruta de 76 m² e uma área útil de 72 m², este espaço é ideal para quem procura conforto e praticidade. A sala ampla e luminosa convida ao relaxamento, enquanto o quarto proporciona um ambiente acolhedor para descansar. A cozinha está equipada com todos os eletrodomésticos necessários, incluindo máquina de roupa, máquina de loiça, microondas e frigorífico, tornando o dia a dia mais fácil. A varanda oferece uma vista desimpedida, perfeita para desfrutar de momentos ao ar livre. Além disso, o apartamento conta com armários embutidos que garantem espaço de arrumação. Localizado no primeiro andar de um edifício com elevador, este imóvel tem orientação sul, proporcionando uma excelente luminosidade natural. O lugar de garagem incluído no preço é um grande plus, especialmente numa zona tão central. A localização é outro dos pontos fortes deste apartamento, situado perto do metro e do Jardim das Conchas, onde podes relaxar e disfrutar da natureza. Com classe energética B e aquecimento através de bomba de calor/frio elétrica, este apartamento é uma opção sustentável e económica. Não percas a oportunidade de viver num espaço que combina conforto, praticidade e uma localização privilegiada!",False,good,False,True,"{'hasParkingSpace': True, 'isParkingSpaceIncludedInPrice': True}",15.0,{},{'typology': 'flat'},"{'subtitle': 'Lumiar, Lisboa', 'title': 'Apartamento em alto do lumiar'}",False,False,False,False,{},[],False,False,,
34113608,https://img4.idealista.pt/blur/480_360_mq/0/id.pro.pt.image.master/b1/41/98/281218474.webp,64258,26,,1650.0,"{'price': {'amount': 1650.0, 'currencySuffix': '€/mês'}}",flat,rent,65.0,2,1,rua da Palma,Lisboa,Santa Maria Maior,Rossio - Martim Moniz,pt,38.7162556,-9.1362962,False,https://www.idealista.pt/imovel/34113608/,"RESERVAS E PEDIDOS DE INFORMAÇÃO Para obter informações detalhadas e reservar online, clique abaixo do mapa em “Link Adicional”. TERMOS E CONDIÇÕES DE ALOJAMENTO: - Data de Disponibilidade: 01/09/2025 - Duração Mínima de Aluguer: 180 dias - Número Máximo de Hóspedes: 4 - Todas as Despesas Incluídas: Não, para mais informações visite o site - Adicional:  - Animais de Estimação Permitido  - Fumadores Não Permitido DETALHES DA PROPRIEDADE Apartamento com 2 quartos  - Localização: Localizado on Martim Moniz em Lisbon com uma variedade de opções de refeições, lojas essenciais e atividades para fazer, com fácil acesso aos transportes públicos. 2 quartos em Apartment com 1 casas de banho. Características  - Wi-Fi  - Televisão por cabo  - Toalhas e lençóis  - Elevador  - Forno  - Microondas  - Máquina de lavar roupa  - Máquina de lavar louça SOBRE A UNIPLACES O Seu Local de Confiança para Encontrar Casa Como uma plataforma online pioneira, a Uniplaces liga indivíduos, sejam estudantes, profissionais ou famílias, a uma variedade de alojamentos para arrendamento. O nosso compromisso vai para além das listagens - verificamos cada propriedade para garantir que cumpre os nossos rigorosos critérios de conforto e conveniência. Escolha a Uniplaces para uma jornada de arrendamento suave, fiável e com uma excelente relação qualidade-preço.",False,good,False,True,,25.0,{},{'typology': 'flat'},"{'subtitle': 'Santa Maria Maior, Lisboa', 'title': 'Apartamento na rua da Palma'}",False,False,False,False,{},[],False,False,,
34112675,https://img4.idealista.pt/blur/480_360_mq/0/id.pro.pt.image.master/2d/34/82/281218299.webp,58893,8,,950.0,"{'price': {'amount': 950.0, 'currencySuffix': '€/mês'}}",studio,rent,25.0,0,1,rua de São Vicente,Lisboa,São Vicente,São Vicente de Fora,pt,38.7159149,-9.1298788,False,https://www.idealista.pt/imovel/34112675/,"RESERVAS E PEDIDOS DE INFORMAÇÃO Para obter informações detalhadas e reservar online, clique abaixo do mapa em “Link Adicional”. TERMOS E CONDIÇÕES DE ALOJAMENTO: - Data de Disponibilidade: 01/09/2025 - Duração Mínima de Aluguer: 27 dias - Número Máximo de Hóspedes: 2 - Todas as Despesas Incluídas: Sim, para mais informações visite o site - Adicional:  - Animais de Estimação Permitido  - Fumadores Não Permitido DETALHES DA PROPRIEDADE Estúdio charmoso e luminoso em Alfama  - Descrição da Propriedade na Uniplaces: Estúdio encantador em Alfama. Totalmente equipado e em um pode ser o lugar que você está procurando para realmente experimentar Lisboa.  - Localização: Localizado on Alfama em Lisbon com uma variedade de opções de refeições, lojas essenciais e atividades para fazer, com fácil acesso aos transportes públicos. 0 quartos em Studio com 1 casas de banho. Características  - Wi-Fi  - Televisão por cabo  - Zona exterior  - Forno  - Microondas  - Máquina de lavar roupa SOBRE A UNIPLACES O Seu Local de Confiança para Encontrar Casa Como uma plataforma online pioneira, a Uniplaces liga indivíduos, sejam estudantes, profissionais ou famílias, a uma variedade de alojamentos para arrendamento. O nosso compromisso vai para além das listagens - verificamos cada propriedade para garantir que cumpre os nossos rigorosos critérios de conforto e conveniência. Escolha a Uniplaces para uma jornada de arrendamento suave, fiável e com uma excelente relação qualidade-preço.",False,good,False,False,,38.0,{},"{'typology': 'flat', 'subTypology': 'studio'}","{'subtitle': 'São Vicente, Lisboa', 'title': 'T0 na rua de São Vicente'}",False,False,False,False,{},[],False,False,,
34113553,https://img4.idealista.pt/blur/480_360_mq/0/id.pro.pt.image.master/b7/11/1f/281218314.webp,58879,18,,1350.0,"{'price': {'amount': 1350.0, 'currencySuffix': '€/mês'}}",flat,rent,100.0,3,2,avenida General Roçadas,Lisboa,Penha de França,Centro,pt,38.731608,-9.1271557,False,https://www.idealista.pt/imovel/34113553/,"RESERVAS E PEDIDOS DE INFORMAÇÃO Para obter informações detalhadas e reservar online, clique abaixo do mapa em “Link Adicional”. TERMOS E CONDIÇÕES DE ALOJAMENTO: - Data de Disponibilidade: 01/09/2025 - Duração Mínima de Aluguer: 180 dias - Número Máximo de Hóspedes: 4 - Todas as Despesas Incluídas: Sim, para mais informações visite o site - Adicional:  - Animais de Estimação Não Permitido  - Fumadores Não Permitido DETALHES DA PROPRIEDADE Maravilhoso apartamento de 3 quartos perto da estação de metro de Arroios  - Localização: Localizado on Penha de França em Lisbon com uma variedade de opções de refeições, lojas essenciais e atividades para fazer, com fácil acesso aos transportes públicos. 3 quartos em Apartment com 2 casas de banho. Características  - Accessibilidade  - Wi-Fi  - Televisão por cabo  - Elevador  - Microondas  - Máquina de lavar roupa  - Máquina de lavar louça SOBRE A UNIPLACES O Seu Local de Confiança para Encontrar Casa Como uma plataforma online pioneira, a Uniplaces liga indivíduos, sejam estudantes, profissionais ou famílias, a uma variedade de alojamentos para arrendamento. O nosso compromisso vai para além das listagens - verificamos cada propriedade para garantir que cumpre os nossos rigorosos critérios de conforto e conveniência. Escolha a Uniplaces para uma jornada de arrendamento suave, fiável e com uma excelente relação qualidade-preço.",False,good,False,True,,14.0,{},{'typology': 'flat'},"{'subtitle': 'Penha de França, Lisboa', 'title': 'Apartamento na avenida General Roçadas'}",False,False,False,False,{},[],False,False,,
34111985,https://img4.idealista.pt/blur/480_360_mq/0/id.pro.pt.image.master/fd/41/50/281218128.webp,57959,21,,2000.0,"{'price': {'amount': 2000.0, 'currencySuffix': '€/mês'}}",flat,rent,70.0,1,1,rua da Cruz dos Poiais,Lisboa,Misericórdia,Príncipe Real - São Bento,pt,38.7130959,-9.1498377,False,https://www.idealista.pt/imovel/34111985/,"RESERVAS E PEDIDOS DE INFORMAÇÃO Para obter informações detalhadas e reservar online, clique abaixo do mapa em “Link Adicional”. TERMOS E CONDIÇÕES DE ALOJAMENTO: - Data de Disponibilidade: 01/07/2025 - Duração Mínima de Aluguer: 60 dias - Número Máximo de Hóspedes: 2 - Todas as Despesas Incluídas: Sim, para mais informações visite o site - Adicional:  - Animais de Estimação Não Permitido  - Fumadores Não Permitido DETALHES DA PROPRIEDADE Amazing Chiado 1 bedroom sunny apartment  - Localização: Localizado on São Bento em Lisbon com uma variedade de opções de refeições, lojas essenciais e atividades para fazer, com fácil acesso aos transportes públicos. 1 quartos em Apartment com 1 casas de banho. Características  - Wi-Fi  - Televisão por cabo  - Aquecimento central  - Air condicionado  - Toalhas e lençóis  - Forno  - Microondas  - Máquina de lavar roupa  - Máquina de lavar louça SOBRE A UNIPLACES O Seu Local de Confiança para Encontrar Casa Como uma plataforma online pioneira, a Uniplaces liga indivíduos, sejam estudantes, profissionais ou famílias, a uma variedade de alojamentos para arrendamento. O nosso compromisso vai para além das listagens - verificamos cada propriedade para garantir que cumpre os nossos rigorosos critérios de conforto e conveniência. Escolha a Uniplaces para uma jornada de arrendamento suave, fiável e com uma excelente relação qualidade-preço.",False,good,False,False,,29.0,{},{'typology': 'flat'},"{'subtitle': 'Misericórdia, Lisboa', 'title': 'Apartamento na rua da Cruz dos Poiais'}",False,False,False,False,{},[],False,False,,
34113364,https://img4.idealista.pt/blur/480_360_mq/0/id.pro.pt.image.master/e2/5f/e0/281218058.webp,56717,15,,1000.0,"{'price': {'amount': 1000.0, 'currencySuffix': '€/mês'}}",studio,rent,39.0,0,1,avenida Rui Nogueira Simões,Lisboa,São Domingos de Benfica,Laranjeiras,pt,38.7526492,-9.1686869,False,https://www.idealista.pt/imovel/34113364/,"RESERVAS E PEDIDOS DE INFORMAÇÃO Para obter informações detalhadas e reservar online, clique abaixo do mapa em “Link Adicional”. TERMOS E CONDIÇÕES DE ALOJAMENTO: - Data de Disponibilidade: 01/09/2025 - Duração Mínima de Aluguer: 180 dias - Número Máximo de Hóspedes: 2 - Todas as Despesas Incluídas: Não, para mais informações visite o site - Adicional:  - Animais de Estimação Não Permitido  - Fumadores Não Permitido DETALHES DA PROPRIEDADE Estúdio na Cidade Universitária  - Localização: Localizado on Benfica em Lisbon com uma variedade de opções de refeições, lojas essenciais e atividades para fazer, com fácil acesso aos transportes públicos. 0 quartos em Studio com 1 casas de banho. Características  - Accessibilidade  - Wi-Fi  - Forno  - Microondas  - Máquina de lavar roupa SOBRE A UNIPLACES O Seu Local de Confiança para Encontrar Casa Como uma plataforma online pioneira, a Uniplaces liga indivíduos, sejam estudantes, profissionais ou famílias, a uma variedade de alojamentos para arrendamento. O nosso compromisso vai para além das listagens - verificamos cada propriedade para garantir que cumpre os nossos rigorosos critérios de conforto e conveniência. Escolha a Uniplaces para uma jornada de arrendamento suave, fiável e com uma excelente relação qualidade-preço.",False,good,False,False,,26.0,{},"{'typology': 'flat', 'subTypology': 'studio'}","{'subtitle': 'São Domingos de Benfica, Lisboa', 'title': 'T0 na avenida Rui Nogueira Simões'}",False,False,False,False,{},[],False,False,,
34112623,https://img4.idealista.pt/blur/480_360_mq/0/id.pro.pt.image.master/ee/9d/bf/281217978.webp,56613,8,,895.0,"{'price': {'amount': 895.0, 'currencySuffix': '€/mês'}}",flat,rent,30.0,1,1,rua República da Bolívia,Lisboa,Benfica,Avenida do Uruguai,pt,38.752614,-9.196247,False,https://www.idealista.pt/imovel/34112623/,"RESERVAS E PEDIDOS DE INFORMAÇÃO Para obter informações detalhadas e reservar online, clique abaixo do mapa em “Link Adicional”. TERMOS E CONDIÇÕES DE ALOJAMENTO: - Data de Disponibilidade: 01/09/2025 - Duração Mínima de Aluguer: 90 dias - Número Máximo de Hóspedes: 2 - Todas as Despesas Incluídas: Não, para mais informações visite o site - Adicional:  - Animais de Estimação Não Permitido  - Fumadores Não Permitido DETALHES DA PROPRIEDADE Aptº com 1 quarto junto CCColombo e metro linha azul  - Localização: Localizado on Benfica em Lisbon com uma variedade de opções de refeições, lojas essenciais e atividades para fazer, com fácil acesso aos transportes públicos. 1 quartos em Apartment com 1 casas de banho. Características  - Accessibilidade  - Wi-Fi  - Televisão por cabo  - Elevador  - Toalhas e lençóis  - Microondas  - Máquina de lavar roupa SOBRE A UNIPLACES O Seu Local de Confiança para Encontrar Casa Como uma plataforma online pioneira, a Uniplaces liga indivíduos, sejam estudantes, profissionais ou famílias, a uma variedade de alojamentos para arrendamento. O nosso compromisso vai para além das listagens - verificamos cada propriedade para garantir que cumpre os nossos rigorosos critérios de conforto e conveniência. Escolha a Uniplaces para uma jornada de arrendamento suave, fiável e com uma excelente relação qualidade-preço.",False,good,False,True,,30.0,{},{'typology': 'flat'},"{'subtitle': 'Benfica, Lisboa', 'title': 'Apartamento na rua República da Bolívia'}",False,False,False,False,{},[],False,False,,
34117276,https://img4.idealista.pt/blur/480_360_mq/0/id.pro.pt.image.master/74/66/3d/281217769.webp,120511203-137,9,bj,1300.0,"{'price': {'amount': 1300.0, 'currencySuffix': '€/mês'}}",flat,rent,65.0,2,1,travessa Santo António a Belém,Lisboa,Belém,Centro,pt,38.705491,-9.2035237,False,https://www.idealista.pt/imovel/34117276/," T2 para arrendamento na Travessa de Santo António a Belém. A poucos passos de distância, os irresistíveis Patéis de Belém, Mosteiro do Jerónimos, Torre de Belém e outros monumentos tão especiais. Cozinha equipada com placa, forno, exaustor e cilindro.  É rés do chão alto em prédio de placa. Junto a todo o tipo de comércio tais como: Lidl, Continente, Minipreço, El Corte Inglês, escolas, colégios, finanças e transportes. Ótima exposição solar. 2 rendas + 2 cauções e fiador. L. U 32 26/01/1963  Licença de Utilização - 32.",False,good,False,False,,20.0,{},{'typology': 'flat'},"{'subtitle': 'Belém, Lisboa', 'title': 'Apartamento na travessa Santo António a Belém'}",True,False,False,False,{},[],False,False,,
34115181,https://img4.idealista.pt/blur/480_360_mq/0/id.pro.pt.image.master/e1/88/a4/281217355.webp,42146,16,,2100.0,"{'price': {'amount': 2100.0, 'currencySuffix': '€/mês'}}",flat,rent,100.0,3,2,rua Maestro Pedro de Freitas Branco,Lisboa,Santo António,Rato - Amoreiras,pt,38.7193472,-9.151328,False,https://www.idealista.pt/imovel/34115181/,"RESERVAS E PEDIDOS DE INFORMAÇÃO Para obter informações detalhadas e reservar online, clique abaixo do mapa em “Link Adicional”. TERMOS E CONDIÇÕES DE ALOJAMENTO: - Data de Disponibilidade: 01/09/2025 - Duração Mínima de Aluguer: 150 dias - Número Máximo de Hóspedes: 3 - Todas as Despesas Incluídas: Não, para mais informações visite o site - Adicional:  - Animais de Estimação Não Permitido  - Fumadores Não Permitido DETALHES DA PROPRIEDADE Apartamento com 3 quartos, com área exterior  - Descrição da Propriedade na Uniplaces: Se o seu próximo destino é a incrível Lisboa, mas você quer encontrar o lugar ideal para chamar de lar, que tal este lindo apartamento no típico Rato? Você estaria morando em uma área movimentada da cidade, repleta de conexões de transporte, lindos cafés e restaurantes e algumas das lojas mais legais que você já encontrará. Este apartamento é composto por um total de três quartos, uma cozinha moderna e bem equipada com os aparelhos necessários para suas aventuras culinárias com seus colegas de apartamento, um banheiro comum, um toalete e um que compartilha seu espaço com uma aconchegante sala de estar onde você pode relaxar após um longo dia. Todos os quartos são muito acolhedores, luminosos e preparados para atender às necessidades de seus alunos.  - Localização: Localizado on Rato em Lisbon com uma variedade de opções de refeições, lojas essenciais e atividades para fazer, com fácil acesso aos transportes públicos. 3 quartos em Apartment com 2 casas de banho. Características  - Wi-Fi  - Televisão por cabo  - Zona exterior  - Toalhas e lençóis  - Forno  - Microondas  - Máquina de lavar roupa SOBRE A UNIPLACES O Seu Local de Confiança para Encontrar Casa Como uma plataforma online pioneira, a Uniplaces liga indivíduos, sejam estudantes, profissionais ou famílias, a uma variedade de alojamentos para arrendamento. O nosso compromisso vai para além das listagens - verificamos cada propriedade para garantir que cumpre os nossos rigorosos critérios de conforto e conveniência. Escolha a Uniplaces para uma jornada de arrendamento suave, fiável e com uma excelente relação qualidade-preço.",False,good,False,False,,21.0,{},{'typology': 'flat'},"{'subtitle': 'Santo António, Lisboa', 'title': 'Apartamento na rua Maestro Pedro de Freitas Branco'}",False,False,False,False,{},[],False,False,,
34113581,https://img4.idealista.pt/blur/480_360_mq/0/id.pro.pt.image.master/dd/01/11/281217294.webp,36116,20,,1400.0,"{'price': {'amount': 1400.0, 'currencySuffix': '€/mês'}}",flat,rent,50.0,2,1,rua Castelo Branco Saraiva,Lisboa,Penha de França,Centro,pt,38.72456,-9.1266876,False,https://www.idealista.pt/imovel/34113581/,"RESERVAS E PEDIDOS DE INFORMAÇÃO Para obter informações detalhadas e reservar online, clique abaixo do mapa em “Link Adicional”. TERMOS E CONDIÇÕES DE ALOJAMENTO: - Data de Disponibilidade: 01/09/2025 - Duração Mínima de Aluguer: 90 dias - Número Máximo de Hóspedes: 4 - Todas as Despesas Incluídas: Sim, para mais informações visite o site - Adicional:  - Animais de Estimação Não Permitido  - Fumadores Não Permitido DETALHES DA PROPRIEDADE Apartamento com 2 quartos, 3 camas, perto da estação de metro Anjos  - Descrição da Propriedade na Uniplaces: Se Lisboa vai ser a tua cidade durante os próximos meses e queres o melhor alojamento, talvez tenhas encontrado o local perfeito! A propriedade é próxima da estação de metro de Anjos e não é longe do centro da cidade. Além disso, vais encontrar lojas, cafés e restaurantes à volta, onde vais poder comprar refeições deliciosas. O apartamento tem 2 quartos duplos, uma cozinha limpa e moderna e uma casa de banho. Todas as divisões têm um ambiente agradável e estão preparadas para servir as tuas necessidades de estudante. Não te vais arrepender!  - Localização: Localizado on Penha de França em Lisbon com uma variedade de opções de refeições, lojas essenciais e atividades para fazer, com fácil acesso aos transportes públicos. 2 quartos em Apartment com 1 casas de banho. Características  - Wi-Fi  - Televisão por cabo  - Toalhas e lençóis  - Forno  - Microondas  - Máquina de lavar roupa SOBRE A UNIPLACES O Seu Local de Confiança para Encontrar Casa Como uma plataforma online pioneira, a Uniplaces liga indivíduos, sejam estudantes, profissionais ou famílias, a uma variedade de alojamentos para arrendamento. O nosso compromisso vai para além das listagens - verificamos cada propriedade para garantir que cumpre os nossos rigorosos critérios de conforto e conveniência. Escolha a Uniplaces para uma jornada de arrendamento suave, fiável e com uma excelente relação qualidade-preço.",False,good,False,False,,28.0,{},{'typology': 'flat'},"{'subtitle': 'Penha de França, Lisboa', 'title': 'Apartamento na rua Castelo Branco Saraiva'}",False,False,False,False,{},[],False,False,,
34113557,https://img4.idealista.pt/blur/480_360_mq/0/id.pro.pt.image.master/34/9e/31/281217268.webp,31648,15,,1400.0,"{'price': {'amount': 1400.0, 'currencySuffix': '€/mês'}}",flat,rent,50.0,1,1,rua do Sol a Santa Catarina,Lisboa,Misericórdia,Santa Catarina,pt,38.7094724,-9.1481906,False,https://www.idealista.pt/imovel/34113557/,"RESERVAS E PEDIDOS DE INFORMAÇÃO Para obter informações detalhadas e reservar online, clique abaixo do mapa em “Link Adicional”. TERMOS E CONDIÇÕES DE ALOJAMENTO: - Data de Disponibilidade: 01/09/2025 - Duração Mínima de Aluguer: 27 dias - Número Máximo de Hóspedes: 2 - Todas as Despesas Incluídas: Sim, para mais informações visite o site - Adicional:  - Animais de Estimação Não Permitido  - Fumadores Não Permitido DETALHES DA PROPRIEDADE Muito elegante apartamento de 1 quarto no clássico Bica  - Descrição da Propriedade na Uniplaces: Se estás à procura de um espaço só para ti, numa área típica de Lisboa, dá uma vista de olhos neste apartamento na Bica - que pode ser uma escolha certa para ti! O lugar é totalmente confortável e colocado numa grande área, com tudo aquilo que precisas para ter uma estadia maravilhosa, desde supermercados, cafés e restaurantes. Este apartamento dispõe de um quarto de casal bastante confortável, de uma casa de banho, de uma cozinha que está totalmente equipada com os preparativos para que te possas aventurar na cozinha e uma ampla sala de estar com uma atmosfera acolhedora e relaxante.  - Localização: Localizado on Bairro Alto em Lisbon com uma variedade de opções de refeições, lojas essenciais e atividades para fazer, com fácil acesso aos transportes públicos. 1 quartos em Apartment com 1 casas de banho. Características  - Wi-Fi  - Televisão por cabo  - Toalhas e lençóis  - Forno  - Microondas  - Máquina de lavar roupa SOBRE A UNIPLACES O Seu Local de Confiança para Encontrar Casa Como uma plataforma online pioneira, a Uniplaces liga indivíduos, sejam estudantes, profissionais ou famílias, a uma variedade de alojamentos para arrendamento. O nosso compromisso vai para além das listagens - verificamos cada propriedade para garantir que cumpre os nossos rigorosos critérios de conforto e conveniência. Escolha a Uniplaces para uma jornada de arrendamento suave, fiável e com uma excelente relação qualidade-preço.",False,good,False,False,,28.0,{},{'typology': 'flat'},"{'subtitle': 'Misericórdia, Lisboa', 'title': 'Apartamento na rua do Sol a Santa Catarina'}",False,False,False,False,{},[],False,False,,
34113337,https://img4.idealista.pt/blur/480_360_mq/0/id.pro.pt.image.master/e2/f9/f6/281217039.webp,26404,27,,1050.0,"{'price': {'amount': 1050.0, 'currencySuffix': '€/mês'}}",flat,rent,60.0,1,1,rua da Rosa,Lisboa,Misericórdia,Bairro Alto,pt,38.7142824,-9.1446795,False,https://www.idealista.pt/imovel/34113337/,"RESERVAS E PEDIDOS DE INFORMAÇÃO Para obter informações detalhadas e reservar online, clique abaixo do mapa em “Link Adicional”. TERMOS E CONDIÇÕES DE ALOJAMENTO: - Data de Disponibilidade: 01/09/2025 - Duração Mínima de Aluguer: 27 dias - Número Máximo de Hóspedes: 3 - Todas as Despesas Incluídas: Sim, para mais informações visite o site - Adicional:  - Animais de Estimação Não Permitido  - Fumadores Não Permitido DETALHES DA PROPRIEDADE De alta qualidade apartamento de 1 quarto no popular Bairro Alto  - Localização: Localizado on Bairro Alto em Lisbon com uma variedade de opções de refeições, lojas essenciais e atividades para fazer, com fácil acesso aos transportes públicos. 1 quartos em Apartment com 1 casas de banho. Características  - Wi-Fi  - Televisão por cabo  - Toalhas e lençóis  - Forno  - Microondas  - Máquina de lavar roupa SOBRE A UNIPLACES O Seu Local de Confiança para Encontrar Casa Como uma plataforma online pioneira, a Uniplaces liga indivíduos, sejam estudantes, profissionais ou famílias, a uma variedade de alojamentos para arrendamento. O nosso compromisso vai para além das listagens - verificamos cada propriedade para garantir que cumpre os nossos rigorosos critérios de conforto e conveniência. Escolha a Uniplaces para uma jornada de arrendamento suave, fiável e com uma excelente relação qualidade-preço.",False,good,False,False,,18.0,{},{'typology': 'flat'},"{'subtitle': 'Misericórdia, Lisboa', 'title': 'Apartamento na rua da Rosa'}",False,False,False,False,{},[],False,False,,
34112483,https://img4.idealista.pt/blur/480_360_mq/0/id.pro.pt.image.master/63/68/52/281217147.webp,25371,17,,600.0,"{'price': {'amount': 600.0, 'currencySuffix': '€/mês'}}",studio,rent,25.0,0,1,travessa do Rosário de Santa Clara,Lisboa,São Vicente,São Vicente de Fora,pt,38.7176555,-9.1247979,False,https://www.idealista.pt/imovel/34112483/,"RESERVAS E PEDIDOS DE INFORMAÇÃO Para obter informações detalhadas e reservar online, clique abaixo do mapa em “Link Adicional”. TERMOS E CONDIÇÕES DE ALOJAMENTO: - Data de Disponibilidade: 01/09/2025 - Duração Mínima de Aluguer: 90 dias - Número Máximo de Hóspedes: 2 - Todas as Despesas Incluídas: Não, para mais informações visite o site - Adicional:  - Animais de Estimação Não Permitido  - Fumadores Não Permitido DETALHES DA PROPRIEDADE Estúdio agradável perto ISPA - Instituto Superior de Psicologia Aplicada  - Descrição da Propriedade na Uniplaces: Se você está procurando um bairro típico de Lisboa, onde possa experimentar a sensação genuína da cidade, dê uma olhada neste lugar em Santa Apolónia. Esta propriedade possui uma área de quarto com cama de casal, uma sala de estar com sofá-cama, uma cozinha pequena, mas funcional, e um banheiro. A melhor parte deste estúdio é sua localização, você estará no coração da cidade, perto de vários locais importantes, conexões de transporte, pontos culturais e estará próximo ao ISPA - Instituto Superior de Psicologia Aplicada!  - Localização: Localizado on Santa Apolónia em Lisbon com uma variedade de opções de refeições, lojas essenciais e atividades para fazer, com fácil acesso aos transportes públicos. 0 quartos em Studio com 1 casas de banho. Características  - Wi-Fi  - Máquina de lavar roupa SOBRE A UNIPLACES O Seu Local de Confiança para Encontrar Casa Como uma plataforma online pioneira, a Uniplaces liga indivíduos, sejam estudantes, profissionais ou famílias, a uma variedade de alojamentos para arrendamento. O nosso compromisso vai para além das listagens - verificamos cada propriedade para garantir que cumpre os nossos rigorosos critérios de conforto e conveniência. Escolha a Uniplaces para uma jornada de arrendamento suave, fiável e com uma excelente relação qualidade-preço.",False,good,False,False,,24.0,{},"{'typology': 'flat', 'subTypology': 'studio'}","{'subtitle': 'São Vicente, Lisboa', 'title': 'T0 na travessa do Rosário de Santa Clara'}",False,False,False,False,{},[],False,False,,
34112659,https://img4.idealista.pt/blur/480_360_mq/0/id.pro.pt.image.master/f4/71/ff/281216847.webp,25327,17,,900.0,"{'price': {'amount': 900.0, 'currencySuffix': '€/mês'}}",flat,rent,45.0,1,1,travessa do Conde de Avintes,Lisboa,São Vicente,São Vicente de Fora,pt,38.7181826,-9.1242367,False,https://www.idealista.pt/imovel/34112659/,"RESERVAS E PEDIDOS DE INFORMAÇÃO Para obter informações detalhadas e reservar online, clique abaixo do mapa em “Link Adicional”. TERMOS E CONDIÇÕES DE ALOJAMENTO: - Data de Disponibilidade: 01/09/2025 - Duração Mínima de Aluguer: 27 dias - Número Máximo de Hóspedes: 2 - Todas as Despesas Incluídas: Não, para mais informações visite o site - Adicional:  - Animais de Estimação Não Permitido  - Fumadores Não Permitido DETALHES DA PROPRIEDADE Apartamento com 1 quarto  - Descrição da Propriedade na Uniplaces: If Lisbon is your next destination and you are still trying to find a space that suits your needs, you can stop looking because this charming apartment is perfect for you! Located close to Jardim Botto Machado - not far from Santa Apolónia train and metro station - this apartment will provide you with a clean and bright room that will surely offer you the rest you need. The cozy living room, thanks to its decoration and wooden floor, demands relaxation and comfort. A small but functional kitchen with the main appliances and, finally, a bathroom. Do not forget that you will be close to ISPA - Instituto Universitário and that, at the end of the day, if you want to relax, you can go to Alfama and listen to Fado!  - Localização: Localizado on Santa Apolónia em Lisbon com uma variedade de opções de refeições, lojas essenciais e atividades para fazer, com fácil acesso aos transportes públicos. 1 quartos em Apartment com 1 casas de banho. Características  - Wi-Fi  - Máquina de lavar roupa SOBRE A UNIPLACES O Seu Local de Confiança para Encontrar Casa Como uma plataforma online pioneira, a Uniplaces liga indivíduos, sejam estudantes, profissionais ou famílias, a uma variedade de alojamentos para arrendamento. O nosso compromisso vai para além das listagens - verificamos cada propriedade para garantir que cumpre os nossos rigorosos critérios de conforto e conveniência. Escolha a Uniplaces para uma jornada de arrendamento suave, fiável e com uma excelente relação qualidade-preço.",False,good,False,False,,20.0,{},{'typology': 'flat'},"{'subtitle': 'São Vicente, Lisboa', 'title': 'Apartamento na travessa do Conde de Avintes'}",False,False,False,False,{},[],False,False,,
34117252,https://img4.idealista.pt/blur/480_360_mq/0/id.pro.pt.image.master/4d/fb/d2/281216586.webp,120991303-283,11,bj,1200.0,"{'price': {'amount': 1200.0, 'currencySuffix': '€/mês'}}",flat,rent,42.0,1,1,rua de Santa Engrácia,Lisboa,São Vicente,Graça,pt,38.7185103,-9.1241594,False,https://www.idealista.pt/imovel/34117252/,"Apartamento T1 muito bem localizado e perto de todo o tipo de serviços e transportes. Excelentes áreas, com logradouro nas traseiras. Remodelação total acabada de fazer. Cozinha equipada.   O proprietário pretende um contrato de três anos COM RENDA ACTUALIZADADE ACORDO COM INDICE INE.   Duas rendas de avanço + 1 Caução. Fiador.   Informação financeira do Arrendatário e do Fiador. IRS 2023 + 3 últimos recibos de ordenado.   Isento de licença de utilização (imóvel inscrito na matriz anteriormente a 1951).   ********************************************************************************** One bedroom apartment is very well located and close to all types of services and transport. Excellent areas, with a “patio”. Completely renovated. Equipped kitchen.   The owner wants a three-year contract WITH UPDATED RENT IN ACCORDANCE WITH THE INE INDEX.   Two advance payments + 1 Security deposit. Guarantor.   Tenant and Guarantor's financial information. IRS 2023 + 3 most recent paychecks.   Exempt from a Usage License (property registered in the register before 1951).   ********************************************************************************** Appartement 1 chambre très bien situé et proche de tous types de services et transports. Excellentes zones, avec patio à l'arrière. Rénovation totale qui vient d'êtreeffectuée. Cuisine équipée.   Le propriétaire souhaite un contrat de trois ans AVEC DES REVENUS ACTUALISÉS SELON L'INDEX INE.   Deux acomptes + 1 dépôt de garantie. Garant.   Informations financières du Locataire et du Garant. IRS 2023 + 3 dernières quittances de salaire.   Exonéré de Permis d'Usage (propriété inscrite dans la matrice avant 1951)    Licença de Utilização -.",False,good,False,False,,29.0,{},{'typology': 'flat'},"{'subtitle': 'São Vicente, Lisboa', 'title': 'Apartamento na rua de Santa Engrácia'}",False,False,False,False,{},[],False,False,,
34117203,https://img4.idealista.pt/blur/480_360_mq/0/id.pro.pt.image.master/7a/3e/a9/281215980.webp,87059,20,,1200.0,"{'price': {'amount': 1200.0, 'currencySuffix': '€/mês'}}",studio,rent,37.0,0,1,Largo do Calvário - Lx Factory,Lisboa,Alcântara,Largo do Calvário - Lx Factory,pt,38.7061797,-9.1733284,False,https://www.idealista.pt/imovel/34117203/,"Apartamento T0 nunca habitado, com 37 m2 de área bruta privativa, com dois terraços, situado no bairro de Alcântara, em Lisboa. O Imóvel é composto por uma ampla sala de estar com Kitchenette, casa de banho completa e dois terraços orientadas a poente. Apartamento arrendado totalmente mobilado. Localizado em zona bem servida de transportes públicos, serviços e comércio, a 2 minutos walking distance da estação ferroviária Alcântara-Terra, a 5 minutos do Largo do Calvário, do Hospital CUF Tejo e de toda a zona ribeirinha de Lisboa. A 5 minutos driving distance do acesso à Ponte 25 de Abril, da Avenida de Ceuta, Avenida 24 de Julho e a 20 minutos do Aeroporto de Lisboa.  Categoria Energética: B  ref: 87059.",True,good,False,True,,32.0,{},"{'typology': 'flat', 'subTypology': 'studio'}","{'subtitle': 'Alcântara, Lisboa', 'title': 'T0'}",False,False,False,False,{},[],False,False,,
34117243,https://img4.idealista.pt/blur/480_360_mq/0/id.pro.pt.image.master/52/0e/3b/281215153.webp,W-02ZFP0,30,,1600.0,"{'price': {'amount': 1600.0, 'currencySuffix': '€/mês'}}",flat,rent,91.0,1,1,Gare do Oriente - Zona Sul,Lisboa,Parque das Nações,Gare do Oriente - Zona Sul,pt,38.7616667,-9.1017873,False,https://www.idealista.pt/imovel/34117243/,"Este apartamento T1 no Condomínio Privado Metrocity, localizado no Parque das Nações, oferece uma excelente oportunidade para quem deseja viver com conforto e praticidade numa das zonas mais cobiçadas de Lisboa. Com 58m² de área bruta privativa, mais 12m² de varandas, o imóvel destaca-se pela luminosidade proporcionada pela sua orientação sul. A cozinha totalmente equipada e o sistema de aquecimento são adicionais que valorizam a comodidade do imóvel. As varandas, uma na cozinha e outra na sala, oferecem vistas agradáveis e espaços para momentos de descanso. O condomínio garante uma excelente infraestrutura de segurança e lazer, com segurança 24 horas, portaria, duas piscinas, parque infantil e amplas zonas verdes, criando um ambiente seguro e tranquilo e o apartamento também conta com um lugar de estacionamento e uma arrecadação. A localização é uma das maiores vantagens, com fácil acesso à estação de metro Cabo Ruivo, ao Centro do Parque das Nações, ao Pavilhão Atlântico, ao Oceanário de Lisboa, ao Centro Comercial Vasco da Gama e à Gare do Oriente. A proximidade aos principais eixos rodoviários e à rede de transportes públicos facilita a mobilidade e a acessibilidade a outras áreas da cidade. Este apartamento é o local ideal para quem busca qualidade de vida, segurança e conveniência, com todos os serviços e atrações ao redor. Não perca a oportunidade de viver em uma localização privilegiada!  Categoria Energética: C  ref: W-02ZFP0.",False,good,False,True,"{'hasParkingSpace': True, 'isParkingSpaceIncludedInPrice': True}",18.0,{},{'typology': 'flat'},"{'subtitle': 'Parque das Nações, Lisboa', 'title': 'Apartamento'}",True,False,False,False,{},[],False,False,,
34117230,https://img4.idealista.pt/blur/480_360_mq/0/id.pro.pt.image.master/de/a9/16/281214820.webp,W-02ZFO8,31,,1900.0,"{'price': {'amount': 1900.0, 'currencySuffix': '€/mês'}}",flat,rent,128.0,1,1,Gare do Oriente - Zona Sul,Lisboa,Parque das Nações,Gare do Oriente - Zona Sul,pt,38.7625075,-9.1006641,False,https://www.idealista.pt/imovel/34117230/,"Este loft, localizado no prestigiado condomínio Metrocity, no Parque das Nações, é uma oportunidade única para quem busca um ambiente que combine viver, lazer e tranquilidade. Características do Imóvel: - Espaço Open Space (Piso 0): A área principal do loft oferece excelente iluminação natural e bastante espaço para convívio com familiares e amigos, sem perder a privacidade. A cozinha moderna e totalmente equipada garante praticidade e funcionalidade, enquanto uma casa de banho adicional oferece maior comodidade. O imóvel ainda conta com dois lugares de estacionamento e uma arrecadação, acrescentando ainda mais valor à propriedade. - Piso 1: O andar superior possui um amplo espaço, com um WC completo e privativo, proporcionando um ambiente de total privacidade. - O loft encontra-se em excelente estado, com janelas amplas que garantem grande luminosidade natural, e caixilharia de alta qualidade. O condomínio oferece segurança 24 horas e acesso restrito, piscina, parque infantil e espaços verdes para lazer com vista para a Ponte Vasco da Gama. - Localização Estratégica: A apenas 3 minutos da estação de metro Cabo Ruivo, próximo da Gare do Oriente, do Centro Comercial Vasco da Gama e do Hospital CUF Descobertas. De fácil acesso às principais vias de Lisboa, incluindo a 2ª Circular, o túnel do Grilo, a A1 e a Ponte Vasco da Gama. Apenas 5 minutos do Aeroporto. Este loft não é só uma excelente opção para quem deseja um ambiente de trabalho de qualidade, mas também um estilo de vida tranquilo e seguro, com fácil acesso aos principais pontos da cidade de Lisboa.  Categoria Energética: D  ref: W-02ZFO8.",False,good,False,True,"{'hasParkingSpace': True, 'isParkingSpaceIncludedInPrice': True}",15.0,{},{'typology': 'flat'},"{'subtitle': 'Parque das Nações, Lisboa', 'title': 'Apartamento'}",True,False,True,False,{},[],False,False,,
34117092,https://img4.idealista.pt/blur/480_360_mq/0/id.pro.pt.image.master/97/48/98/281209683.webp,HA 1301 0425,45,7,2690.0,"{'price': {'amount': 2690.0, 'currencySuffix': '€/mês'}}",flat,rent,200.0,3,2,alameda das Linhas de Torres,Lisboa,Lumiar,Centro,pt,38.7670928,-9.1603295,False,https://www.idealista.pt/imovel/34117092/,"Apartamento com 200m2 em óptimo estado de conservação. Sala com 24m2 com pé direito de 5 metros com acesso por escadas a mezzanine com sala muito acolhedora e muito simpática. Hall entrada com 6m2. Espaço de escritório com 15m2. Sala de Jantar com 20m2 com acesso a varanda. Cozinha com 15m2 equipada com: placa, forno, exaustor, esquentador, máquina de lavar roupa, máquina de lavar loiça e frigorifico e arca. Zona de quartos com quarto suite com 22m2 com roupeiro e wc com 6m2, mais 2 quartos com 20 e 22m2 ambos com roupeiro e mais um roupeiro na zona de corredor e 1 wc completa com banheira. Apartamento com lareira, ar-condicionado, dispõe de 1 arrecadação e de 2 lugares de estacionamento no piso -1.  Apartamento em último andar muito soalheiro com fantástico terraço com 30m2 com acesso pela sala, e por um dos quartos, com vista desafogada sobre a cidade. Sito a 2 min a pé da estação de metro Quinta das Conchas e autocarros à porta. Disponibilidade Imediata. Para o arrendamento são necessárias 2 rendas, 1 caução e fiador.",True,good,False,True,"{'hasParkingSpace': True, 'isParkingSpaceIncludedInPrice': True}",13.0,{},{'typology': 'flat'},"{'subtitle': 'Lumiar, Lisboa', 'title': 'Apartamento na alameda das Linhas de Torres'}",True,False,False,False,{},[],False,False,,
34117209,https://img4.idealista.pt/blur/480_360_mq/0/id.pro.pt.image.master/26/8a/7c/281211969.webp,KWPT-013826,31,,1900.0,"{'price': {'amount': 1900.0, 'currencySuffix': '€/mês'}}",flat,rent,86.0,3,1,rua dos Douradores s/n,Lisboa,Santa Maria Maior,Baixa,pt,38.7112846,-9.1366001,True,https://www.idealista.pt/imovel/34117209/,"Descubra este magnífico apartamento T3, situado no 5º piso de um edifício tradicional sem elevador, na Rua dos Douradores, uma das zonas mais vibrantes e históricas de Lisboa.  A poucos passos da Praça da Figueira e da Praça do Rossio, este imóvel oferece uma experiência singular de viver no centro da cidade, rodeado por cultura, comércio e uma excelente rede de transportes públicos. Além da sua localização privilegiada, este apartamento coloca-o a uma curta distância de alguns dos mais emblemáticos pontos turísticos de Lisboa, como a Rua Augusta e o seu famoso Arco, a Baixa Pombalina, o Elevador de Santa Justa, o Castelo de São Jorge e a Sé de Lisboa.  A envolvente é repleta de lojas, restaurantes tradicionais e modernos, pastelarias icónicas como a Confeitaria Nacional e espaços culturais que fazem desta zona um dos locais mais procurados para se viver. Este apartamento combina conforto e funcionalidade, ideal para estudantes ou famílias que procuram uma experiência autêntica no coração de Lisboa. A zona é amplamente servida por transportes públicos, tais como metro, autocarro, elétrico e comboio. Se procura um imóvel no centro da cidade, com tudo à sua porta, este T3 é a escolha perfeita. Requisitos do arrendamento: 1. Documentos de identificação: - Cartão de Cidadão ou Passaporte - Número de Contribuinte em Portugal (NIF) 2. Comprovativos de rendimentos:  - Últimos 3 recibos de vencimento - Declaração de IRS/ Modelo 3 e respetiva nota de liquidação - Declaração da entidade empregadora que confirme o vínculo contratual e o rendimento mensal. - Para trabalhadores independentes: Declaração de início de atividade e recibos verdes recentes 3. Comprovativo de morada atual: - Fatura da eletricidade, água ou telecomunicações 4. Fiador:  Documento de identificação Últimos recibos de vencimento Declaração de IRS e nota de liquidação. 5: Pagamentos Renda mensal: 1900€ Pagamento de duas rendas adiantadas e duas rendas de caução.  Contacte-me para mais informações e agende a sua visita! Profissionais do setor imobiliário: Na Keller Williams Portugal acreditamos na partilha (50/50) como uma forma de prestar o melhor serviço aos nossos clientes. Se é profissional do setor com licença AMI válida e tem um cliente arrendatário bem qualificado, contacte-me e agende a sua visita.",True,good,False,,,22.0,{},{'typology': 'flat'},"{'subtitle': 'Santa Maria Maior, Lisboa', 'title': 'Apartamento na rua dos Douradores s/n'}",False,False,False,False,{},[],False,False,,
34117083,https://img4.idealista.pt/blur/480_360_mq/0/id.pro.pt.image.master/c5/fd/21/281207939.webp,,26,1,1550.0,"{'price': {'amount': 1550.0, 'currencySuffix': '€/mês'}}",flat,rent,100.0,1,2,rua Arnaldo Ferreira,Lisboa,Lumiar,Alto do Lumiar - Quinta das Conchas - Quinta do Lambert,pt,38.7706818,-9.1556386,False,https://www.idealista.pt/imovel/34117083/,"Descrição: Apartamento T1 para Arrendamento no Lumiar-QUINTA DAS CONCHAS. Excelente oportunidade de arrendamento!  Este apartamento T1 está localizado na tranquila e procurada zona do Lumiar, em Lisboa, oferecendo conforto e comodidade a quem procura viver em uma área residencial bem servida de transportes, serviços e comércio. Características do Imóvel: Tipo: Apartamento T1. Cozinha equipada: Com eletrodomésticos (fogão, forno, exaustor, frigorífico, etc. ) Sala ampla e luminosa: Com acesso direto à varanda, proporcionando uma excelente vista e luz natural durante todo o dia. Quarto; Com roupeiro embutido, ideal para garantir mais espaço e organização. Casa de banho: 2 casa de banho sendo uma social e uma suíte completa com duche, banheira e acabamentos de qualidade. Varanda: Um ótimo espaço exterior para relaxar ou aproveitar momentos de lazer. Arrecadação: Para maior arrumação. Garagem: Com dois lugares de Garagem. Outras Características: Pisos em madeira de alta qualidade.  Dentro de um excelente e aconchegante Condominio. Excelente exposição solar, o que confere ao apartamento uma sensação de amplitude e luminosidade. Prédio com elevador e boas condições de segurança. Segurança 24 horas. Localização: O Lumiar é uma das zonas mais tranquilas de Lisboa, com excelente acessibilidade aos principais pontos da cidade.  A proximidade com transportes públicos, como a estação de metro do Lumiar e várias paragens de autocarro, garante facilidade de deslocação.  Também encontrará escolas, supermercados, centros comerciais, cafés e outros serviços essenciais nas imediações. Este apartamento é perfeito para uma pessoa ou casal que procure uma habitação confortável, prática e bem localizada em Lisboa. Agende sua visita!",False,good,False,True,"{'hasParkingSpace': True, 'isParkingSpaceIncludedInPrice': True}",16.0,{},{'typology': 'flat'},"{'subtitle': 'Lumiar, Lisboa', 'title': 'Apartamento na rua Arnaldo Ferreira'}",True,False,False,False,{},[],False,False,,
34117045,https://img4.idealista.pt/blur/480_360_mq/0/id.pro.pt.image.master/a4/9c/cc/281207792.webp,KWPT-013047,13,2,1800.0,"{'price': {'amount': 1800.0, 'currencySuffix': '€/mês'}}",flat,rent,86.0,2,1,rua de São Bento,Lisboa,Estrela,Lapa,pt,38.712746,-9.1532913,False,https://www.idealista.pt/imovel/34117045/,"Inicio contrato 01 de Junho de 2025 Localizado em zona prime de Lisboa, na freguesia da Estrela inserido no tradicional bairro da Lapa precisamente na Rua de São Bento a poucos passos da Assembleia da República e a cinco minutos a pé do Largo do Rato e da Estação Rato do metro com a linha amarela, este ótimo T2 mobilado com cozinha equipada em prédio de placa com 2 elevadores, dispõe ainda de dois lugares de estacionamento. Na sua zona envolvente possui todo tipo de comércios e serviços e ainda transportes públicos em frente ao edifício. Suas características e comodidade, como elevadores e duas vagas de garagem, unidas a excelente localização, torna este um apartamento único. Agende já a sua visita. Condições exigidas pelo proprietário: - 2 Rendas - 1 Caução - DURAÇÃO DO CONTRATO MÍNIMO 2 ANOS Contate-me para mais informações e agendar visita! Na KW Portugal acreditamos na partilha (50% - 50%) como uma forma de prestar o melhor serviço ao cliente e por isso se é profissional do sector e tem um cliente comprador qualificado, contate-nos e agende a sua visita!  .",True,good,False,True,"{'hasParkingSpace': True, 'isParkingSpaceIncludedInPrice': True}",21.0,{},{'typology': 'flat'},"{'subtitle': 'Estrela, Lisboa', 'title': 'Apartamento na rua de São Bento'}",True,False,False,False,{},[],False,False,,
34116699,https://img4.idealista.pt/blur/480_360_mq/0/id.pro.pt.image.master/ba/9f/6f/281190415.webp,W-02YEYK,27,,7000.0,"{'price': {'amount': 7000.0, 'currencySuffix': '€/mês'}}",flat,rent,299.0,4,2,Av. da Liberdade - Marquês de Pombal,Lisboa,Santo António,Av. da Liberdade - Marquês de Pombal,pt,38.723307,-9.1533314,False,https://www.idealista.pt/imovel/34116699/,"Apartamento T3 para alugar situado num condomínio de luxo numa das localizações mais exclusivas da cidade. Este luxuoso apartamento de três quartos oferece o mais alto padrão de vida. Situado no coração da cidade, o condomínio oferece fácil acesso a várias comodidades, tais como restaurantes, lojas, transportes públicos e muito mais. situado numa atmosfera pacífica e serena. Este apartamento encanta pelos seus espaços amplos e bem planeados. Um amplo hall de entrada, uma sala de estar com duas áreas que oferece conforto e elegância, tornando-se o local perfeito para receber amigos e desfrutar de momentos de descontração com a família. Possui duas amplas suites, proporcionando privacidade e conforto aos moradores, bem como três luxuosas casas de banho, com acabamentos de alta qualidade e design moderno. Os ambientes foram cuidadosamente projetados para trazer elegância e funcionalidade. Esta propriedade é a opção perfeita para quem procura viver em grande estilo num ambiente tranquilo e seguro com o seu próprio jardim privado Com a sua localização única, comodidades excepcionais e elevada qualidade, este apartamento T3 é uma oportunidade imperdível para quem valoriza a qualidade de vida e o conforto.  Categoria Energética: A+  ref: W-02YEYK.",False,good,False,True,"{'hasParkingSpace': True, 'isParkingSpaceIncludedInPrice': True}",23.0,{},{'typology': 'flat'},"{'subtitle': 'Santo António, Lisboa', 'title': 'Apartamento'}",False,False,False,False,{},[],False,False,,
34116324,https://img4.idealista.pt/blur/480_360_mq/0/id.pro.pt.image.master/93/a3/7f/281183959.webp,85777363,19,1,3500.0,"{'price': {'amount': 3500.0, 'currencySuffix': '€/mês'}}",flat,rent,122.0,2,2,Alto de Alcântara,Lisboa,Alcântara,Alto de Alcântara,pt,38.7002432,-9.187853,False,https://www.idealista.pt/imovel/34116324/,"Apartamento com 2 quartos, em condomínio fechado com piscina comum em Alcântara, Lisboa. A sala tem acesso direto ao terraço privado, com cerca de 50m², a cozinha está equipada e um dos quartos é em suite. Está muito bem localizado, a poucos minutos do rio Tejo, numa zona com grande oferta de comércio e serviços. Dispõe ainda de 3 lugares de estacionamento. O apartamento é arrendado sem mobília. Área útil: 104 m2 | Licença 354/UT-CML/2018.",False,good,False,True,"{'hasParkingSpace': True, 'isParkingSpaceIncludedInPrice': True}",29.0,{},{'typology': 'flat'},"{'subtitle': 'Alcântara, Lisboa', 'title': 'Apartamento'}",False,False,False,False,{},[],False,False,,
32577369,https://img4.idealista.pt/blur/480_360_mq/0/id.pro.pt.image.master/12/5d/e0/185448216.webp,,20,1,3500.0,"{'price': {'amount': 3500.0, 'currencySuffix': '€/mês'}}",flat,rent,116.0,2,1,rua Cecílio de Sousa,Lisboa,Misericórdia,Príncipe Real - São Bento,pt,38.7154555,-9.1512826,False,https://www.idealista.pt/imovel/32577369/,"Apartamento de esquina no centro do Príncipe Real com 15 janelas e orientação solar sul o que lhe confere uma luminosidade única.  O apartamento está inserido num prédio datado de 1893, com apenas 5 apartamentos, e foi renovado de modo a preservar as características arquitectónicas da época como os tectos altos e trabalhados, o chão de madeira e a parede de pedra. Esta unidade T2 tem um total de 116m2 que se divide da seguinte forma: hall de entrada que leva a uma zona de recepção, seguida da sala de jantar com uma pequena cozinha totalmente equipada. No outro lado, há uma sala de estar, uma casa-de-banho com chuveiro e banheira, um quarto com armários embutidos e um quarto principal com um walking closet e uma varanda.  O apartamento tem incluído um lugar de estacionamento localizado a 4 minutos, a pé, e pelo valor mensal de 135€. Em termos de localização, o Príncipe Real é uma das mais nobres zonas da cidade de Lisboa com uma oferta interessante de restaurantes tendência, coffee houses, concept stores e galerias de arte, Existem, também, vários jardins perto e uma boa rede de transportes.",True,good,False,False,"{'hasParkingSpace': True, 'isParkingSpaceIncludedInPrice': False, 'parkingSpacePrice': 135.0}",30.0,{},{'typology': 'flat'},"{'subtitle': 'Misericórdia, Lisboa', 'title': 'Apartamento na rua Cecílio de Sousa'}",True,False,False,False,{},[],False,False,,
34076050,https://img4.idealista.pt/blur/480_360_mq/0/id.pro.pt.image.master/8e/d9/80/279426213.webp,158495_050325,56,,3691.0,"{'price': {'amount': 3691.0, 'currencySuffix': '€/mês'}}",flat,rent,181.0,3,2,rua Dom Luís I,Lisboa,Misericórdia,Cais do Sodré - Santos,pt,38.7076111,-9.1484822,False,https://www.idealista.pt/imovel/34076050/,"Disponível em: 13/06/2025.  Reserve em linha clicando abaixo do mapa em ""Link adicional"".  ************* COMO É QUE FUNCIONA O SPACEST.COM? Spacest.com é uma plataforma online para alugueres de médio-longo prazo que foi criada como garantia para o arrendatário: verificamos todos os apartamentos e as fotos são recentes e fiáveis para que possa reservar online com paz de espírito para evitar que alguém o faça antes de si.  Para reservar online, siga o link no fundo da página (abaixo do mapa) e clique em ""alugar agora"". Se precisar de assistência, por favor contacte-nos e nós ajudá-lo-emos. Custos de abertura do contrato:  NOT INCLUDED IN PRICE: Cleaning Fee(NOT OPTIONAL, NOT REFUNDABLE): 190 (FlatPerStay - a fixed value will be added once per whole stay)    Cleaning fee: 190 PT Localizado na zona cosmopolita de Santos, a poucos minutos do centro da cidade, o apartamento, com capacidade para 6 pessoas, equipado com eletrodomésticos de qualidade e concebido com uma mistura de mobiliário clássico e decoração moderna, onde todas as divisões estão ligadas por uma varanda que proporciona um ambiente harmonioso. É necessário assinar um CONTRATO DE ARRENDAMENTO após a reserva deste apartamento e pagar um DEPÓSITO DE SEGURANÇA. Nota: O aluguer mensal inclui todas as despesas Este belo apartamento tem materiais nobres e está totalmente equipado para satisfazer todas as suas necessidades. O apartamento é composto por: QUARTO - Três belos quartos com camas queen size em cada um, 2 almofadas grandes, roupa de cama confortável e de qualidade, e acesso à varanda que permite uma fantástica luz natural. Um dos quartos tem uma casa de banho privativa. CASA DE BANHO - Duas casas de banho elegantes equipadas com um chuveiro, um espelho grande e uma sanita. Um secador de cabelo, toalhas, papel higiénico, champô, amaciador e sabonete para as mãos são fornecidos para sua conveniência! Existe também uma casa de banho de serviço, apenas com sanita e lavatório. ESPAÇO DE ESTAR A espaçosa sala de estar é um ambiente acolhedor e elegante, concebido para oferecer conforto e funcionalidade. As paredes são pintadas em tons suaves, criando uma atmosfera relaxante e convidativa. No centro da sala, destaca-se uma elegante mesa de jantar, com capacidade para acomodar confortavelmente seis pessoas. A mesa é feita de madeira de alta qualidade, dando um toque de sofisticação ao espaço. Decorado com almofadas elegantes, o sofá é o local ideal para relaxar e conviver.  Na parede em frente ao sofá, encontra-se um moderno televisor de ecrã plano. A área é mantida à temperatura desejada por um eficiente sistema de ar condicionado, garantindo conforto durante todas as estações. Grandes janelas envidraçadas proporcionam uma abundância de luz natural durante o dia e oferecem acesso direto a uma espaçosa varanda. COZINHA - Uma cozinha totalmente equipada com todos os electrodomésticos de que possa necessitar durante a sua estadia, como fogão, forno, micro-ondas, frigorífico e congelador, máquina de café, torradeira, máquina de lavar louça, máquina de lavar roupa e muito mais! TERRAÇO - No topo do edifício, encontrará um terraço comum, onde poderá desfrutar de uma vista panorâmica sobre a cidade. GINÁSIO - Pode usufruir do pequeno ginásio comum presente no edifício. ESTACIONAMENTO - Terá à sua disposição um lugar de garagem (recomendada para carros pequenos). Reserve já e faça deste lindo apartamento a sua nova casa longe de casa! Temos a certeza de que a sua estadia será memorável! EN Located in the cosmopolitan area of Santos, a few minutes from downtown, the apartment, with the capacity to accommodate up to 6 people, is equipped with top-quality appliances and is designed with a mixture of classic furniture and modern decoration, where every room is connected by a balcony that provides a harmonious and an elegan.",False,good,False,False,,20.0,{},{'typology': 'flat'},"{'subtitle': 'Misericórdia, Lisboa', 'title': 'Apartamento na rua Dom Luís i'}",False,False,False,False,{},[],False,False,,
34089065,https://img4.idealista.pt/blur/480_360_mq/0/id.pro.pt.image.master/59/d8/03/280048512.webp,179569_190325,26,2,1600.0,"{'price': {'amount': 1600.0, 'currencySuffix': '€/mês'}}",flat,rent,60.0,1,1,rua do Cardal de São José,Lisboa,Santo António,Campo de Santana - Santa Marta,pt,38.7199739,-9.1440813,False,https://www.idealista.pt/imovel/34089065/,"Disponível em: 19/06/2025.  Reserve em linha clicando abaixo do mapa em ""Link adicional"".  ************* COMO É QUE FUNCIONA O SPACEST. COM? Spacest. com é uma plataforma online para alugueres de médio-longo prazo que foi criada como garantia para o arrendatário: verificamos todos os apartamentos e as fotos são recentes e fiáveis para que possa reservar online com paz de espírito para evitar que alguém o faça antes de si.  Para reservar online, siga o link no fundo da página (abaixo do mapa) e clique em ""alugar agora"". Se precisar de assistência, por favor contacte-nos e nós ajudá-lo-emos. Custos de abertura do contrato:  The amount paid is used to cover costs such as registration of the contract and cleaning service. - For reservations from August to October: 40% of the rent - For reservations all other months: €100 - Re-book fee: €100 *Before your stay, you'll be asked to make the final payment for the last month's rent, deposit, and entry fee (if applicable) Custos de encerramento do contrato:  Located in Avenida, this home offers easy access to metro Avenida (blue line) and bus stops. Pharmacies, supermarkets are conveniently located nearby, making everyday life more convenient. The furnished 1-bedroom apartment is spacious and well equipped. The kitchen has all the necessary appliances and utensils for cooking meals. The property is located in a second floor without elevator.  How does our Reservation Process work: Once your room is booked here, you will receive an email from the landlord requesting the necessary documents to prepare the contract. You must then proceed with paying the last rent, deposit and entry fee directly to the landlord. Your check-in is authorized ONLY 24h after this payment is confirmed in our bank account and the contract is signed. Our check-ins are from Monday to Saturday from 4pm until 7:30pm. No check-ins on Sundays and bank holidays.",False,good,False,False,,27.0,{},{'typology': 'flat'},"{'subtitle': 'Santo António, Lisboa', 'title': 'Apartamento na rua do Cardal de São José'}",False,False,False,False,{},[],False,False,,
34116407,https://img4.idealista.pt/blur/480_360_mq/0/id.pro.pt.image.master/68/47/19/281181997.webp,183991_010425,9,3,2050.0,"{'price': {'amount': 2050.0, 'currencySuffix': '€/mês'}}",flat,rent,50.0,1,1,rua Pereira e Sousa,Lisboa,Campo de Ourique,Centro,pt,38.7203182,-9.1658851,False,https://www.idealista.pt/imovel/34116407/,"Disponível em: 10/04/2025.  Reserve em linha clicando abaixo do mapa em ""Link adicional"".  ************* COMO É QUE FUNCIONA O SPACEST. COM? Spacest. com é uma plataforma online para alugueres de médio-longo prazo que foi criada como garantia para o arrendatário: verificamos todos os apartamentos e as fotos são recentes e fiáveis para que possa reservar online com paz de espírito para evitar que alguém o faça antes de si.  Para reservar online, siga o link no fundo da página (abaixo do mapa) e clique em ""alugar agora"". Se precisar de assistência, por favor contacte-nos e nós ajudá-lo-emos. EN The apartment has a total area of 50 square meters. A minimum stay of 1 month is required.  You can book directly online. Expenses are included in the rent. Experience the charm of Lisbon from our stylish, centrally-located apartment.  Nestled in a peaceful yet vibrant neighborhood, our modern and well-designed home offers the perfect blend of comfort and convenience.  Ideal for remote work or exploring the city, the apartment features air conditioning and easy access with two elevators.  Enjoy top attractions, dining, and shopping nearby. Make this your cozy retreat and feel right at home.  We look forward to hosting you! PT O apartamento tem uma área total de 50 metros quadrados. É necessário um período mínimo de permanência de 1 mês.  É possível reservar diretamente online. As despesas estão incluídas no valor da renda. Experimente o encanto de Lisboa a partir do nosso apartamento elegante e com uma localização central.  Situado num bairro tranquilo mas vibrante, a nossa casa moderna e bem concebida oferece a combinação perfeita de conforto e conveniência.  Ideal para trabalhar à distância ou explorar a cidade, o apartamento dispõe de ar condicionado e de fácil acesso com dois elevadores.  Desfrute das principais atracções, restaurantes e lojas nas proximidades. Faça deste o seu retiro acolhedor e sinta-se em casa.  Estamos ansiosos por o receber!",False,good,False,True,,41.0,{},{'typology': 'flat'},"{'subtitle': 'Campo de Ourique, Lisboa', 'title': 'Apartamento na rua Pereira e Sousa'}",False,False,False,False,{},[],False,False,,
34116242,https://img4.idealista.pt/blur/480_360_mq/0/id.pro.pt.image.master/79/f9/f7/281176992.webp,RB001826,33,4,2000.0,"{'price': {'amount': 2000.0, 'currencySuffix': '€/mês'}}",flat,rent,150.0,2,2,Príncipe Real - São Bento,Lisboa,Misericórdia,Príncipe Real - São Bento,pt,38.7141018,-9.1487432,False,https://www.idealista.pt/imovel/34116242/,"T2+1 no Chiado - coração de Lisboa  Apartamento não mobilado, Penthouse no quarto e último andar de prédio com elevador. Excelente exposição solar Nascente e Poente - Sul e Norte, com muita luz natural.  Há sempre uma janela com luz e vista orientada para todos os quadrantes. Vista de rio e vista de cidade. - 2 Quartos, um deles em Suite 17,5m3 + 15,5m2  - Sala 60m2 com zona de sala de jantar e escritório - Cozinha semi-equipada 14,5m2 - 2 casas de banho (uma na suite) - Zona de arrumos Vidros duplos, janelas oscilo-batentes, . Na melhor zona do Chiado, numa rua muito calma e tranquila, Rua da Emenda. Zona de comércio tradicional, restaurantes, transportes e metro Baixa/Chiado. A minutos da estação do Cais do Sodré, linha para Cascais, e da Estação do Rossio, linha para Sintra. Este imóvel RB001826 outros no site RB Real Estate. PT  Categoria Energética: E  ref: RB001826.",False,good,False,True,,13.0,{},{'typology': 'flat'},"{'subtitle': 'Misericórdia, Lisboa', 'title': 'Apartamento'}",False,False,False,False,{},[],False,False,,
34115911,https://img4.idealista.pt/blur/480_360_mq/0/id.pro.pt.image.master/43/9b/b5/281166895.webp,LIL052-2025,25,2,2150.0,"{'price': {'amount': 2150.0, 'currencySuffix': '€/mês'}}",flat,rent,130.0,4,1,largo da Graça,Lisboa,São Vicente,Graça,pt,38.7182204,-9.1304271,False,https://www.idealista.pt/imovel/34115911/,"Apartamento T3+1 em segundo andar de edifício sem elevador, com localização privilegiada no fantástico Largo da Graça, junto ao miradouro e ao jardim. Luminosidade e espaço fora do comum para esta zona da Cidade. Constituído por cozinha totalmente equipada, sala de estar e sala de jantar, quatro quartos, casa de banho e despensa. Com pé direito de 3,5 metros e tectos originais trabalhados, dispõe ainda de caixilharia com vidros duplo optimizada para o melhor conforto térmico e acústico. Com todo o tipo de comércio, serviços, instituições e transportes públicos em redor, tais como supermercados, restaurantes, farmácia, jardins, escolas, autocarros, eléctrico, entre muitos outros pontos de interesse.",False,good,False,False,,17.0,{},{'typology': 'flat'},"{'subtitle': 'São Vicente, Lisboa', 'title': 'Apartamento no largo da Graça'}",False,False,False,False,{},[],False,False,,
34115885,https://img4.idealista.pt/blur/480_360_mq/0/id.pro.pt.image.master/ac/5d/27/281166016.webp,LIL004g-2025,33,3,1500.0,"{'price': {'amount': 1500.0, 'currencySuffix': '€/mês'}}",flat,rent,60.0,1,1,praça das Flores,Lisboa,Misericórdia,Príncipe Real - São Bento,pt,38.7142303,-9.1529572,False,https://www.idealista.pt/imovel/34115885/,"Apartamento T1, totalmente mobilado e equipado, em terceiro andar de prédio sem elevador com localização privilegiada numa das mais exclusivas zonas da Cidade, a magnífica Praça das Flores. Constituído por cozinha equipada, sala ampla com zona de jantar e sofá-cama, quarto com varanda espaçosa e aberta para a rua e wc. Dispõe de ar condicionado e caixilharia de corte térmico e acústico com vidros duplos para melhor conforto. Com todo o tipo de comércio, serviços, instituições e transportes públicos, tais como restaurantes, supermercados, farmácia, jardins, autocarros, eléctrico, entre muitos outros pontos de interesse.",True,good,False,False,,25.0,{},{'typology': 'flat'},"{'subtitle': 'Misericórdia, Lisboa', 'title': 'Apartamento na praça das Flores'}",False,False,False,False,{},[],False,False,,
28557245,https://img4.idealista.pt/blur/480_360_mq/0/id.pro.pt.image.master/c6/ee/2d/72363975.webp,APA_AJUDA,23,2,1150.0,"{'price': {'amount': 1150.0, 'currencySuffix': '€/mês'}}",flat,rent,60.0,2,1,Calçada Do Mirante Á Ajuda,Lisboa,Ajuda,Alto da Ajuda,pt,38.7102988,-9.1971301,False,https://www.idealista.pt/imovel/28557245/,Disponível em julho. Apartamento totalmente renovado com cozinha equipada. Localização tranquila e aprazível. Envolvência do Parque florestal do Monsanto e Palácio da Ajuda. A 10 minutos do centro da cidade e Zona Ribeirinha Belém. Mobilidade muito fácil para dentro e fora da cidade. norte e Sul do País. Disponível a 1 de abril 2020.,False,good,False,False,,19.0,{},{'typology': 'flat'},"{'subtitle': 'Ajuda, Lisboa', 'title': 'Apartamento em Calçada Do Mirante Á Ajuda'}",False,False,False,False,{},[],False,False,,
34115882,https://img4.idealista.pt/blur/480_360_mq/180/id.pro.pt.image.master/41/e1/87/281165735.webp,,12,2,1200.0,"{'price': {'amount': 1200.0, 'currencySuffix': '€/mês'}}",flat,rent,90.0,2,1,"rua António Feijó, 2",Lisboa,São Domingos de Benfica,Estrada de Benfica,pt,38.7455727,-9.178472,True,https://www.idealista.pt/imovel/34115882/,Benfica próximo do Metro  2º andar sem elevador Próximo de escolas Necessário fiador  Pagamento de 2 meses de renda + 2 meses de caução.,False,good,False,False,,13.0,{},{'typology': 'flat'},"{'subtitle': 'São Domingos de Benfica, Lisboa', 'title': 'Apartamento na rua António Feijó, 2'}",False,False,False,False,{},[],False,False,,
32309798,https://img4.idealista.pt/blur/480_360_mq/0/id.pro.pt.image.master/07/e6/28/199182234.webp,PS1AJ,13,bj,1100.0,"{'price': {'amount': 1100.0, 'currencySuffix': '€/mês'}}",flat,rent,30.0,1,1,rua do laranjal,Lisboa,Ajuda,Calçada da Ajuda - Belém,pt,38.7067882,-9.1990981,False,https://www.idealista.pt/imovel/32309798/,"AVAILABLE JUNE 1st Recently renovated 30sqm mezzanine studio fully furnished! Residential and quiet environment in Belem near Largo da Paz. In the heart of Ajuda near restaurants and the Estufa Real botanical gardens. Equipped with a washing machine, microwave, fridge, coffee machine, toaster, and a fast wifi. Please contact us through message on idealista only, thank you.",False,good,False,False,,37.0,{},{'typology': 'flat'},"{'subtitle': 'Ajuda, Lisboa', 'title': 'Apartamento na rua do laranjal'}",False,False,False,False,{},[],False,False,,
34115873,https://img4.idealista.pt/blur/480_360_mq/0/id.pro.pt.image.master/aa/b0/7e/281164284.webp,PD55,21,,1350.0,"{'price': {'amount': 1350.0, 'currencySuffix': '€/mês'}}",flat,rent,55.0,2,2,Estefânia,Lisboa,Arroios,São Jorge de Arroios,pt,38.7349907,-9.137278,False,https://www.idealista.pt/imovel/34115873/,"Este apartamento T2 foi recentemente remodelado e apresenta um ambiente moderno, confortável e funcional. Com dois quartos, um deles em suite, e duas casas de banho completas, oferece uma solução prática para quem valoriza localização central e comodidade.  Totalmente mobilado e com cozinha equipada, está pronto a habitar. A sua localização estratégica permite acesso rápido ao metro (5 minutos a pé) e ao centro do Saldanha (7 minutos a pé), tornando-o ideal tanto para viver como para investir.  Principais características:  - Dois quartos, sendo um em suite.  - Duas casas de banho completas.  - Totalmente mobilado e equipado.  - Remodelação recente com acabamentos modernos.  - Localização central e bem conectada.  Localização:  - A 5 minutos a pé do metro.  - A 7 minutos a pé da zona do Saldanha.  - Próximo de comércio, serviços e transportes.  Condições iniciais:  - Pagamento de duas rendas (primeira e última) mais uma caução no valor de uma renda.  Uma excelente oportunidade para viver com conforto e acessibilidade no centro de Lisboa. Marque já a sua visita.",False,good,False,False,,25.0,{},{'typology': 'flat'},"{'subtitle': 'Estefânia, Lisboa', 'title': 'Apartamento'}",False,False,False,False,{},[],False,False,Estefânia,
34115666,https://img4.idealista.pt/blur/480_360_mq/0/id.pro.pt.image.master/a1/cc/d8/281153033.webp,123211330-43,19,2,1150.0,"{'price': {'amount': 1150.0, 'currencySuffix': '€/mês'}}",flat,rent,35.0,1,1,rua da Regueira,Lisboa,Santa Maria Maior,Alfama,pt,38.7105141,-9.1279096,False,https://www.idealista.pt/imovel/34115666/,"Apartamento T1 para arrendamento em AlfamaApartamento em Alfama, com: 1 divisão que pode ser hall ou sala, 1 quarto, 1 divisão que pode ser 1 quarto ou sala, wc, cozinha open-space. Termos de Arrendamento: É necessário 1 renda de entrada, uma caução no valor de 2 rendas. É necessario comprovativos de rendimentos.    Licença de Utilização - Isento (anterior a 1951).",False,renew,False,False,,33.0,{},{'typology': 'flat'},"{'subtitle': 'Santa Maria Maior, Lisboa', 'title': 'Apartamento na rua da Regueira'}",False,False,False,False,{},[],False,False,,
34115670,https://img4.idealista.pt/blur/480_360_mq/0/id.pro.pt.image.master/c8/98/4c/281152868.webp,120991303-282,11,bj,1200.0,"{'price': {'amount': 1200.0, 'currencySuffix': '€/mês'}}",flat,rent,42.0,1,1,rua de Santa Engrácia,Lisboa,São Vicente,Graça,pt,38.7171282,-9.1241722,False,https://www.idealista.pt/imovel/34115670/,"Apartamento T1 muito bem localizado e perto de todo o tipo de serviços e transportes. Excelentes áreas, com logradouro nas traseiras. Remodelação total acabada de fazer. Cozinha equipada.   O proprietário pretende um contrato de três anos COM RENDA ACTUALIZADADE ACORDO COM INDICE INE.   Duas rendas de avanço + 1 Caução. Fiador.   Informação financeira do Arrendatário e do Fiador. IRS 2023 + 3 últimos recibos de ordenado.   Isento de licença de utilização (imóvel inscrito na matriz anteriormente a 1951).   ********************************************************************************** One bedroom apartment is very well located and close to all types of services and transport. Excellent areas, with a “patio”. Completely renovated. Equipped kitchen.   The owner wants a three-year contract WITH UPDATED RENT IN ACCORDANCE WITH THE INE INDEX.   Two advance payments + 1 Security deposit. Guarantor.   Tenant and Guarantor's financial information. IRS 2023 + 3 most recent paychecks.   Exempt from a Usage License (property registered in the register before 1951).   ********************************************************************************** Appartement 1 chambre très bien situé et proche de tous types de services et transports. Excellentes zones, avec patio à l'arrière. Rénovation totale qui vient d'êtreeffectuée. Cuisine équipée.   Le propriétaire souhaite un contrat de trois ans AVEC DES REVENUS ACTUALISÉS SELON L'INDEX INE.   Deux acomptes + 1 dépôt de garantie. Garant.   Informations financières du Locataire et du Garant. IRS 2023 + 3 dernières quittances de salaire.   Exonéré de Permis d'Usage (propriété inscrite dans la matrice avant 1951)   Licença de Utilização -.",False,good,False,False,,29.0,{},{'typology': 'flat'},"{'subtitle': 'São Vicente, Lisboa', 'title': 'Apartamento na rua de Santa Engrácia'}",False,False,False,False,{},[],False,False,,
34115553,https://img4.idealista.pt/blur/480_360_mq/0/id.pro.pt.image.master/dc/5f/04/281151060.webp,0117D/2025,15,,1390.0,"{'price': {'amount': 1390.0, 'currencySuffix': '€/mês'}}",chalet,rent,60.0,1,1,"rua Arco do Carvalhão, 44",Lisboa,Campolide,Centro,pt,38.7242146,-9.1653522,True,https://www.idealista.pt/imovel/34115553/,"Uma casa na cidade encostada a um dos mais emblemáticos monumentos da cidade de Lisboa: o Aqueduto? Sim é possível, e mais, uma casa com dois andares com acabamentos de luxo (portas vidro duplo, ar condicionado no rés de chão, electrodomésticos de qualidade, video porteiro, velux com comando à distância entre outros). Situa-se no conhecido Bairro de Campolide a 10 minutos a pé do Amoreiras Shopping, e com fácil acesso ao centro da cidade por carro, autocarro e também à A5 e margem Sul. Permitido arrendamentos de 1 mês mínimo e longo termos. Este pode ser o seu Lugar ideal em Lisboa! Contacte-nos e visite já!",False,good,False,,,23.0,{},"{'typology': 'chalet', 'subTypology': 'independantHouse'}","{'subtitle': 'Campolide, Lisboa', 'title': 'Moradia independente na rua Arco do Carvalhão, 44'}",False,False,False,False,{},[],False,False,,
34115551,https://img4.idealista.pt/blur/480_360_mq/0/id.pro.pt.image.master/73/14/47/281149866.webp,KWPT-012176,25,,1850.0,"{'price': {'amount': 1850.0, 'currencySuffix': '€/mês'}}",flat,rent,129.0,2,2,rua José Pontes s/n,Lisboa,Lumiar,Telheiras,pt,38.761118,-9.1778486,True,https://www.idealista.pt/imovel/34115551/,"Descubra o seu novo lar em Telheiras! Este apartamento T2, localizado na Rua José Pontes, situa-se num prédio de 1997 com elevador. Com uma disposição funcional, oferece dois quartos espaçosos, sendo um deles suíte, e duas casas de banho completas. A cozinha encontra-se no seu estado original e está equipada para garantir funcionalidade no dia a dia. Além disso, conta com um lugar de garagem, proporcionando mais comodidade e segurança para o seu veículo. Características do apartamento: Não mobilado; Sala de estar ampla e luminosa; Cozinha equipada (de origem – 1997); 2 Quartos espaçosos (1 suíte); 2 Casas de banho completas; Lugar de garagem; Prédio com elevador; Construído em 1997. Viva no coração de Telheiras! Telheiras é um dos bairros mais completos e procurados de Lisboa, ideal para quem valoriza tranquilidade, acessibilidade e uma vasta oferta de serviços. A poucos passos de casa, encontrará supermercados, farmácias, escolas nacionais e internacionais, centros de saúde, cafés, restaurantes e espaços verdes, como o Jardim Professor Francisco Caldeira Cabral. A localização privilegiada permite-lhe chegar ao centro de Lisboa em apenas 10 minutos, graças aos excelentes acessos rodoviários, como a 2ª Circular, o Eixo Norte-Sul e a CRIL. A zona é também bem servida por transportes públicos, com a estação de metro de Telheiras e várias carreiras de autocarros. Não perca esta oportunidade de viver num dos bairros mais desejados da cidade! Para mais informações sobre o arrendamento, entre em contacto connosco. Partilhamos o negócio (50/50) com TODOS os consultores e agências imobiliárias com licença AMI válida para o efeito. Esperamos por si. Obrigado e até breve! Área Bruta Privativa: 129 m2 Área Útil: 92,30 0m2 N. º de Autorização: 158 de 1997/04/29 Licença AMI n. º: 7183 Licença de utilização: 158.",False,good,False,,,14.0,{},{'typology': 'flat'},"{'subtitle': 'Lumiar, Lisboa', 'title': 'Apartamento na rua José Pontes s/n'}",False,False,False,False,{},[],False,False,,
34115544,https://img4.idealista.pt/blur/480_360_mq/0/id.pro.pt.image.master/51/19/bc/281149687.webp,C0364-03952,27,2,1950.0,"{'price': {'amount': 1950.0, 'currencySuffix': '€/mês'}}",flat,rent,90.0,2,1,rua de Santo Amaro s/n,Lisboa,Campo de Ourique,Largo do Rato - Estrela,pt,38.714917,-9.1549571,True,https://www.idealista.pt/imovel/34115544/,"Este acolhedor apartamento, localizado no 2º andar no prédio sem elevador.  É composto por dois quartos, um com cama de casal e outro com cama de solteiro, ambos com roupeiros embutidos. A sala é luminosa, dispõe de uma marquise fechada e tem acesso a um terraço acolhedor com uma vista agradável. A cozinha está totalmente equipada com frigorífico, forno, micro-ondas, máquina de lavar loiça, máquina de lavar roupa, pequenos eletrodomésticos, loiças. A casa de banho conta com poliban. Embora o apartamento não tenha ar condicionado nem aquecimento central, possui aquecedores elétricos instalados nas paredes. O espaço está pronto a habitar e é arrendado mobilado.  Situa-se numa localização privilegiada, a apenas 50 metros da famosa Rua de São Bento. O apartamento está a 10 minutos a pé da estação de metro do Rato (linha amarela), a 15 minutos da estação de comboios de Santos (linha Lisboa-Cascais) e próximo de uma paragem de autocarros com várias ligações. Nas redondezas, encontrará o Jardim e a Basílica da Estrela a apenas 5 minutos a pé, além de diversos restaurantes, bares e infraestruturas. Para quem aprecia a vida noturna, algumas das melhores zonas de Lisboa estão a 15-20 minutos a pé.  Para agendar uma visita, envie mensagem para o WhatsAppindicando a composição da sua família, vínculo profissional, rendimento mensal e o período de arrendamento pretendido.  Não perca esta oportunidade de viver numa das zonas mais centrais e vibrantes de Lisboa! ._________________________________________________________________________________________________________________________ Квартира в аренду с возможностью быстрого заезда. Здание 30-х годов, в нем нет лифта. Расположен в 50 метрах от знаменитой улицы Руа-де-Сан-Бенту, в 10 минутах ходьбы от станции метро Rato (желтая линия), в 15 минутах ходьбы от железнодорожного вокзала Сантуш (линия поездов между Лиссабоном и Кашкайшем), в нескольких минутах от автобусних остановки. станция с несколькими направлениями. Квартира находится на 2-м этаже, имеет полезную площадь 60м2 и состоит из двух спален, гостиной с закрытым солярием и балконом, кухни и ванной комнаты. В одной из комнат двуспальная кровать, в другой односпальная. Комнаты не большие, но уютные, со встроенными шкафами. Гостиная очень светлая и имеет закрытую веранду наверху с выходом на уютную террасу с приятным видом. Ванная комната с душем. Квартира в хорошем состоянии. В нем нет ни кондиционера, ни центрального отопления, но на стенах установлены электрические отопительные приборы. Квартира полностью готова к немедленному въезду, меблирована и имеет оборудованную кухню с холодильником, духовкой, микроволновой печью, посудомоечной машиной, включая мелкую бытовую технику, посуду и т.д. Также есть стиральная машина. Все виды инфраструктуры с пешеходной доступностью. Рядом с различными ресторанами и барами, в 15-20 минутах от лучших ночны.",False,good,False,False,,22.0,{},{'typology': 'flat'},"{'subtitle': 'Campo de Ourique, Lisboa', 'title': 'Apartamento na rua de Santo Amaro s/n'}",False,False,False,False,{},[],False,False,,
34115480,https://img4.idealista.pt/blur/480_360_mq/0/id.pro.pt.image.master/28/a4/b7/281146372.webp,125211053-41,29,2,1900.0,"{'price': {'amount': 1900.0, 'currencySuffix': '€/mês'}}",flat,rent,101.0,2,2,rua Bartolomeu Dias,Lisboa,Belém,Torre de Belém,pt,38.6970674,-9.2138317,False,https://www.idealista.pt/imovel/34115480/," Apartamento T2 em Belém para arrendamento – Localização Privilegiada  Descubra este fantástico apartamento T2 situado em Belém, numa zona tranquila e de fácil acesso. Com áreas generosas, este imóvel oferece o conforto e a comodidade queprocura.   Características: Tipologia: T2 Cozinha totalmente equipada Áreas amplas e bemdistribuídas Lugar de estacionamentoprivativo  Localização e Vantagens: � A poucos passos do supermercado Pingo Doce� Próximo do Colégio do Bom Sucesso� Fácil acesso a ginásios, bancos e restaurantes  Ideal para famílias ou profissionais que procuram viver com conforto numa das zonas mais emblemáticas de Lisboa.   � Para mais informações ou agendar visita, contacte-nos!     Licença de Utilização - 104/UT/2003.",False,good,False,True,"{'hasParkingSpace': True, 'isParkingSpaceIncludedInPrice': True}",19.0,{},{'typology': 'flat'},"{'subtitle': 'Belém, Lisboa', 'title': 'Apartamento na rua Bartolomeu Dias'}",False,False,False,False,{},[],False,False,,
34115430,https://img4.idealista.pt/blur/480_360_mq/0/id.pro.pt.image.master/1c/ff/96/281145581.webp,C0506-00403,14,,1400.0,"{'price': {'amount': 1400.0, 'currencySuffix': '€/mês'}}",flat,rent,64.0,1,1,travessa Atafonas s/n,Lisboa,Estrela,Lapa,pt,38.7051475,-9.1618475,True,https://www.idealista.pt/imovel/34115430/,"O Bairro de Santos o Velho na freguesia da Estrela (mais conhecido pela zona das Janelas Verdes) é actualmente o sítio mais procurado da cidade, e é aqui que encontramos este belíssimo apartamento T1. Encontra neste imóvel uma localização premium tanto para viver, como também para uma oportunidade de rentabilização, se este apartamento é aquilo que procura então esta é a oportunidade certa para si! Características: •Totalmente remodelado - A estrear •Equipado (Exaustor, Placa, Frigorífico, Microondas, Máquina de lavar roupa) •Mobiliado •Cozinha Equipada •R/C •1 Casa de Banho; •Porta Blindada; •Janelas com vidro duplo; •Orientação Poente NOTA: APARTAMENTO FICA COM A MOBÍLIA EXISTENTE E EQUIPADO Requisitos Necessários para o arrendamento com contrato •4 rendas - 2 caução •Contrato de 3 anos ou superior •Fiador •3 últimos recibos de vencimento •Declaração de IRS 2022  Recheado de todo o comércio tradicional nas ruas típicas de Lisboa, a 10 min a pé do Rio Tejo, 10 min a pé da estação de metro do Rossio, 15 min a pé do Miradouro da Graça e muitos mais pontos de interesse! Transportes públicos à porta de casa! Tanto o autocarro como o metro estão a uma distância de poucos minutos à sua disposição. Fáceis acessos às vias municipais circundantes. Marque já uma visita e venha conhecer este apartamento, só tem de vir visitar a loja eu trato de tudo o resto! Dispomos de um serviço inovador - Chave na mão! Temos todos os serviços que precisa para a mudança da nova casa:   •Departamento Jurídico (burocracia); •Departamento Financeiro (viabilização de crédito); •Obras totais e Pequenas remodelações;.",False,good,False,False,,22.0,{},{'typology': 'flat'},"{'subtitle': 'Estrela, Lisboa', 'title': 'Apartamento na travessa Atafonas s/n'}",False,False,False,False,{},[],False,False,,
34115141,https://img4.idealista.pt/blur/480_360_mq/0/id.pro.pt.image.master/42/d9/ca/281137478.webp,,31,2,1900.0,"{'price': {'amount': 1900.0, 'currencySuffix': '€/mês'}}",flat,rent,75.0,1,1,largo Rodrigues de Freitas,Lisboa,Santa Maria Maior,Mouraria - Castelo,pt,38.7129017,-9.1313302,False,https://www.idealista.pt/imovel/34115141/,"**Apartamento T1 para Arrendamento na Graça** Descobre a oportunidade de viver num encantador apartamento T1, localizado junto ao icónico Castelo de São Jorge, na zona da Graça.  Este imóvel, com uma área bruta de 75 m² e 65 m² úteis, apresenta um quarto espaçoso de 17 m² e uma casa de banho com acabamentos de alto padrão.  A sala e a cozinha em open space, com 31 m², são perfeitas para momentos de convívio, equipadas com eletrodomésticos de gama alta que tornam a experiência culinária ainda mais agradável. O apartamento conta com ar condicionado em todas as divisões, garantindo conforto durante todo o ano.  O imóvel encontra-se dentro das barreiras do castelo, o que permite estacionamento fácil e gratuito a residentes. Os roupeiros embutidos oferecem soluções práticas de arrumação, enquanto a orientação sul proporciona luminosidade natural ao espaço. Situado no segundo andar, este imóvel é ideal para quem procura qualidade de vida na capital portuguesa. A localização é simplesmente imbatível! A poucos minutos a pé do Miradouro da Nossa Senhora do Monte e da Graça, assim como da famosa Feira da Ladra, este apartamento oferece acesso fácil a serviços e transportes. Aproveita esta oportunidade única de viver na zona mais charmosa de Lisboa e transforma este espaço no teu novo lar!",False,good,False,False,,25.0,{},{'typology': 'flat'},"{'subtitle': 'Santa Maria Maior, Lisboa', 'title': 'Apartamento no largo Rodrigues de Freitas'}",True,False,False,False,{},[],False,False,,
34115422,https://img4.idealista.pt/blur/480_360_mq/0/id.pro.pt.image.master/67/4b/cf/281145167.webp,742670,11,,2700.0,"{'price': {'amount': 2700.0, 'currencySuffix': '€/mês'}}",flat,rent,65.0,1,1,rua do Olival,Lisboa,Estrela,Lapa,pt,38.7035184,-9.1645851,False,https://www.idealista.pt/imovel/34115422/,"RESERVAS E PEDIDOS DE INFORMAÇÃO Para obter informações detalhadas e reservar online, clique abaixo do mapa em “Link Adicional”. TERMOS E CONDIÇÕES DE ALOJAMENTO: - Data de Disponibilidade: DISPONÍVEL AGORA - Duração Mínima de Aluguer: 30 dias - Número Máximo de Hóspedes: 2 - Todas as Despesas Incluídas: Sim, para mais informações visite o site - Adicional:  - Animais de Estimação Permitido  - Fumadores Não Permitido DETALHES DA PROPRIEDADE Apartamento com 1 quarto  - Localização: Localizado on Lapa em Lisbon com uma variedade de opções de refeições, lojas essenciais e atividades para fazer, com fácil acesso aos transportes públicos. 1 quartos em Apartment com 1 casas de banho. Características  - Televisão por cabo  - Wi-Fi  - Máquina de lavar roupa  - Forno SOBRE A UNIPLACES O Seu Local de Confiança para Encontrar Casa Como uma plataforma online pioneira, a Uniplaces liga indivíduos, sejam estudantes, profissionais ou famílias, a uma variedade de alojamentos para arrendamento. O nosso compromisso vai para além das listagens - verificamos cada propriedade para garantir que cumpre os nossos rigorosos critérios de conforto e conveniência. Escolha a Uniplaces para uma jornada de arrendamento suave, fiável e com uma excelente relação qualidade-preço.",False,good,False,False,,42.0,{},{'typology': 'flat'},"{'subtitle': 'Estrela, Lisboa', 'title': 'Apartamento na rua do Olival'}",False,False,False,False,{},[],False,False,,
34115421,https://img4.idealista.pt/blur/480_360_mq/0/id.pro.pt.image.master/cf/82/4c/281144969.webp,742625,9,,2660.0,"{'price': {'amount': 2660.0, 'currencySuffix': '€/mês'}}",flat,rent,45.0,1,1,rua do Passadiço,Lisboa,Santo António,Campo de Santana - Santa Marta,pt,38.7217724,-9.1456181,False,https://www.idealista.pt/imovel/34115421/,"RESERVAS E PEDIDOS DE INFORMAÇÃO Para obter informações detalhadas e reservar online, clique abaixo do mapa em “Link Adicional”. TERMOS E CONDIÇÕES DE ALOJAMENTO: - Data de Disponibilidade: 10/06/2025 - Duração Mínima de Aluguer: 28 dias - Número Máximo de Hóspedes: 2 - Todas as Despesas Incluídas: Sim, para mais informações visite o site - Adicional:  - Animais de Estimação Não Permitido  - Fumadores Não Permitido DETALHES DA PROPRIEDADE Apartamento com 1 quarto, com área exterior  - Localização: Localizado on Penha em Lisbon com uma variedade de opções de refeições, lojas essenciais e atividades para fazer, com fácil acesso aos transportes públicos. 1 quartos em Apartment com 1 casas de banho. Características  - Televisão por cabo  - Aquecimento central  - Zona exterior  - Wi-Fi  - Máquina de lavar roupa  - Forno  - Microondas SOBRE A UNIPLACES O Seu Local de Confiança para Encontrar Casa Como uma plataforma online pioneira, a Uniplaces liga indivíduos, sejam estudantes, profissionais ou famílias, a uma variedade de alojamentos para arrendamento. O nosso compromisso vai para além das listagens - verificamos cada propriedade para garantir que cumpre os nossos rigorosos critérios de conforto e conveniência. Escolha a Uniplaces para uma jornada de arrendamento suave, fiável e com uma excelente relação qualidade-preço.",False,good,False,False,,59.0,{},{'typology': 'flat'},"{'subtitle': 'Santo António, Lisboa', 'title': 'Apartamento na rua do Passadiço'}",False,False,False,False,{},[],False,False,,
34115429,https://img4.idealista.pt/blur/480_360_mq/0/id.pro.pt.image.master/f1/25/65/281145051.webp,253876,20,,2650.0,"{'price': {'amount': 2650.0, 'currencySuffix': '€/mês'}}",flat,rent,44.0,1,1,beco do Salvador,Lisboa,São Vicente,São Vicente de Fora,pt,38.7131211,-9.1315666,False,https://www.idealista.pt/imovel/34115429/,"RESERVAS E PEDIDOS DE INFORMAÇÃO Para obter informações detalhadas e reservar online, clique abaixo do mapa em “Link Adicional”. TERMOS E CONDIÇÕES DE ALOJAMENTO: - Data de Disponibilidade: 26/06/2025 - Duração Mínima de Aluguer: 27 dias - Número Máximo de Hóspedes: 4 - Todas as Despesas Incluídas: Sim, para mais informações visite o site - Adicional:  - Animais de Estimação Não Permitido  - Fumadores Não Permitido DETALHES DA PROPRIEDADE AlfamaKey - Yellow Trams  - Descrição da Propriedade na Uniplaces: Os hóspedes são sempre muito bem-vindos aqui. Temos uma preocupação constante com a saúde de todos os nossos funcionários, parceiros e convidados. O apartamento é sempre limpo e desinfetado antes da entrada dos hóspedes. Nossos funcionários usam máscara, luvas e gel desinfetante enquanto limpam e desinfetam o apartamento. Por outro lado, fornecemos um gel desinfetante e todos os produtos de limpeza para todos os nossos hóspedes. Nosso apartamento é ideal para estadias de médio e longo prazo, equipado com - uma Internet WIFI rápida - TV com 150 canais a cabo - totalmente mobiliado - máquina de lavar roupa totalmente equipada, geladeira com freezer, cafeteira, microondas, torradeira, fogão, chaleira, aquecedor de água, secador de cabelo, alisador de cabelo. - todas as roupas, lençóis, travesseiros, toalhas, cobertores, edredons e outros conjuntos para substituir o primeiro. Também oferecemos uma limpeza do apartamento uma vez por mês, o que também inclui a substituição de todas as roupas.  - Localização: Localizado on Alfama em Lisbon com uma variedade de opções de refeições, lojas essenciais e atividades para fazer, com fácil acesso aos transportes públicos. 1 quartos em Apartment com 1 casas de banho. Características  - Wi-Fi  - Televisão por cabo  - Zona exterior  - Toalhas e lençóis  - Forno  - Máquina de lavar roupa SOBRE A UNIPLACES O Seu Local de Confiança para Encontrar Casa Como uma plataforma online pioneira, a Uniplaces liga indivíduos, sejam estudantes, profissionais ou famílias, a uma variedade de alojamentos para arrendamento. O nosso compromisso vai para além das listagens - verificamos cada propriedade para garantir que cumpre os nossos rigorosos critérios de conforto e conveniência. Escolha a Uniplaces para uma jornada de arrendamento suave, fiável e com uma excelente relação qualidade-preço.",False,good,False,False,,60.0,{},{'typology': 'flat'},"{'subtitle': 'São Vicente, Lisboa', 'title': 'Apartamento no beco do Salvador'}",True,False,False,False,{},[],False,False,,
34115420,https://img4.idealista.pt/blur/480_360_mq/0/id.pro.pt.image.master/88/e3/dd/281145031.webp,707658,9,,2650.0,"{'price': {'amount': 2650.0, 'currencySuffix': '€/mês'}}",flat,rent,79.0,3,2,rua Marcos Portugal,Lisboa,Santo António,Príncipe Real,pt,38.7177861,-9.1532701,False,https://www.idealista.pt/imovel/34115420/,"RESERVAS E PEDIDOS DE INFORMAÇÃO Para obter informações detalhadas e reservar online, clique abaixo do mapa em “Link Adicional”. TERMOS E CONDIÇÕES DE ALOJAMENTO: - Data de Disponibilidade: DISPONÍVEL AGORA - Duração Mínima de Aluguer: 30 dias - Número Máximo de Hóspedes: 6 - Todas as Despesas Incluídas: Sim, para mais informações visite o site - Adicional:  - Animais de Estimação Não Permitido  - Fumadores Não Permitido DETALHES DA PROPRIEDADE Apartamento com 3 quartos  - Localização: Localizado on Principe Real em Lisbon com uma variedade de opções de refeições, lojas essenciais e atividades para fazer, com fácil acesso aos transportes públicos. 3 quartos em Apartment com 2 casas de banho. Características  - Wi-Fi  - Toalhas e lençóis  - Forno SOBRE A UNIPLACES O Seu Local de Confiança para Encontrar Casa Como uma plataforma online pioneira, a Uniplaces liga indivíduos, sejam estudantes, profissionais ou famílias, a uma variedade de alojamentos para arrendamento. O nosso compromisso vai para além das listagens - verificamos cada propriedade para garantir que cumpre os nossos rigorosos critérios de conforto e conveniência. Escolha a Uniplaces para uma jornada de arrendamento suave, fiável e com uma excelente relação qualidade-preço.",False,good,False,False,,34.0,{},{'typology': 'flat'},"{'subtitle': 'Santo António, Lisboa', 'title': 'Apartamento na rua Marcos Portugal'}",False,False,False,False,{},[],False,False,,
