propertyCode,thumbnail,externalReference,numPhotos,floor,price,priceInfo,propertyType,operation,size,rooms,bathrooms,address,province,municipality,district,country,latitude,longitude,showAddress,url,description,hasVideo,status,newDevelopment,hasLift,priceByArea,change,detailedType,suggestedTexts,hasPlan,has3DTour,has360,hasStaging,savedAd,notes,topNewDevelopment,topPlus,parkingSpace,neighborhood,highlight
34067360,https://img4.idealista.pt/blur/WEB_LISTING/0/id.pro.pt.image.master/b5/e4/ba/279013060.webp,AP277,22,3,399900.0,"{'price': {'amount': 399900.0, 'currencySuffix': '€'}}",flat,sale,47.0,2,1,rua do Vale de Santo António,Lisboa,São Vicente,São Vicente de Fora,pt,38.7188481,-9.1231868,False,https://www.idealista.pt/imovel/34067360/,"Encantador apartamento T2, situado numa localização central e privilegiada, com uma vista deslumbrante para o rio. Este imóvel, com 47 m² de área bruta, oferece um design moderno e funcional, onde a cozinha e a sala em open space, com 20m², criam um ambiente acolhedor e luminoso.  Os acabamentos contemporâneos, como a caixilharia lacada a branco com vidros duplos e a iluminação LED embutida, conferem um toque de sofisticação e conforto. O prédio foi totalmente recuperado, incluindo telhado, colunas de água, eletricidade e esgotos, garantindo tranquilidade e segurança. A varanda aberta proporciona um espaço perfeito para relaxar enquanto aprecias a vista para o rio. Os quartos são amplos e contam com roupeiros embutidos, enquanto o WC completo está equipado com loiças suspensas e acabamentos modernos. Localizado num bairro familiar e residencial próximo de Santa Apolónia, este apartamento oferece fácil acesso a transportes públicos e está rodeado por novos pontos de comércio e serviços. Com duas frentes e excelente exposição solar, este é o espaço ideal para quem procura qualidade de vida numa zona tranquila e bem servida. Não percas esta oportunidade única de viver num apartamento que combina conforto, modernidade e uma localização invejável!",False,good,False,False,8509.0,{},{'typology': 'flat'},"{'subtitle': 'São Vicente, Lisboa', 'title': 'Apartamento na rua do Vale de Santo António'}",False,False,False,False,{},[],False,False,,,
34067311,https://img4.idealista.pt/blur/WEB_LISTING/0/id.pro.pt.image.master/e3/bf/fa/279009763.webp,123751149-206,21,7,775000.0,"{'price': {'amount': 775000.0, 'currencySuffix': '€'}}",flat,sale,153.0,3,2,rua Professor Carlos Teixeira,Lisboa,Lumiar,Telheiras,pt,38.7612371,-9.1752817,False,https://www.idealista.pt/imovel/34067311/,"Excelente T3 no Parque dos Príncipes, uma das zonas mais valorizadas de Telheiras, conhecido pela sua tranquilidade, espaços verdes e excelente qualidade de vida. Inserido num dos melhores prédios do Parque dos Príncipes, com porteiro, o imóvel destaca-se pela sua ampla sala de 37 m², perfeita para criar diferentes ambientes de convívio e lazer.   Conta com três quartos, um deles em suíte, e uma casa de banho completa de apoio aos dois quartos. A cozinha totalmente equipada e espaçosa, conta ainda com uma pequena varanda.   O apartamento dispõe de ar condicionado e aquecimento central, proporcionando o máximo conforto em todas as estações do ano. Conta ainda com dois lugares de garagem e arrecadação. Possibilidade de adquirir um 3° lugar de parqueamento.    Localizado numa zona de referência, próximo de comércio, serviços, escolas públicas e privadas e com excelentes acessos a transportes públicos e principais vias da cidade, este apartamento é uma excelente oportunidade para quem procura conforto e conveniência. Agende já a sua visita! Excellent 3-Bedroom Apartment in Parque dos Príncipes – One of the best areas to live in, known for its tranquility, green spaces, and quality of life. Located in one of the best buildings in Parque dos Príncipes, with a doorman, this property stands out for its spacious 37 m² living room, perfect for creating different areas for socializing and relaxation. It features three bedrooms, one of which is a suite, plus a full bathroom serving the other two bedrooms. The fully equipped and spacious kitchen also includes a small balcony. The apartment is equipped with air conditioning and central heating, ensuring maximum comfort in all seasons. Additionally, it comes with two parking spaces and a storage room, with the option to acquire a third parking space. Located in a prestigious area, close to shops, services, public and private schools, and with excellent access to public transport and main city roads, this apartment is a great opportunity for those seeking comfort and convenience. Schedule your visit today!",False,good,False,True,5065.0,{},{'typology': 'flat'},"{'subtitle': 'Lumiar, Lisboa', 'title': 'Apartamento na rua Professor Carlos Teixeira'}",False,False,False,False,{},[],False,False,"{'hasParkingSpace': True, 'isParkingSpaceIncludedInPrice': True}",,
34067276,https://img4.idealista.pt/blur/WEB_LISTING/0/id.pro.pt.image.master/72/b8/33/279009474.webp,123751086-217,20,bj,247500.0,"{'price': {'amount': 247500.0, 'currencySuffix': '€'}}",flat,sale,57.0,2,1,rua Afonso Domingues,Lisboa,São Vicente,Santa Engrácia,pt,38.7191922,-9.1230832,False,https://www.idealista.pt/imovel/34067276/,"T2 remodelado na Graça | Terraço Apartamento para venda na Rua Afonso Domingues, em São Vicente, antiga freguesia de Santa Engrácia, inserido num dos mais típicos e autênticos bairros de Lisboa, o Bairro da Graça! Sofreu uma intervenção total em 2017 onde foi potenciada a relação com o espaço exterior do apartamento.  As janelas e portas exteriores são em alumínio com sistema oscilo batente e vidros duplos e portadas interiores em madeira. A casa tem 45m2 de área bruta e encontra-se ao nível do Rés do Chão mas apesar disso muito luminoso e com uma óptima exposição solar. É composto por uma sala de estar semi-aberta para a cozinha totalmente equipada onde temos acesso ao terraço com 10m2. Os dois quartos têm janela tendo um deles roupeiro e acesso directo ao terraço.   O prédio onde se insere é composto por apenas 4 fracções tendo sido alvo de manutenção ao longo dos. Fica apenas a cerca de dez minutos a pé de Santa Apolónia ou da Feira da Ladra, num bairro que ainda hoje conserva uma energia própria e única, com um misto de lojas tradicionais, esplanadas, miradouros, praças e jardins que poderá disfrutar regularmente com a melhor companhia. Está disponível para venda imediata e trata-se de uma óptima opção tanto para habitação permanente como para investimento, numa zona com enorme procura e um estilo de vida muito próprio. Marque já hoje a sua visita! Transportes Públicos e Estacionamento: A cerca de 10 minutos a pé da Estação de Santa Apolónia (Metro e Comboios); Várias opções de autocarros nas ruas proximas. Proximidades: Supermercado à porta; A 10 minutos da zona ribeirinha do rio Tejo; A menos de 1 kilometro da Feira da Ladra e do Panteão Nacional; A menos de 10 minutos a pé do Largo da Graça; A 10 minutos a pé do Miradouro da Graça e do Miradoudo da Senhora do Monte; Várias opções de cafés e restaurantes nas imediações. Encargos: IMI anual: 65 € Condomínio mensal: 15 € Para agendar uma visita ou para obter mais informações pode contactar-me hoje mesmo via WhatsApp, Telefone ou E-Mail através dos botões directos mais em baixo nesta página   Notas: Existe a possibilidade de obter isenção temporária do pagamento de IMI durante 3 anos. Trabalhamos com uma entidade financeira totalmente independente, que auxilia no apoio ao crédito bancário. Este serviço é totalmente gratuito e permite que o comprador obtenha as melhores condições de crédito com as menores preocupações. Renovated 2-bedroom apartment in Graça | Terrace   Apartment for sale on Rua Afonso Domingues, in São Vicente, the former parish of Santa Engrácia, in one of Lisbon's most typical and authentic neighborhoods, Bairro da Graça!   It underwent a total renovation in 2017 to enhance the relationship with the apartment's exterior space.   The windows and exterior doors are made of aluminum with an oscillating system and double glazing, and the interior shutters are made of wood.   The house has a total gross area of 45 sqm and is located on the ground floor, but is nonetheless very bright and has excellent sun exposure.   It comprises a living room half-open to the fully equipped kitchen where we have access to the 10 sqm terrace. The two bedrooms have windows, one of them with a closet and direct access to the terrace.   The building is composed of only 4 units and has been maintained over the years.   It's only a ten-minute walk from Santa Apolónia or Feira da Ladra, in a neighborhood that still retains its own unique energy, with a mix of traditional stores, terraces, viewpoints, squares and gardens that you can enjoy regularly with the best company.   It's available for immediate sale and is a great option for both permanent living and investment, in an area with huge demand and a lifestyle all of its own. Book your visit today! Public transportation and parking: •About a 10-minute walk from Santa Apolónia Station (Metro an.",False,good,False,False,4342.0,{},{'typology': 'flat'},"{'subtitle': 'São Vicente, Lisboa', 'title': 'Apartamento na rua Afonso Domingues'}",True,False,False,False,{},[],False,False,,,
34067258,https://img4.idealista.pt/blur/WEB_LISTING/0/id.pro.pt.image.master/dc/1b/27/279009594.webp,120181492-43,22,1,579000.0,"{'price': {'amount': 579000.0, 'currencySuffix': '€'}}",flat,sale,129.0,3,2,rua dos Soeiros,Lisboa,São Domingos de Benfica,Alto dos Moinhos,pt,38.7559505,-9.1780317,False,https://www.idealista.pt/imovel/34067258/,"Apartamento T3+1 na Rua dos Soeiros, em São Domingos de Benfica. A curta distância de Telheiras, Laranjeiras ou Alto dos Moinhos, encontramos este encantador imóvel, remodelado e em prédio com elevador e garagem.   Dispõe de uma simpática varanda, com ligação a 3 quartos. Conta com um quarto extra, que pode também ser utilizado como escritório e/ou outra zona de refeição.   Tem 2 frentes com vistas desafogadas. Hall de entrada amplo 2 Casas de Banho   A Cozinha possui uma Despensa e zona de Lavandaria. Equipada com Esquentador; Exaustor; Forno; Micro-ondas e Placa elétrica;   Outras características Roupeiros nos 3 quartos, roupeiro extra e arrumos diversos- Caixilharia com janelas amplas e vidro duplo- Estores elétricos com corte térmico- Vídeo Porteiro- Condomínio organizado- Lugar de Garagem rotativo pelo período de 8 meses por ano, rotativo de 2 em 2 meses com interregno de 1 mês.   Localizado a apenas 300m do Parque Bensaúde, poderá desfrutar de passeios em família, num dos mais recentes parques públicos da cidade e seguramente muito distinto de qualquer outro. Ocupa parte da antiga Quinta de Santo António das Frechas, e no notável conjunto de vegetação destacam-se uma magnífica alameda de plátanos, classificada de Interesse Público, e o maior e mais antigo sobreiro de Lisboa A escassos metros encontrará também Transportes Públicos e uma vasta rede de Serviços/Comércio. (Estação de Metro ""Alto dos Moinhos"" e/ou ""Laranjeiras""; Loja do Cidadão; Hospital dos Lusíadas; Estádio da Luz; 2a Circular/Eixo N/S…) Ainda disponível, venha visitar!",False,good,False,True,4488.0,{},{'typology': 'flat'},"{'subtitle': 'São Domingos de Benfica, Lisboa', 'title': 'Apartamento na rua dos Soeiros'}",False,False,False,False,{},[],False,False,"{'hasParkingSpace': True, 'isParkingSpaceIncludedInPrice': True}",,
34067273,https://img4.idealista.pt/blur/WEB_LISTING/0/id.pro.pt.image.master/e5/b4/6e/279009187.webp,121511400-129,16,1,720000.0,"{'price': {'amount': 720000.0, 'currencySuffix': '€'}}",flat,sale,120.0,2,2,"rua de Arroios, 241",Lisboa,Arroios,São Jorge de Arroios,pt,38.7321218,-9.1368494,True,https://www.idealista.pt/imovel/34067273/,"Prédio situado em Arroios, na Rua de Arroios, 241. Está localizado a 5 minutos da rotunda da Estefânia, a 5 minutos do Metro de Arroios e a 10 minutos do Saldanha, a pé.  Nesta zona tem disponível todo o tipo de serviços, desde supermercados, farmácias, restaurantes, bancos, e muito comércio local.  O prédio está a ser todo reconstruído, com um elevado padrão de acabamentos e de materiais utilizados. Destacam-se as seguintes características:  Elevador direto ao apartamento, com saída para as escadas do prédio para os convidados;  Pavimentos Piso laminado de alta qualidade sobre membrana acústica;  Janelas de PVC com Gás Árgon e Película UV - Janelas de marcas de qualidade;  Parede principal em pedra e revestimento em mosaico cerâmico pintado à mão com elementos luminosos;  Paredes traseiras revestidas com corkwall® (membrana elástica de cortiça natural) na cor cinza claro;    O apartamento – 1º andar:  T2 com parqueamento, duas casas de banho e terraço/jardim, com 90m2, mais 30m2 de área de parqueamento e jardim, em que se destacam as seguintes características:  Quartos com roupeiros;  Sistema de Ar Condicionado Wall AC Unidades de marca de qualidade;  Bancadas de cozinha Bancada em material compósito preto.  Armários de Cozinha Painéis aglomerados envernizados na cor branca.  Eletrodomésticos, Máquina de lavar, micro-ondas/forno, frigorífico combinado, placa vitrocerâmica, exaustor e termoacumulador - aparelhos de marca de qualidade.  Casa de Banho principal com:  Pavimentos e Paredes em mosaico de Mármore Carrara com acabamento polido.  Casa de banho secundária:  Pavimentos e Paredes em mosaico preto Emperador com acabamento polido.  Paredes em mosaico preto Emperador com acabamento polido.  (Mais informação sobre acabamentos do prédio e dos apartamentos solicite o mapa de acabamentos). Agente Angariador: Ricardo Gomes Licença AMI 13534.",False,good,False,True,6000.0,{},{'typology': 'flat'},"{'subtitle': 'Estefânia, Lisboa', 'title': 'Apartamento na rua de Arroios, 241'}",True,False,False,False,{},[],False,False,"{'hasParkingSpace': True, 'isParkingSpaceIncludedInPrice': True}",Estefânia,
34067245,https://img4.idealista.pt/blur/WEB_LISTING/0/id.pro.pt.image.master/eb/02/23/279009408.webp,124021040-267,12,5,490000.0,"{'price': {'amount': 490000.0, 'currencySuffix': '€'}}",flat,sale,88.0,2,1,praça Aires de Ornelas,Lisboa,Penha de França,Alto de São João - Alto do Varejão,pt,38.7298856,-9.1227409,False,https://www.idealista.pt/imovel/34067245/," Boa Localização | Oportunidade de Investimento | Piscina e espaço Exterior  T2, inserido em prédio de placa em bom estado de conservação, com elevador.    Acesso e usto exclusivo do Sotão com 40 m2. PISO 5 com imensa luz natural.  Piscina e Jardim do condominio. As janelas na frente a tardoz estão incluídas no valor de aquisição, sendo que as partes comuns e jardim comum serão totalmente renovados pelos proprietários, que também incluem uma piscina comum para o condomínio.    Este contexto excecional traduz-se numa oportunidade única de investimento, seja para habitação própria ou rentabilidade futura, via arrendamento.      Zona em franca valorização.    Estação de Metro de Arroios: a 900 metros    Estação de Metro de Alameda: a 1200 metros    Estação de Metro de Olaias: a 1300 metros    Estação de Metro de Anjos: a 1400 metros    Com uma localização central, o imóvel está a poucos minutos de alguns dos principais pontos de interesse de Lisboa, como o Instituto Superior Técnico, o Hospital DonaEstefânia, o Panteão Nacional, o Museu do Azulejo e o Mercado de Sapadores.       Para além disso, a Estação de Comboios de Santa Apolónia está a uma curta distância, facilitando o acesso à restante cidade e ao país.     VERT – Fração O    Good Location | Investment Opportunity | Swimming Pool and Outdoor Space T2 apartment in need of some rehabilitation, located in a well-maintained building with an elevator. The windows at the front and rear are included in the purchase price, and the common areas and garden will be fully renovated by the owners, who will also include a communal swimming pool for the condominium. This exceptional context represents a unique investment opportunity, whether for personal residence or future profitability through rental. Area in significant appreciation. Arroios Metro Station: 900 meters Alameda Metro Station: 1,200 meters Olaias Metro Station: 1,300 meters Anjos Metro Station: 1,400 meters With a central location, the property is just minutes away from some of Lisbon's main points of interest, such as the Instituto Superior Técnico, Dona Estefânia Hospital, the National Pantheon, the Tile Museum, and the Sapadores Market. Additionally, the Santa Apolónia Train Station is within walking distance, providing easy access to the rest of the city and the country.   .",False,renew,False,True,5568.0,{},{'typology': 'flat'},"{'subtitle': 'Penha de França, Lisboa', 'title': 'Apartamento na praça Aires de Ornelas'}",True,False,False,False,{},[],False,False,,,
34067268,https://img4.idealista.pt/blur/WEB_LISTING/0/id.pro.pt.image.master/fb/87/9d/279009411.webp,124021040-268,29,4,490000.0,"{'price': {'amount': 490000.0, 'currencySuffix': '€'}}",flat,sale,88.0,2,1,praça Aires de Ornelas,Lisboa,Penha de França,Alto de São João - Alto do Varejão,pt,38.7302721,-9.1231821,False,https://www.idealista.pt/imovel/34067268/," Boa Localização | Oportunidade de Investimento | Piscina e espaço Exterior  T2, inserido em prédio de placa em bom estado de conservação, com elevador.    Acesso e usto exclusivo do Sotão com 40 m2. PISO 5 com imensa luz natural.  Piscina e Jardim do condominio. As janelas na frente a tardoz estão incluídas no valor de aquisição, sendo que as partes comuns e jardim comum serão totalmente renovados pelos proprietários, que também incluem uma piscina comum para o condomínio.    Este contexto excecional traduz-se numa oportunidade única de investimento, seja para habitação própria ou rentabilidade futura, via arrendamento.      Zona em franca valorização.    Estação de Metro de Arroios: a 900 metros    Estação de Metro de Alameda: a 1200 metros    Estação de Metro de Olaias: a 1300 metros    Estação de Metro de Anjos: a 1400 metros    Com uma localização central, o imóvel está a poucos minutos de alguns dos principais pontos de interesse de Lisboa, como o Instituto Superior Técnico, o Hospital DonaEstefânia, o Panteão Nacional, o Museu do Azulejo e o Mercado de Sapadores.       Para além disso, a Estação de Comboios de Santa Apolónia está a uma curta distância, facilitando o acesso à restante cidade e ao país.     VERT – Fração N    Good Location | Investment Opportunity | Swimming Pool and Outdoor Space T2 apartment in need of some rehabilitation, located in a well-maintained building with an elevator. The windows at the front and rear are included in the purchase price, and the common areas and garden will be fully renovated by the owners, who will also include a communal swimming pool for the condominium. This exceptional context represents a unique investment opportunity, whether for personal residence or future profitability through rental. Area in significant appreciation. Arroios Metro Station: 900 meters Alameda Metro Station: 1,200 meters Olaias Metro Station: 1,300 meters Anjos Metro Station: 1,400 meters With a central location, the property is just minutes away from some of Lisbon's main points of interest, such as the Instituto Superior Técnico, Dona Estefânia Hospital, the National Pantheon, the Tile Museum, and the Sapadores Market. Additionally, the Santa Apolónia Train Station is within walking distance, providing easy access to the rest of the city and the country.   .",False,good,False,True,5568.0,{},{'typology': 'flat'},"{'subtitle': 'Penha de França, Lisboa', 'title': 'Apartamento na praça Aires de Ornelas'}",True,False,False,False,{},[],False,False,,,
34067210,https://img4.idealista.pt/blur/WEB_LISTING/0/id.pro.pt.image.master/9b/a3/6f/278998527.webp,AP276,14,bj,299900.0,"{'price': {'amount': 299900.0, 'currencySuffix': '€'}}",studio,sale,63.0,0,1,rua do Vale de Santo António,Lisboa,São Vicente,São Vicente de Fora,pt,38.7190854,-9.1219145,False,https://www.idealista.pt/imovel/34067210/,"Apartamento localizado em um bairro familiar e residencial com novos pontos de comércio e serviços.  Facilidade de acessos, proximidade de transportes públicos, e vários equipamentos sociais. Imóvel totalmente remodelado e mobilado. Principais vantagens: - Imóvel em OPEN SPACE com 63 m2; - Cozinha com móveis lacados a Branco; - Ladrilho em toda a parede por trás dos móveis; - Cozinha equipada com Forno, Placa, Exaustor, Micro-ondas, Máquina de lavar louça encastrada, Máquina de lavar roupa encastrada, Esquentador e Combinado encastrado; - WC completo com Loiças suspensas; - Caixilharia lacada a branco com vidros duplos e Oscilo Batentes em todas as assoalhadas; - Teto falso com luzes embutidas leds, no WC, Cozinha, Sala e Hall; - Pré-Instalação de Ar Condicionado. O preço de venda inclui a cozinha equipada e o mobiliário apresentado nas fotografias. Possui logradouro com 5m2 Duas Frentes, Nascente e Poente. Prédio recuperado (Telhado, Colunas de Água, Eletricidade e Esgotos, Fachadas, Escadas, Porta de Entrada, Contadores, Caixas de Correio).",False,good,False,False,4760.0,{},"{'typology': 'flat', 'subTypology': 'studio'}","{'subtitle': 'São Vicente, Lisboa', 'title': 'T0 na rua do Vale de Santo António'}",False,False,False,False,{},[],False,False,,,
34067192,https://img4.idealista.pt/blur/WEB_LISTING/0/id.pro.pt.image.master/d3/66/9d/278998110.webp,123751329-55,16,st,340000.0,"{'price': {'amount': 340000.0, 'currencySuffix': '€'}}",flat,sale,59.0,1,1,rua das Janelas Verdes,Lisboa,Estrela,Santos-o-Velho - Madragoa,pt,38.7047506,-9.1583258,False,https://www.idealista.pt/imovel/34067192/,"APARTAMENTO T1 REMODELADO NA RUA DAS JANELAS VERDES Este apartamento T1 adaptado para T2, situado numa das zonas mais carismáticas de Lisboa, foi recentemente remodelado, oferecendo conforto e modernidade num ambiente acolhedor. Com entrada independente e licença de Alojamento Local (AL), apresenta-se como uma excelente oportunidade de investimento, com elevada rentabilidade. A casa conta com dois quartos e uma sala bem dimensionada, que garante uma distribuição funcional dos espaços. A cozinha, totalmente equipada, comunica com a sala, ideal para quem valoriza o conforto no dia a dia. VIVER EM SANTOS: TRADIÇÃO E MODERNIDADE JUNTO AO TEJO O bairro de Santos, conhecido pelo seu charme e vida cultural dinâmica, é um dos destinos mais procurados para viver ou investir em Lisboa. A Rua das Janelas Verdes, onde se localiza o apartamento, é ladeada por palacetes históricos, museus — como o Museu Nacional de Arte Antiga — e esplanadas com vista para o rio Tejo. A zona é servida por uma excelente rede de transportes públicos, com elétricos, autocarros e proximidade à estação de comboios de Santos, que liga rapidamente a Cascais ou ao Cais do Sodré. Para quem prefere deslocar-se a pé, o bairro oferece acessos fáceis ao centro da cidade e à zona ribeirinha. No que toca a serviços, Santos conta com escolas, creches, supermercados, farmácias e uma vasta oferta de restaurantes, bares e cafés que tornam a vida no bairro ainda mais dinâmica. A presença de galerias de arte, ateliers e espaços criativos contribui para a atmosfera única da área, que equilibra perfeitamente tradição e inovação. Este apartamento é a escolha ideal para quem procura um estilo de vida cosmopolita, com a comodidade de ter tudo à porta e a tranquilidade de viver num dos bairros mais autênticos da capital. Visitas a marcar de acordo com a disponibilidade dos arrendatários.",False,good,False,False,5763.0,{},{'typology': 'flat'},"{'subtitle': 'Estrela, Lisboa', 'title': 'Apartamento na rua das Janelas Verdes'}",True,False,False,False,{},[],False,False,,,
34067184,https://img4.idealista.pt/blur/WEB_LISTING/0/id.pro.pt.image.master/ae/68/55/278998086.webp,123751149-205,22,2,790000.0,"{'price': {'amount': 790000.0, 'currencySuffix': '€'}}",flat,sale,110.0,3,2,rua Fialho de Almeida,Lisboa,Avenidas Novas,Bairro Azul - Parque Eduardo VII,pt,38.7353977,-9.1560948,False,https://www.idealista.pt/imovel/34067184/,"Apartamento T3 Remodelado com Varanda – Rua Fialho de Almeida, junto ao El Corte Inglés Este apartamento T3 situa-se na Rua Fialho de Almeida, uma das zonas mais exclusivas de Lisboa, a poucos passos do El Corte Inglés, do Parque Eduardo VII e das estações de metro de São Sebastião e Praça de Espanha.   O edifício é de estrutura de betão armado e possui elevador, garantindo conforto e acessibilidade. Características principais: -Localização premium: Zona central com excelente rede de transportes -Edifício com estrutura de betão armado e elevador: Proporciona maior segurança e comodidade -Rua com estacionamento exclusivo para residentes:   -Possibilidade de avença de estacionamento a 30 metros:   -3 quartos espaçosos: Inclui uma suíte. -2 casas de banho completas e modernas:   -Cozinha totalmente equipada: -Varanda generosa: Ideal para relaxar ou apreciar a vista urbana -Apartamento totalmente remodelado: Pronto a habitar O edifício será alvo de obras de reabilitação já pagas pelos atuais proprietários, assegurando a valorização do imóvel e da sua envolvente. Se procura um apartamento sofisticado, com todas as comodidades e no coração de Lisboa, esta é uma oportunidade imperdível. Agende já a sua visita!",False,good,False,True,7182.0,{},{'typology': 'flat'},"{'subtitle': 'Avenidas Novas, Lisboa', 'title': 'Apartamento na rua Fialho de Almeida'}",False,False,False,False,{},[],False,False,,,
34067105,https://img4.idealista.pt/blur/WEB_LISTING/0/id.pro.pt.image.master/e5/96/ea/278996208.webp,121021261-88,31,2,950000.0,"{'price': {'amount': 950000.0, 'currencySuffix': '€'}}",flat,sale,173.0,2,2,rua Sam Levy,Lisboa,Belém,Caselas,pt,38.7161548,-9.2152007,False,https://www.idealista.pt/imovel/34067105/," Apartamento T2 para venda  Inserido no emblemático Condomínio Villa Restelo, uma arquitectura de renome (Ricardo Bofill), com Segurança 24h, Piscina, Jardim e estrutura verde, amplos espaços de lazer, Sala de Jogos e TV, Copa, Sauna, Campo Squash, Campo de Jogos exterior e Parque Infantil.Zona social composta por hall com acesso a sala de 31 m2, cozinha totalmenteequipada, ambas com acesso directo a varanda grande, com vista desafogada.A zona privada é composta pela suíte com walking closet, um quarto com roupeiros embutidos e casa de banho completa de apoio.Os quartos tem acesso a 2ª varanda.  Ar condicionado na sala e quartos.Conta ainda com dois lugares de estacionamento na garagem e arrecadação. Vista central desafogada e priviligiada do apartamento, para os jardins privados e piscina. O Condomínio Villa Restelo ergueu-se no terreno da Quinta de Santo António, umdos locais mais emblemáticos da freguesia de Belém, recheado de história, entreo Bairro de Caselas e o Restelo.   Destaca-se pela sua qualidade de construção e localização privilegiada.Facilidade de acesso as principais vias rodoviárias de Lisboa, Cascais, Sintra, Norte e Sul do país, nomeadamente a CREL, A1, A2 e ao Aeroporto Internacional Humberto Delgado.   ""A informação disponibilizada não dispensa a sua confirmação e não pode ser considerada vinculativa.""  Inglês  2-bedroom apartment for sale  Located in the emblematic Villa Restelo Condominium, a renowned architecture (Ricardo Bofill), with 24-hour security, swimming pool, garden and green structure, large leisure areas, games and TV room, pantry, sauna, squash court, outdoor games field and children'splayground.  The social area consists of a hall with access to a 31 m2 living room, a fully equippedkitchen, both with direct access to a large balcony with unobstructed views.  The private area consists of a suite with a walk-in closet, a bedroom with built-inwardrobes and a full bathroom.  The bedrooms have access to a second balcony.  Air conditioning in the living room and bedrooms.  It also has two parking spaces in the garage and storage room.  Central, unobstructed and privileged view of the apartment, overlooking the private gardens and swimming pool. The Villa Restelo Condominium was built on the land of Quinta de Santo António, one of the most emblematic places in the parish of Belém, full of history, between theCaselas neighborhood and Restelo.  It stands out for its quality of construction and privileged location.  Easy access to the main roads in Lisbon, Cascais, Sintra, the North and South of thecountry, namely CREL, A1, A2 and Humberto Delgado International Airport.  ""The information provided does not exempt its confirmation and cannot be considered binding."" .",False,good,False,False,5491.0,{},{'typology': 'flat'},"{'subtitle': 'Belém, Lisboa', 'title': 'Apartamento na rua Sam Levy'}",False,False,False,False,{},[],False,False,"{'hasParkingSpace': True, 'isParkingSpaceIncludedInPrice': True}",,
34067028,https://img4.idealista.pt/blur/WEB_LISTING/0/id.pro.pt.image.master/bf/d3/1d/278994745.webp,120992315-64,35,1,398000.0,"{'price': {'amount': 398000.0, 'currencySuffix': '€'}}",flat,sale,110.0,2,2,beco de São Luís da Pena,Lisboa,Arroios,Pena,pt,38.7174861,-9.1383168,False,https://www.idealista.pt/imovel/34067028/,"T1+1 remodelado junto ao Campo Mártires da Pátria, em Lisboa! Apartamento espaçoso e luminoso, com boa exposição solar, designadamente na sala de estar, virada a sul, que complementada pela sala de jantar, proporcionam um amplo espaço de lazer e convívio. Em 2020 sofreu obras de remodelação, dispondo de um quarto suite com closet / arrumos, um segundo quarto interior, duas casas de banho completas, uma das quais equipada com banheira de hidromassagem, cozinha equipada com espaço de lavandaria na marquise, e hall de entrada. Recentemente, em 2024, o Prédio sofeu obras profundas de conservação, nomedamente a limpeza e pintura de toda a fachada frontal e colocação de telhado novo. O prédio dista 6 minutos a pé da estação de metro do Martim Moniz e a 8 minutos da estação do Intendente, a 3 minutos do Hospital de S. José e a cerca de 5 minutos dos jardins do Campo Mártires da Pátria. Podemos ainda encontrar a curta distância a Nova Medical School - Faculdade de Ciência Médicas, a Escola Básica No. 1 de Lisboa, para além de diversos restaurantes e cafés, um supermercado Pingo Doce, mercearias, frutarias, entre outras lojas e serviços. Marque já a sua visita e não deixe escapar a oportunidade de viver no centro de Lisboa!   NOTAS: - A informação disponibilizada não dispensa a sua confirmação e não pode ser considerada vinculativa; - Licença de utilização n. º 224 emitida em 1947/09/17 pela Câmara Municipal de Lisboa.",False,good,False,False,3618.0,{},{'typology': 'flat'},"{'subtitle': 'Arroios, Lisboa', 'title': 'Apartamento no beco de São Luís da Pena'}",False,False,False,False,{},[],False,False,,,
34067033,https://img4.idealista.pt/blur/WEB_LISTING/0/id.pro.pt.image.master/c9/3f/e7/278994098.webp,,49,12,1170000.0,"{'price': {'amount': 1170000.0, 'currencySuffix': '€'}}",flat,sale,128.0,2,3,rua de Campolide,Lisboa,Campolide,Praça de Espanha - Sete Rios,pt,38.7360393,-9.166846,False,https://www.idealista.pt/imovel/34067033/,"Apartamento T2 LUXO, EM CAMPOLIDE - VENDE-SE Apartamento T3 de Alto Luxo, localizado num edifício com 26 andares, localizado em Campolide, com uma vista fantástica sobre Lisboa, incluindo o Rio Tejo e o parque Monsanto. Condominio dispõe de uma vasta oferta de serviços: - Piscina Interior  - Piscina Exterior - Spa - Health Club - Ginásio - Padel - Gestão de Lifestyle - Segurança 24horas Este T3 é composto por 3 Suites, casa de banho social, cozinha, lavandaria, sala de estar e jantar e um terraço continuo em toda á sua volta. Ainda têm uma arrecadação e dois lugares de parque de estacionamento. Venha visitar a sua futura casa e ter uma vida cheia de estilo e arte! Temos ainda T3 por 1.650. 000€ e T3 NO 18- ANDAR com 3 lugares - 1.710. 000€.",False,good,False,True,9141.0,{},{'typology': 'flat'},"{'subtitle': 'Campolide, Lisboa', 'title': 'Apartamento na rua de Campolide'}",True,False,False,False,{},[],False,False,"{'hasParkingSpace': True, 'isParkingSpaceIncludedInPrice': True}",,
34067002,https://img4.idealista.pt/blur/WEB_LISTING/0/id.pro.pt.image.master/20/18/98/278993803.webp,,52,16,1620000.0,"{'price': {'amount': 1620000.0, 'currencySuffix': '€'}}",flat,sale,207.0,3,4,rua de Campolide,Lisboa,Campolide,Praça de Espanha - Sete Rios,pt,38.7381661,-9.1683343,False,https://www.idealista.pt/imovel/34067002/,"Apartamentos (2) T3 LUXO, EM CAMPOLIDE - VENDE-SE Apartamento T3 de Alto Luxo, localizado num edifício com 26 andares, localizado em Campolide, com uma vista fantástica sobre Lisboa, incluindo o Rio Tejo e o parque Monsanto. Condominio dispõe de uma vasta oferta de serviços: - Piscina Interior  - Piscina Exterior - Spa - Health Club - Ginásio - Padel - Gestão de Lifestyle - Segurança 24horas Este T3 é composto por 3 Suites, casa de banho social, cozinha, lavandaria, sala de estar e jantar e um terraço continuo em toda á sua volta. Ainda têm uma arrecadação e dois lugares de parque de estacionamento. Venha visitar a sua futura casa e ter uma vida cheia de estilo e arte! Temos ainda T2 por 1.170. 000€ e T3 NO 18- ANDAR com 3 lugares - 1.710. 000€. ntos (2) T3 LUXO, EM CAMPOLIDE - VENDE-SE.",False,good,False,True,7826.0,{},{'typology': 'flat'},"{'subtitle': 'Campolide, Lisboa', 'title': 'Apartamento na rua de Campolide'}",True,False,False,False,{},[],False,False,"{'hasParkingSpace': True, 'isParkingSpaceIncludedInPrice': True}",,
34066962,https://img4.idealista.pt/blur/WEB_LISTING/0/id.pro.pt.image.master/9f/20/32/278992228.webp,120991391-782,34,1,220000.0,"{'price': {'amount': 220000.0, 'currencySuffix': '€'}}",flat,sale,44.0,2,1,rua Castelo Branco Saraiva,Lisboa,Penha de França,Centro,pt,38.7260898,-9.1248299,False,https://www.idealista.pt/imovel/34066962/,"  Apartamento T2 na Penha de França, Lisboa - Prédio Reabilitado. Descubra este encantador apartamento T2 localizado na Rua Castelo Branco Saraiva, em plena Penha de França, um dos bairros mais procurados de Lisboa. Características do Imóvel Tipologia: T2 Casa de Banho: 1, totalmente equipada Área Social: Sala de estar acolhedora com acesso fácil à cozinha e ao logradouro Cozinha: Espaço funcional por recuperar Luminosidade: Boas janelas que permitem a entrada de luz natural ao longo do dia   Localização e Vantagens Zona Central: Penha de França é conhecida pela sua atmosfera residencial tranquila e proximidade ao centro de Lisboa Serviços e Comércio: Supermercados, cafés, restaurantes e todo o tipo de comércio tradicional a poucos passos Transportes Públicos: Bem servida por autocarros e perto de estações de metro, facilitando o acesso a qualquer ponto da cidade Proximidade a Espaços Verdes: Áreas de lazer e miradouros na zona, ideais para relaxar ou praticar exercício físico   Por que Escolher Este Apartamento? Excelente equilíbrio entre um ambiente urbano e um espaço exterior privado Localização central com acesso a todos os serviços essenciais Ótima oportunidade para habitação própria ou investimento, numa das zonas mais dinâmicas de Lisboa   Se procura um apartamento acolhedor e uma localização de excelência na cidade de Lisboa, marque já a sua visita e venha conhecer o seu futuro lar!   O seu sonho é o nosso principal objetivo!",False,good,False,False,5000.0,{},{'typology': 'flat'},"{'subtitle': 'Penha de França, Lisboa', 'title': 'Apartamento na rua Castelo Branco Saraiva'}",False,False,False,False,{},[],False,False,,,
34066590,https://img4.idealista.pt/blur/WEB_LISTING/0/id.pro.pt.image.master/e1/e3/a0/278991680.webp,125561109-2,23,2,580000.0,"{'price': {'amount': 580000.0, 'currencySuffix': '€'}}",flat,sale,77.0,2,1,rua Infantaria 16 s/n,Lisboa,Campo de Ourique,Centro,pt,38.7183443,-9.1664807,True,https://www.idealista.pt/imovel/34066590/,"Apartamento T3 transformado num T2, num 2º andar, em Campo de Ourique | Lisboa. Edifício anterior a 1951, mas com construção em betão. Totalmente renovado em 2020 (água, eletricidade e esgotos), mantendo a arquitetura e as características da traça original. Muito luminoso, com orientação solar Norte/Sul e tetos altos, com 3,2 metros. Localizado em zona premium, a escassos metros do Jardim da Parada, bem servido de comércio local como farmácia, cafés, restaurantes, cabeleireiros, entre outros.  A 4 minutos a pé do Mercado de Campo de Ourique e a 10 minutos do Colégio Salesianos. A 5 minutos de carro do centro de Lisboa. Bons acessos à auto-estrada A5, A2 e do Eixo Norte-Sul. Acabamentos e equipamentos: A renovação foi feita com materiais premium, de origem nacional. Mármore lioz na cozinha e casa de banho, madeira de freixo nos acessórios da casa de banho, pavimentos em parquet em pinho silvestre antigo, armários embutidos personalizados no quarto em contraplacado de bétula BalPc, cozinha totalmente equipada, caldeira inteligente Ariston, janelas com vidro triplo, ar condicionado, aquecimento. Composto por: Hall de entrada, sala, cozinha com marquise, despensa, 2 quartos com armários embutidos e 1 casa de banho completa. Conta ainda com 1 lavandaria, que pode ser convertida em casa de banho, tal como na planta original.   A informação disponibilizada não dispensa a sua confirmação e não pode ser considerada vinculativa. Damos apoio em todo o processo de financiamento, através de intermediário de crédito com registo no Banco de Portugal. Para mais informações e/ou visita, contacte-me! EN 3 bedroom apartment converted into a 2 bedroom, on the 2nd floor, in Campo de Ourique | Lisbon. Building dating from before 1951, but built in concrete. Completely renovated in 2020 (water, electricity and sewage), maintaining the architecture and characteristics of the original design. Very bright, with north/south solar orientation and high ceilings of 3.2 meters. Located in a premium area, a few meters from Jardim da Parada, well served by local shops such as pharmacies, cafés, restaurants, hairdressers, among others.  A 4-minute walk from Campo de Ourique Market and 10 minutes from Salesianos College. A 5-minute drive from the center of Lisbon. Good access to the A5 and A2 highways and the North-South axis. Finishes and equipment: The renovation was carried out using premium materials of national origin. Lioz marble in the kitchen and bathroom, ash wood in the bathroom fittings, parquet flooring in antique Scots pine, custom built-in closets in the bedroom in BalPc birch plywood, fully equipped kitchen, Ariston smart boiler, triple-glazed windows, air conditioning, heating. Composed by: Entrance hall, living room, kitchen with sunroom, pantry, 2 bedrooms with fitted closets and 1 full bathroom. It also has a laundry room, which can be converted into a bathroom, just like in the original plan.   The information provided does not dispense with confirmation and cannot be considered binding. We provide support throughout the financing process, through a credit intermediary registered with the Bank of Portugal.   For more information and/or to book a viewing, please contact me!",False,good,False,False,7532.0,{},{'typology': 'flat'},"{'subtitle': 'Campo de Ourique, Lisboa', 'title': 'Apartamento na rua Infantaria 16 s/n'}",False,False,False,False,{},[],False,False,,,{'groupDescription': 'Top'}
34066584,https://img4.idealista.pt/blur/WEB_LISTING/0/id.pro.pt.image.master/c7/0e/f0/278981197.webp,ZMPT574895,24,8,1950000.0,"{'price': {'amount': 1950000.0, 'currencySuffix': '€'}}",flat,sale,245.0,4,3,rua Dona Filipa de Vilhena s/n,Lisboa,Areeiro,Arco do Cego,pt,38.7377598,-9.1421555,True,https://www.idealista.pt/imovel/34066584/,"Identificação do imóvel: ZMPT574895 Apartamento T4 de Luxo na Av. Visconde de Valmor – Lisboa Descubra este magnífico apartamento T4, situado no 8º andar de um edifício icônico no coração de Lisboa. Com 230m² de área privativa, este imóvel destaca-se pela sua ampla luz natural, espaços generosos e acabamentos sofisticados.  Destaques do imóvel: ️ Sala espaçosa de 60m² – ideal para receber e desfrutar de momentos especiais ️ 4 quartos (21m², 12m², 11m² e 10m²) – conforto e privacidade garantidos ️ Cozinha ampla de 17m² – funcional e perfeita para apaixonados por gastronomia ️ 3 casas de banho – comodidade para toda a família ️ 2 lugares de garagem – estacionamento seguro e conveniente ️ Edifício icônico com segurança 24h  Localização privilegiada A poucos passos da Av. da República e Saldanha, com acesso fácil a transportes públicos, aeroporto e principais vias rodoviárias. Ideal para famílias exigentes, investidores internacionais ou quem procura um lar sofisticado numa das melhores zonas de Lisboa. Não perca esta oportunidade única! Entre em contacto para mais informações.  Porque escolher a Zome? + Acompanhamento Personalizado Os consultores da Zome são especializados no mercado imobiliário e dedicam-se a oferecer o melhor acompanhamento, com atenção a todos os detalhes das suas necessidades e ambições. Trabalhamos ao seu lado para garantir que toma as melhores decisões e alcança os seus objetivos, com confiança e tranquilidade. + Simplicidade e Eficácia Com a nossa experiência e formação especializada, simplificamos todo o processo, tornando a sua experiência imobiliária mais eficaz e sem complicações. Deixe-nos cuidar de toda a parte burocrática, enquanto você foca no que realmente importa. + Felicidade e Satisfação A nossa missão é proporcionar-lhe uma experiência imobiliária que supere todas as suas expectativas. Estamos aqui para garantir a sua felicidade e tranquilidade, oferecendo-lhe o apoio necessário para que se sinta seguro e confortável em todas as etapas. Com a Zome, não vai precisar se preocupar. Vai sentir-se acompanhado e em boas mãos, com total confiança em cada passo. Porque a sua felicidade é a nossa prioridade.",False,good,False,True,7959.0,{},{'typology': 'flat'},"{'subtitle': 'Areeiro, Lisboa', 'title': 'Apartamento na rua Dona Filipa de Vilhena s/n'}",True,False,False,False,{},[],False,False,"{'hasParkingSpace': True, 'isParkingSpaceIncludedInPrice': True}",,
34066515,https://img4.idealista.pt/blur/WEB_LISTING/0/id.pro.pt.image.master/24/5a/25/278975664.webp,124121093-148,43,10,725000.0,"{'price': {'amount': 725000.0, 'currencySuffix': '€'}}",flat,sale,158.0,3,2,rua Adriana de Vecchi,Lisboa,Lumiar,Alto do Lumiar - Quinta das Conchas - Quinta do Lambert,pt,38.7724208,-9.1512438,False,https://www.idealista.pt/imovel/34066515/,"T3 Remodelado no Lumiar – Último Andar com Vista Sublime Descubra este magnífico apartamento T3, totalmente remodelado com acabamentos de luxo, localizado no último andar de um edifício junto à Quinta das Conchas, uma das zonas mais privilegiadas do Lumiar. Com uma excelente exposição solar e áreas bem distribuídas, este imóvel oferece um ambiente luminoso e confortável. Os três quartos são amplos e contam com grandes roupeiros embutidos, garantindo espaço de arrumação generoso. A cozinha, totalmente equipada, destaca-se pela abundante luz natural e pelo seu design funcional, proporcionando conforto e praticidade no dia a dia. Possui aquecimento central. O apartamento dispõe ainda de dois lugares de estacionamento na garagem e uma arrecadação, oferecendo conveniência e segurança adicionais. O prédio possui vídeo vigilância 24 horas e recepção com porteiro. A localização é imbatível: a poucos passos do metro, do Jardim da Quinta das Conchas e rodeado de todo o tipo de comércio e serviços. Uma oportunidade única para quem procura qualidade de vida numa das zonas mais procuradas de Lisboa. Tem a opção de ficar todo mobilado. Agende já a sua visita!",False,good,False,True,4589.0,{},{'typology': 'flat'},"{'subtitle': 'Lumiar, Lisboa', 'title': 'Apartamento na rua Adriana de Vecchi'}",False,False,False,False,{},[],False,False,"{'hasParkingSpace': True, 'isParkingSpaceIncludedInPrice': True}",,
34066539,https://img4.idealista.pt/blur/WEB_LISTING/0/id.pro.pt.image.master/12/70/da/278975620.webp,120611851-73,33,10,987000.0,"{'price': {'amount': 987000.0, 'currencySuffix': '€'}}",flat,sale,193.0,3,3,avenida David Mourão-Ferreira,Lisboa,Lumiar,Alto do Lumiar - Quinta das Conchas - Quinta do Lambert,pt,38.7773664,-9.1543863,False,https://www.idealista.pt/imovel/34066539/,"Apartamento T3 na Alta de Lisboa com Varanda, Piscina, Ginásio e dois lugares de estacionamento. Descubra o seu novo lar em Lisboa! Este elegante apartamento T3 combina conforto, modernidade e uma localização privilegiada. Principais Características: • Tipologia: T3, com um WC social, um WC completo de apoio a dois quartos e umasuite.   • Piscina: Desfrute de momentos relaxantes na piscina do condomínio. • Ginásio: Mantenha-se ativo com um ginásio equipado. • Estacionamento e Arrecadação: Dois lugares de estacionamento em garagemprivativa. • Vista Desafogada: Uma vista panorâmica numa varanda acolhedora. • Acabamentos Modernos: Cozinha equipada, janelas de vidro duplo e ar condicionado. Localizado numa zona tranquila, mas com fácil acesso a comércio, serviços, escolas e transportes públicos:   - 8 min. a pé do Colégio S. João de Brito  - 4 min. a pé de hipermercado  - 9 min. a pé do metro do Lumiar  Ideal para quem procura qualidade de vida em Lisboa.    ABP: 151 m2 ABD: 42 m2 Elegant 3-Bedroom Apartment in Alta de Lisboa – Balcony, Pool, Gym & Parking Discover your new home in Lisbon! This modern T3 apartment offers comfort, convenience, and a privileged location. Key Features: ✔ Spacious Layout: 3 bedrooms, including one suite, plus a guest WC and a full bathroom serving two bedrooms. ✔ Private Balcony: Enjoy panoramic, unobstructed views. ✔ Swimming Pool: Relax in the condominium pool. ✔ Fully Equipped Gym: Stay active with on-site fitness facilities. ✔ Secure Parking & Storage: Includes two parking spaces in a private garage. ✔ Modern Finishes: Equipped kitchen, double-glazed windows, and air conditioning. � Prime Location with Great Accessibility: 8 min. walk to Colégio S. João de Brito 4 min. walk to a supermarket 9 min. walk to Lumiar Metro Station ✨ Perfect for those seeking quality of life in Lisbon!   ABP: 151 m2 ABD: 42 m2 .",False,good,False,True,5114.0,{},{'typology': 'flat'},"{'subtitle': 'Lumiar, Lisboa', 'title': 'Apartamento na avenida David Mourão-Ferreira'}",True,False,False,False,{},[],False,False,"{'hasParkingSpace': True, 'isParkingSpaceIncludedInPrice': True}",,
34066492,https://img4.idealista.pt/blur/WEB_LISTING/0/id.pro.pt.image.master/b0/3e/78/278974163.webp,C0223-07998,39,1,875000.0,"{'price': {'amount': 875000.0, 'currencySuffix': '€'}}",flat,sale,113.0,3,2,Expo Norte,Lisboa,Parque das Nações,Expo Norte,pt,38.7764621,-9.0955288,False,https://www.idealista.pt/imovel/34066492/,"Este moderno apartamento T3 está localizado no prestigiado Edifício Panoramic, no Parque das Nações, em Expo Norte. Um local privilegiado com excelente infraestrutura e uma vista deslumbrante. Características do imóvel: Área ampla com 3 quartos luminosos e bem distribuídos Sala de estar espaçosa com muita luz natural Cozinha moderna equipada 2 casas de banho completas Arrecadação para armazenamento extra Estacionamento para 2 viaturas, com posto de carregamento elétrico incluído O Edifício Panoramic oferece uma série de comodidades exclusivas: Portaria 24 horas para maior segurança e conforto Localização central, próxima de todos os serviços, comércio, transportes e zonas de lazer Excelente acessibilidade ao transporte público e vias rápidas Se procura uma casa moderna, com todas as comodidades e em uma das melhores zonas da cidade, não perca a oportunidade de conhecer este fantástico apartamento. Entre em contacto para mais informações ou agendar uma visita!",False,good,False,False,7743.0,{},{'typology': 'flat'},"{'subtitle': 'Parque das Nações, Lisboa', 'title': 'Apartamento'}",False,False,False,False,{},[],False,False,"{'hasParkingSpace': True, 'isParkingSpaceIncludedInPrice': False}",,
34061647,https://img4.idealista.pt/blur/WEB_LISTING/0/id.pro.pt.image.master/a5/fd/03/278736212.webp,MN88,14,2,360000.0,"{'price': {'amount': 360000.0, 'currencySuffix': '€'}}",flat,sale,73.0,1,1,Santa Clara,Lisboa,Santa Clara,,pt,38.7822642,-9.1496832,False,https://www.idealista.pt/imovel/34061647/,"Apresentamos um apartamento T1, inserido num prédio recente com dois elevadores, em localização privilegiada na zona de Santa Clara. Destaca-se pela boa distribuição de áreas e exposição solar. Caracterizado pela excelente oferta de comércio, transportes e acessos rodoviários, inserido na urbanização Alta de Lisboa. Encontra-se próximo do Parque de Santa Clara, Metro, supermercados e diversas áreas comerciais. Conta com um lugar de estacionamento e arrecadação.",False,good,False,True,4932.0,{},{'typology': 'flat'},"{'subtitle': 'Santa Clara, Lisboa', 'title': 'Apartamento'}",False,False,False,False,{},[],False,False,"{'hasParkingSpace': True, 'isParkingSpaceIncludedInPrice': True}",,
32720157,https://img4.idealista.pt/blur/WEB_LISTING/0/id.pro.pt.image.master/85/0f/fd/231575830.webp,3234,5,1,198000.0,"{'price': {'amount': 198000.0, 'currencySuffix': '€', 'priceDropInfo': {'formerPrice': 245000.0, 'priceDropValue': 47000, 'priceDropPercentage': 19}}}",flat,sale,101.0,3,2,Av. de Roma - Campo Pequeno,Lisboa,Areeiro,Av. de Roma - Campo Pequeno,pt,38.7462523,-9.1406834,False,https://www.idealista.pt/imovel/32720157/,"VENDIDO OCUPADO - Direito reservado de uso e habitação a favor da atual residente com 56 anos.  A fração não está arrendada, nem existe rendimento. Venda apenas da NUA PROPRIEDADE. Está averbado na Conservatória do Registo Predial o Direito de Uso e Habitação. APARTMENT SOLD OCCUPIED - The aparment is not rented and is there any income.  The flat will be sold occupied by a 56-year-old usufructuary who has lifetime use of the property.  The Right of Use and Habitation is registered at the Land Registry Office.",False,good,False,True,1960.0,{},{'typology': 'flat'},"{'subtitle': 'Areeiro, Lisboa', 'title': 'Apartamento'}",True,False,False,False,{},[],False,False,,,
34066041,https://img4.idealista.pt/blur/WEB_LISTING/0/id.pro.pt.image.master/83/f3/d0/278946075.webp,120521148-296,21,bj,465000.0,"{'price': {'amount': 465000.0, 'currencySuffix': '€', 'priceDropInfo': {'formerPrice': 520000.0, 'priceDropValue': 55000, 'priceDropPercentage': 11}}}",flat,sale,112.0,2,2,"rua das Amoreiras, 51",Lisboa,Campo de Ourique,Amoreiras,pt,38.7219049,-9.1569799,True,https://www.idealista.pt/imovel/34066041/,"T2 junto ao Jardim das Amoreiras Apartamento T2, com 112 m2 de área bruta privativa, num rés-do-chão, com uma localização privilegiada, junto ao Jardim das Amoreiras, jardim delimitado em parte pelo Aqueduto das Águas Livres e sobre a Mãe de Água (Museu da Água).  A cerca de 50 m da porta encontra-se o parque de estacionamento (também público) do Ginásio Clube Português.  Muito próximo de diversos transportes públicos (autocarro, eléctrico e estação do metro do Rato). Este imóvel foi totalmente remodelado em 2021, tendo possibilitado a existência de 2 casas de banho, 1 sala de jantar, junto à sala de estar, um closet, uma divisão para tratamento de roupa, para além da cozinha e de 2 quartos. ___________________________________________________________________  2 Bedrooms next to Jardim das Amoreiras 2 Bedroom apartment, with 112 sqm of gross private area, on the ground floor, with a privileged location, next to Jardim das Amoreiras, a garden partially delimited by the Águas Livres Aqueduct and the Mãe de Água (Water Museum).  About 50 m from the door is the car parking (also public) at the Ginásio Clube Português.  Very close to various public transport (bus, tram and Rato metro station). This property was completely renovated in 2021, allowing for 2 bathrooms, a dining room, next to the living room, a closet, a room for laundry, in addition to the kitchen and two bedrooms.",False,good,False,False,4152.0,{},{'typology': 'flat'},"{'subtitle': 'Campo de Ourique, Lisboa', 'title': 'Apartamento na rua das Amoreiras, 51'}",True,False,False,False,{},[],False,False,,,
34065991,https://img4.idealista.pt/blur/WEB_LISTING/0/id.pro.pt.image.master/10/85/07/278943179.webp,,39,4,495000.0,"{'price': {'amount': 495000.0, 'currencySuffix': '€'}}",flat,sale,130.0,4,2,rua Carlos Mardel,Lisboa,Arroios,São Jorge de Arroios,pt,38.7362375,-9.1316653,False,https://www.idealista.pt/imovel/34065991/,"Apartamento T4 com 2 WC em Lisboa – Rua Carlos Mardel  Este espaçoso apartamento de 4 quartos e 2 WC está situado na prestigiada Rua Carlos Mardel, uma localização privilegiada no coração de Lisboa. A poucos minutos das principais zonas turísticas, comerciais e culturais da cidade, este imóvel oferece uma combinação única de conforto e conveniência. Localização: A Rua Carlos Mardel encontra-se em uma área estratégica, com fácil acesso aos transportes públicos, como autocarros e metro, tornando a mobilidade pela cidade extremamente prática. A proximidade com o icônico Parque Eduardo VII, um dos pulmões verdes da cidade, garante um ambiente tranquilo e saudável, ideal para quem busca qualidade de vida. Além disso, a área está cercada por diversos serviços, incluindo escolas, supermercados, cafés e restaurantes, oferecendo tudo o que você precisa ao seu alcance. Potencial de Investimento: Este apartamento é uma excelente oportunidade de investimento. Com o mercado imobiliário em Lisboa em constante valorização, a localização central e a configuração do imóvel tornam-no uma opção ideal tanto para arrendamento de longo prazo quanto para arrendamento de curta duração, como o mercado de turismo. O imóvel também apresenta um grande potencial para renovação e personalização, o que pode aumentar significativamente o seu valor. A área tem uma procura crescente, tornando esta oportunidade ainda mais vantajosa. Não perca a chance de investir em um imóvel com grande potencial, num dos bairros mais procurados de Lisboa. Entre em contato para mais informações e agende uma visita!",False,good,False,False,3808.0,{},{'typology': 'flat'},"{'subtitle': 'Alameda - Praça do Chile - Almirante Reis, Lisboa', 'title': 'Apartamento na rua Carlos Mardel'}",False,False,False,False,{},[],False,False,,Alameda - Praça do Chile - Almirante Reis,{'groupDescription': 'Destaque'}
34065990,https://img4.idealista.pt/blur/WEB_LISTING/0/id.pro.pt.image.master/a1/47/03/278943017.webp,3333,32,3,450000.0,"{'price': {'amount': 450000.0, 'currencySuffix': '€'}}",flat,sale,92.0,1,1,"passeio Adamastor, 6",Lisboa,Parque das Nações,Expo Sul,pt,38.7587821,-9.0942466,True,https://www.idealista.pt/imovel/34065990/,"Apartamento T1 - Localização privilegiada (Junto à Marina) com parqueamento e arrecadação. O Imóvel apresenta umas excelentes áreas e bons acabamentos, com destaque para a cozinha equipada com eletrodomésticos BOSCH, sala com lareira e recuperador de calor, suite com amplo roupeiro embutido e varanda com vista rio, aquecimento central, aspiração central, pré-instalação de ar condicionado, casa de banho completa com banheira de hidromassagem, caixilharia em PVC com vidros duplos e oscilobatente, estores elétricos. A boa exposição solar permite que as diferentes divisões beneficiem de fantásticas vistas e de um cenário de luz constante. Localizado no Passeio do Adamastor a 100 metros da linha de Rio e a um passo da Marina, Oceanário de Lisboa, Teatro Camões, Pavilhão Atlântico, Casino de Lisboa e C. C. Vasco da Gama, próximo da Gare do Oriente, Hospital Cuf Descobertas, Aeroporto, e dos principais eixos rodoviários (A1, A2, A8, 2º Circular). O Parque das Nações tem uma localização privilegiada - desenvolve-se ao longo do rio Tejo, numa faixa de 5 km, sendo que um terço da sua área são espaços verdes e infraestruturas únicas de âmbito educativo, desportivo, cultural e social. Um espaço único para viver e usufruir da tranquilidade de um lugar especial.  Categoria Energética: B-  ref: 3333.",True,good,False,True,4891.0,{},{'typology': 'flat'},"{'subtitle': 'Parque das Nações, Lisboa', 'title': 'Apartamento no passeio Adamastor, 6'}",True,False,False,False,{},[],False,False,"{'hasParkingSpace': True, 'isParkingSpaceIncludedInPrice': True}",,{'groupDescription': 'Destaque'}
34065490,https://img4.idealista.pt/blur/WEB_LISTING/0/id.pro.pt.image.master/0b/e6/e9/278930474.webp,,31,3,790000.0,"{'price': {'amount': 790000.0, 'currencySuffix': '€'}}",duplex,sale,141.0,4,5,rua Passos Manuel,Lisboa,Arroios,São Jorge de Arroios,pt,38.729068,-9.1373486,False,https://www.idealista.pt/imovel/34065490/,"Venha conhecer este maravilhoso apartamento cheio de luz e charme, remodelado por arquiteto e todo projetado para um estilo de vida prático, cómodo, urbano e muito atual. Aqui, cada detalhe conta, desde os materiais utilizados, ao aproveitamento do espaço, passando pelas várias soluções de iluminação que proporcionam diferentes ambientes, ou pela distribuição das divisões, que garante uma ótima fluidez e o melhor aproveitamento de ambos os pisos. Todos os pormenores nesta casa foram pensados ao detalhe e cada suite apresenta uma configuração e personalidade únicas e com generosos roupeiros. A cozinha, equipada com eletrodomésticos SMEG e com pedra mármore na bancada, abre para a zona de refeições mantendo-se contudo estrategicamente oculta da sala. A zona de lavandaria - com máquinas de lavar e secar roupa e espaço de arrumos - está oculta e numa zona separada da casa. Com uma enorme varanda virada a nascente e três pequenas varandas na fachada poente, este apartamento conta ainda com muita luz vinda do saguão, que recebe bastante luminosidade do exterior, sempre com muita privacidade. Esta casa está inserida no terceiro e último andar de um prédio clássico, renovado e com muito charme, sem elevador, localizado numa das mais emblemáticas artérias do bairro de Arroios, onde se pode encontrar muito comércio local, restaurantes de renome, transportes (incluindo metro), jardim com parque infantil, escolas, ginásios e supermercados. Contacte-me! Venha viver o melhor que Lisboa tem para lhe oferecer. (Certificado energético anterior à remodelação) Somos Intermediários de Crédito autorizados pelo Banco de Portugal. Apresentamos as melhores soluções do mercado e ajudamos em toda a gestão do seu processo de financiamento. Se precisar de vender para comprar, conte connosco.",False,good,False,False,5603.0,{},"{'typology': 'flat', 'subTypology': 'duplex'}","{'subtitle': 'Estefânia, Lisboa', 'title': 'Duplex na rua Passos Manuel'}",True,False,False,False,{},[],False,False,,Estefânia,
34065390,https://img4.idealista.pt/blur/WEB_LISTING/0/id.pro.pt.image.master/a9/87/a2/278927033.webp,remax.pt/124151132-176,18,1,284900.0,"{'price': {'amount': 284900.0, 'currencySuffix': '€'}}",flat,sale,65.0,3,1,rua Sargento Armando Monteiro Ferreira,Lisboa,Olivais,,pt,38.7747293,-9.1115437,False,https://www.idealista.pt/imovel/34065390/,"A nossa Equipa convida-o a conhecer este apartamento T3 em excelente estado de conservação, situado no centro dos Olivais, em Lisboa. Sala e quartos com boas dimensões e muita luz natural. Bons acessos, A1, 2ª Circular, CRIL/IC17. Encontra-se situado numa zona muito bem servida de transportes públicos, nomeadamente a estação de Metro da Encarnação a 300mts. Com uma localização privilegiada conta todo o tipo de comércio e serviços, bons restaurantes, farmácias, centro de saúde, hospital e escolas. Fica muito perto da piscina dos Olivais, do Aeroporto de Lisboa e do Parque das Nações. Marque já a sua Visita. Condomínio - 25€(Mensal) ""Dedicação, Trabalho e Transparência fazem a Diferença"".",False,good,False,True,4383.0,{},{'typology': 'flat'},"{'subtitle': 'Olivais, Lisboa', 'title': 'Apartamento na rua Sargento Armando Monteiro Ferreira'}",True,False,False,False,{},[],False,False,,,
34065371,https://img4.idealista.pt/blur/WEB_LISTING/0/id.pro.pt.image.master/57/9d/5c/278926222.webp,120992654-388,35,5,1195000.0,"{'price': {'amount': 1195000.0, 'currencySuffix': '€'}}",flat,sale,207.0,4,5,avenida David Mourão-Ferreira,Lisboa,Lumiar,Alto do Lumiar - Quinta das Conchas - Quinta do Lambert,pt,38.7773995,-9.1522409,False,https://www.idealista.pt/imovel/34065371/,"Apartamento T4 | Edificio Panorama | Alta de Lisboa Imagina-se a acordar todos os dias com uma vista panorâmica de cortar a respiração sobre o Lago da Alta de Lisboa e a vibrante cidade de Lisboa. Este é o privilégio que lhe oferece este magnífico apartamento T4, situado no 5.º piso do prestigiado empreendimento Panorama. Com uma localização exclusiva, este apartamento é o que há de mais moderno em termos de conforto e qualidade de vida, oferecendo-lhe um espaço perfeito para viver, descansar e desfrutar. Com uma área total de 260m², dos quais 208m² de área bruta privativa, cada canto deste apartamento foi projetado para garantir o máximo de conforto e bem-estar, aliando o design contemporâneo à funcionalidade.Características Vista Panorâmica Deslumbrante: Acorde com uma vista espetacular de 180 graus sobre a cidade e o lago. A sala de estar de 51m² é o cenário perfeito para relaxar, enquanto a varanda oferece o espaço ideal para desfrutar de momentos de lazer e de contemplação, com um cenário que mudará todos os dias. 4 Suítes Elegantes e Espaçosas: O apartamento conta com quatro suítes, cada uma com o seu próprio banheiro, proporcionando a máxima privacidade e conforto para toda a família. As suítes são amplas, luminosas e oferecem vistas incríveis, garantindo um ambiente tranquilo e acolhedor. Cozinha de Alta Qualidade: A cozinha totalmente equipada foi projetada para ser funcional e elegante, com eletrodomésticos da prestigiada marca SMEG. Inclui: Exaustor de alta eficiência Placa de indução de última geração Forno multifunções para maior versatilidade Micro-ondas moderno Frigorífico combinado com congelador integrado Máquina de lavar loiça integrada A cozinha é ideal para quem gosta de cozinhar e receber amigos e familiares em grande estilo. Lavandaria Independente: Para maior praticidade no seu dia a dia, o apartamento conta com uma lavandaria independente, equipada para facilitar o seu quotidiano. Acabamentos de Excelência: O imóvel é composto por materiais de altíssima qualidade, desde o piso de madeiraque confere um toque acolhedor ao ambiente até as instalações sanitárias ROCA que garantem elegância e funcionalidade em cada casa de banho. Cada pormenor foi cuidadosamente pensado para criar um ambiente luxuoso e sofisticado. Espaço para Guardar e Estacionar: O apartamento inclui 3 lugares de estacionamento, garantindo-lhe comodidade e segurança, além de uma arrecadação, ideal para o armazenamento de pertences extras ou equipamentos desnecessários no dia a dia. Ginásio Privado: Para aqueles que não abrem mão de um estilo de vida saudável, o ginásio do edifício está disponível para usufruto exclusivo dos moradores, permitindo-lhe manter-se em forma sem precisar sair de casa. Ar Condicionado LG: O sistema de ar condicionado LG assegura um clima agradável e confortável durante todo o ano, independentemente das condições climáticas lá fora. Orientação Solar Perfeita: O apartamento está orientado para Nascente, Sul e Poente, permitindo-lhe desfrutar de luz natural ao longo de todo o dia. As janelas amplas oferecem luminosidade em cada divisão, criando um ambiente quente e convidativo. O empreendimento Panorama encontra-se numa das zonas mais exclusivas e procuradas da cidade. Com acesso direto ao Lago da Alta de Lisboa, um verdadeiro oásis de tranquilidade, o apartamento oferece a combinação perfeita entre a paz e a proximidade dos principais centros urbanos. A localização também garante: Facilidade de acesso a comércio local, escolas, serviços e transportes públicos. Apenas a minutos do centro de Lisboa, oferecendo-lhe todo o dinamismo da cidade, com restaurantes, lojas e entretenimento ao alcance de poucos minutos. Proximidade ao Aeroporto de Lisboa, tornando a sua mobilidade nacional e internacional ainda mais conveniente. Este é o momento de viver o melhor da vida urbana, aliando sofisticação, conforto e uma vista inigual",False,good,False,True,5773.0,{},{'typology': 'flat'},"{'subtitle': 'Lumiar, Lisboa', 'title': 'Apartamento na avenida David Mourão-Ferreira'}",False,False,False,False,{},[],False,False,"{'hasParkingSpace': True, 'isParkingSpaceIncludedInPrice': True}",,
34059222,https://img4.idealista.pt/blur/WEB_LISTING/0/id.pro.pt.image.master/55/19/13/278925016.webp,103250123,17,,3800000.0,"{'price': {'amount': 3800000.0, 'currencySuffix': '€'}}",chalet,sale,410.0,10,5,Bairro Alto,Lisboa,Misericórdia,Bairro Alto,pt,38.7154314,-9.1445913,False,https://www.idealista.pt/imovel/34059222/,"Moradia elegante e discreta distribuída por três pisos e sótão, com jardim exterior e jardim de inverno, localizada numa das zonas mais nobres e calmas do Chiado. Ambos os pisos nobres da moradia possuem tectos com pé direito alto, sendo o primeiro composto por três quartos, cozinha, lavandaria e uma sala de estar que articula os espaços da sala de jantar e do espaço exterior de jardim. O piso superior possui três quartos, escritório, copa, salão com lareira e varanda e um amplo e reservado jardim de inverno, sobranceiro ao jardim exterior da casa, criando um conjunto com um ambiente e vivências únicos. O sótão, originalmente destinado a alojamento dos empregados internos, é composto por dois quartos, sendo todos os pisos servidos por instalações sanitárias completas. No piso térreo existe um apartamento T1 que, por ter acesso directo ao exterior, pode ser usado como apartamento independente para pessoal, visitas ou em alternativa ser explorado no mercado de arrendamento. Uma moradia única localizada numa zona privilegiada e exclusiva de Lisboa.",False,good,False,,9268.0,{},"{'typology': 'chalet', 'subTypology': 'independantHouse'}","{'subtitle': 'Misericórdia, Lisboa', 'title': 'Moradia independente'}",False,False,False,False,{},[],False,False,,,
34065255,https://img4.idealista.pt/blur/WEB_LISTING/0/id.pro.pt.image.master/90/5b/32/278924446.webp,122481328-112,36,bj,1150000.0,"{'price': {'amount': 1150000.0, 'currencySuffix': '€'}}",flat,sale,203.0,3,2,rua do Conselheiro Mariano de Carvalho,Lisboa,Olivais,,pt,38.7675324,-9.1042046,False,https://www.idealista.pt/imovel/34065255/," LUXUOSO, VANGUARDISTA, LOCALIZADO, NOVO...      Espaçoso R/C de 3 Suites, varandas, jardim, elevador e garagem, tudo novo com excelentes qualidades e aestreia.    O prédio se trata de umadas mais antigas padarias de Lisboa que foi reabilitada respeitando a fachadaantiga do edifício histórico desenvolvendo um moderno projeto de arquiteturaportuguesa de alto padrão em cada detalhe.   Situado numa praçabelíssima e sossegada recém reabilitada e com vistas frontais para os edifíciosmais significativos da Expo de Lisboa.      Os quartos cada um comportas de sacada para varandas, jardim ou grandes janelas panorâmicas, arcondicionado o calefação integrados no teto, casa de banho de luxo propiá comcloset o grandes armários. Quartos espaçosos com todo tipo de Comfort eacabados em alto nível em cores brancos ou tons claros.      A sala de estar estácompletamente aberta ao hall de entrada, cozinha e varanda com jardim a travesde portas de sacada com vistas os edifícios emblemáticos da Expo.   A cozinha em Open-Spaceestá desenhada pensando em cada um dos detalhes equipada com eletrodomésticosda gama alta Smeg. Ilha e tampos de pedra com bom estilo para cozinhar ou comerjunto da sala.   No exterior doapartamento tem o seu espaço de aparcamento, confortável de estacionar, elevador de ultima geração até a porta do seu apartamento e as partes comuns doprédio com a particularidade de ter sempre espaços abertos e arejados. Excelentes detalhes construtivos em qualquer das áreas comuns ou privadas.   No exterior nosencontramos num bairro tranquilo donde a maioria de edifícios já foramreabilitados a volta de uma praça com um coreto, lugar de estacionamento publicofácil e impressionantes vistas para edifícios moderníssimos.      Não perca a oportunidadede comprar este precioso apartamento e contacte para visitar.         .",False,good,False,False,5665.0,{},{'typology': 'flat'},"{'subtitle': 'Olivais, Lisboa', 'title': 'Apartamento na rua do Conselheiro Mariano de Carvalho'}",False,False,False,False,{},[],False,False,"{'hasParkingSpace': True, 'isParkingSpaceIncludedInPrice': True}",,
34065100,https://img4.idealista.pt/blur/WEB_LISTING/0/id.pro.pt.image.master/38/c0/1b/278918579.webp,121511400-133,16,5,630000.0,"{'price': {'amount': 630000.0, 'currencySuffix': '€'}}",flat,sale,94.0,2,2,Calçada de Arroios,Lisboa,Arroios,São Jorge de Arroios,pt,38.7358229,-9.1374555,False,https://www.idealista.pt/imovel/34065100/,"Prédio situado em Arroios, na Rua de Arroios, 241. Está localizado a 5 minutos da rotunda da Estefânia, a 5 minutos do Metro de Arroios e a 10 minutos do Saldanha, a pé.  Nesta zona tem disponível todo o tipo de serviços, desde supermercados, farmácias, restaurantes, bancos, e muito comércio local.  O prédio está a ser todo reconstruído, com um elevado padrão de acabamentos e de materiais utilizados. Destacam-se as seguintes características:  Elevador direto ao apartamento, com saída para as escadas do prédio para os convidados;    Pavimentos Piso laminado de alta qualidade sobre membrana acústica;  Janelas de PVC com Gás Árgon e Película UV - Janelas de marcas de qualidade;  Parede principal em pedra e revestimento em mosaico cerâmico pintado à mão com elementos luminosos;  Paredes traseiras revestidas com corkwall® (membrana elástica de cortiça natural) na cor cinza claro;  O apartamento – 5º andar:  T2 com duas casas de banho, com 92m2, e uma varanda com cerca de 2m2, emque se destacam as seguintes características:  Quartos com roupeiros;  Sistema de Ar Condicionado Wall AC Unidades de marca de qualidade;  Bancadas de cozinha Bancada em material compósito preto.  Armários de Cozinha Painéis aglomerados envernizados na cor branca.  Eletrodomésticos, Máquina de lavar, micro-ondas/forno, frigorífico combinado, placa vitrocerâmica, exaustor e termoacumulador - aparelhos de marca de qualidade.  Casa de Banho principal com:  Pavimentos e Pavimentos em mosaico de Mármore Carrara com acabamento polido.  Casa de banho secundária:  Pavimentos e Paredes em mosaico preto Emperador com acabamento polido.  (Mais informação sobre acabamentos do prédio e dos apartamentos soliciteo mapa de acabamentos)   Building located in Arroios, on Rua de Arroios, 241.It is situated 5 minutes from the Estefânia roundabout, 5 minutes from the Arroios Metro station, and 10 minutes from Saldanha, on foot. This area offers a wide range of services, including supermarkets, pharmacies, restaurants, banks, and various local shops. The building is undergoing a complete renovation, with a high standard of finishes and materials. The following features stand out: Elevator with direct access to the apartment, with an exit to the building’s stairs for guests; High-quality laminate flooring over an acoustic membrane; PVC windows with Argon gas and UV film – high-quality branded windows; Main wall made of stone and covered with hand-painted ceramic mosaic with lighting elements; Rear walls covered with corkwall® (elastic natural cork membrane) in light gray color. The Apartment – 5th Floor: A two-bedroom apartment (T2) with two bathrooms, 92m² of living space, and a balcony of approximately 2m², featuring the following highlights: Bedrooms with built-in wardrobes; Wall AC System – high-quality branded air conditioning units; Kitchen countertops made of black composite material; Kitchen cabinets – lacquered chipboard panels in white; Appliances: Washing machine, microwave/oven, combined refrigerator, glass-ceramic hob, extractor hood, and water heater – all from high-quality brands. Main Bathroom: Floors and walls covered in Carrara marble mosaic with a polished finish. Secondary Bathroom: Floors and walls covered in black Emperador marble mosaic with a polished finish. (For more details about the building and apartment finishes, please request the finishes map.) .",False,good,False,True,6702.0,{},{'typology': 'flat'},"{'subtitle': 'Estefânia, Lisboa', 'title': 'Apartamento em Calçada de Arroios'}",True,False,False,False,{},[],False,False,,Estefânia,
34065128,https://img4.idealista.pt/blur/WEB_LISTING/0/id.pro.pt.image.master/ec/03/0e/278918317.webp,121511400-132,16,4,650000.0,"{'price': {'amount': 650000.0, 'currencySuffix': '€'}}",flat,sale,94.0,2,2,Calçada de Arroios,Lisboa,Arroios,São Jorge de Arroios,pt,38.7328831,-9.1393033,False,https://www.idealista.pt/imovel/34065128/,"Prédio situado em Arroios, na Rua de Arroios, 241. Está localizado a 5 minutos da rotunda da Estefânia, a 5 minutos do Metro de Arroios e a 10 minutos do Saldanha, a pé.  Nesta zona tem disponível todo o tipo de serviços, desde supermercados, farmácias, restaurantes, bancos, e muito comércio local.  O prédio está a ser todo reconstruído, com um elevado padrão de acabamentos e de materiais utilizados. Destacam-se as seguintes características:  Elevador direto ao apartamento, com saída para as escadas do prédio para os convidados;  Pavimentos Piso laminado de alta qualidade sobre membrana acústica;  Janelas de PVC com Gás Árgon e Película UV - Janelas de marcas de qualidade;  Parede principal em pedra e revestimento em mosaico cerâmico pintado à mão com elementos luminosos;  Paredes traseiras revestidas com corkwall® (membrana elástica de cortiça natural) na cor cinza claro;    O apartamento – 4º andar:  T2 com duas casas de banho, com 92m2, e uma varanda com cerca de 2m2, emque se destacam as seguintes características:  Quartos com roupeiros;  Sistema de Ar Condicionado Wall AC Unidades de marca de qualidade;  Bancadas de cozinha Bancada em material compósito preto.  Armários de Cozinha Painéis aglomerados envernizados na cor branca.  Eletrodomésticos, Máquina de lavar, micro-ondas/forno, frigorífico combinado, placa vitrocerâmica, exaustor e termoacumulador - aparelhos de marca de qualidade.  Casa de Banho principal com:  Pavimentos e Pavimentos em mosaico de Mármore Carrara com acabamento polido.  Casa de banho secundária:  Pavimentos e Paredes em mosaico preto Emperador com acabamento polido.  (Mais informação sobre acabamentos do prédio e dos apartamentos soliciteo mapa de acabamentos). Building located in Arroios, on Rua de Arroios, 241.It is situated 5 minutes from the Estefânia roundabout, 5 minutes from the Arroios Metro station, and 10 minutes from Saldanha, on foot. This area offers a wide range of services, including supermarkets, pharmacies, restaurants, banks, and various local shops. The building is undergoing a complete renovation, with a high standard of finishes and materials. The following features stand out: Elevator with direct access to the apartment, with an exit to the building’s stairs for guests; High-quality laminate flooring over an acoustic membrane; PVC windows with Argon gas and UV film – high-quality branded windows; Main wall made of stone and covered with hand-painted ceramic mosaic with lighting elements; Rear walls covered with corkwall® (elastic natural cork membrane) in light gray color. The Apartment – 4th Floor: A two-bedroom apartment (T2) with two bathrooms, 92m² of living space, and a balcony of approximately 2m², featuring the following highlights: Bedrooms with built-in wardrobes; Wall AC System – high-quality branded air conditioning units; Kitchen countertops made of black composite material; Kitchen cabinets – lacquered chipboard panels in white; Appliances: Washing machine, microwave/oven, combined refrigerator, glass-ceramic hob, extractor hood, and water heater – all from high-quality brands. Main Bathroom: Floors and walls covered in Carrara marble mosaic with a polished finish. Secondary Bathroom: Floors and walls covered in black Emperador marble mosaic with a polished finish. (For more details about the building and apartment finishes, please request the finishes map.) .",False,good,False,True,6915.0,{},{'typology': 'flat'},"{'subtitle': 'Estefânia, Lisboa', 'title': 'Apartamento em Calçada de Arroios'}",True,False,False,False,{},[],False,False,,Estefânia,
34065126,https://img4.idealista.pt/blur/WEB_LISTING/0/id.pro.pt.image.master/d9/b0/31/278917946.webp,122911547-77,28,6,770000.0,"{'price': {'amount': 770000.0, 'currencySuffix': '€'}}",flat,sale,162.0,4,3,rua Fernando Namora,Lisboa,Carnide,Telheiras,pt,38.7600402,-9.1775018,False,https://www.idealista.pt/imovel/34065126/,"** Apartamento T4 localizado em Telheiras na Rua Fenrando Namora ** Apartamento com 5 assoalhadas composto por 4 quartos sendo 1 em suite e 1 com varanda, sala com lareira e varanda, 3 casas de banho sendo 1 social, arrecadação e 2 lugares de parqueamento. Cozinha equipada. Perfeito para quem privilegie a vida a pé, no atual conceito da ""Cidade de 15 minutos"" onde tudo o que é essencial está à distância máxima de 15 minutos. Jardim Localização imbatível Local sossegado Perto de transportes públicos (Metro e Carris) Acesso fácil ao centro da cidade e ao aeroporto Boa exposição solar e vista desafogada Zona comercial e de serviços completa Perto do Colégio Militar, Escola Secundária Vergílio Ferreira, Escola Básica de S. Vicente de Telheiras, Externato da Luz e Escola Básica de Carnide Perto da Universidade Europeia, Cidade Universitária, Polo Universitário de Benfica, Faculdade de Medicina Veterinária, Polo Tecnológico de Carnide, entre outras Perto do Jardim da Luz Perto de igreja Perto de hospital Perto de diferentes centros comerciais e várias supermercados Contacte-me para mais informações e agendar a sua visita!",False,good,False,True,4753.0,{},{'typology': 'flat'},"{'subtitle': 'Carnide, Lisboa', 'title': 'Apartamento na rua Fernando Namora'}",False,False,False,False,{},[],False,False,"{'hasParkingSpace': True, 'isParkingSpaceIncludedInPrice': True}",,
34065044,https://img4.idealista.pt/blur/WEB_LISTING/0/id.pro.pt.image.master/46/0c/fe/278918035.webp,121291595-52,30,2,565000.0,"{'price': {'amount': 565000.0, 'currencySuffix': '€'}}",flat,sale,134.0,4,2,rua Actor Isidoro,Lisboa,Areeiro,Bairro dos Actores,pt,38.7400863,-9.132381,False,https://www.idealista.pt/imovel/34065044/,"Apartamento T4 para remodelar com varandaInserido num prédio de placa, com dois elevadores na rua ator Isidoro. Num 2º andar, apresento este T4 de 134 m², para remodelação, com varanda para a rua principal. Tenho um projeto estimativo de remodelação para converte num T3 com duas casas de banho, por uma equipa profissional e experiente na zona de Lisboa, que posso apresentar numa visita ao imóvel. Contate-me e falarei nos benefícios fiscais que apenas este tipo de imóveis pode providenciar, tais como isenção de IMT e outros. Estou à sua disposição para qualquer esclarecimento adicional.  .",False,good,False,True,4216.0,{},{'typology': 'flat'},"{'subtitle': 'Areeiro, Lisboa', 'title': 'Apartamento na rua Actor Isidoro'}",False,False,False,False,{},[],False,False,,,
34064832,https://img4.idealista.pt/blur/WEB_LISTING/0/id.pro.pt.image.master/29/b3/f8/278912776.webp,C0475-00358,54,8,349000.0,"{'price': {'amount': 349000.0, 'currencySuffix': '€'}}",flat,sale,105.0,4,1,rua Almada Negreiros,Lisboa,Olivais,,pt,38.761535,-9.1055888,False,https://www.idealista.pt/imovel/34064832/,"Descubra este encantador apartamento T4 em Lisboa, ideal para quem procura conforto e qualidade de vida. Com uma área de 105m², este imóvel destaca-se pela sua boa exposição à luz natural e localização tranquila, perfeito para famílias ou profissionais que desejam estar perto do centro da cidade. O apartamento é composto por quatro quartos espaçosos, uma casa de banho, uma cozinha equipada com forno e exaustor, e uma sala de jantar que se abre para um agradável balcão. Com características como janelas duplas, intercomunicador de vídeo e acesso a elevador, este espaço combina funcionalidade e conforto, além de contar com áreas de arrumação e um hall de entrada acolhedor. Situado numa zona privilegiada, o imóvel está perto de transportes públicos, mercados, e várias comodidades, incluindo escolas e espaços verdes. Não perca a oportunidade de viver num local que oferece tudo o que precisa. Agende a sua visita hoje mesmo e venha conhecer o seu novo lar em Lisboa!",False,good,False,True,3324.0,{},{'typology': 'flat'},"{'subtitle': 'Olivais, Lisboa', 'title': 'Apartamento na rua Almada Negreiros'}",False,False,False,False,{},[],False,False,,,
34064805,https://img4.idealista.pt/blur/WEB_LISTING/0/id.pro.pt.image.master/7b/52/1e/278912371.webp,C0223-06930,17,,825000.0,"{'price': {'amount': 825000.0, 'currencySuffix': '€'}}",flat,sale,134.0,2,3,Expo Sul,Lisboa,Parque das Nações,Expo Sul,pt,38.7586586,-9.0988179,False,https://www.idealista.pt/imovel/34064805/,"DISTRIKT - Novo - T2 de 134 m2 no Parque das Nações!  Descubra uma oportunidade única de viver no coração do Parque das Nações, desfrutando de todo o conforto e sofisticação que merece.  Este apartamento a estrear destaca-se pela sua área bastante superior aos restantes disponíveis na mesma tipologia, oferece espaços generosos em todas as divisões, proporcionando um ambiente de conforto e sofisticação.  A sala de estar espaçosa permite múltiplas configurações de mobiliário, enquanto os quartos amplos garantem privacidade e tranquilidade. A cozinha com Ilha é ideal tanto para o dia a dia quanto para momentos de convívio.  Este diferencial de espaço, raro no mercado, torna este apartamento uma oportunidade única para quem busca qualidade de vida e exclusividade. Localizado no prestigiado Empreendimento Distrikt, este apartamento singular destaca-se pela sua espaçosa área, superando as dimensões comuns encontradas noutros imóveis. Com duas suítes elegantemente projetadas, proporciona um ambiente íntimo e luxuoso. A espaçosa varanda que se abre para o coração do empreendimento, oferece um espaço perfeito para relaxar. Este apartamento representa uma oportunidade única para os novos proprietários desfrutarem de conforto num ambiente verdadeiramente espaçoso e requintado. � Características do Projeto: �️ O Distrikt é a ultima oportunidade de viver num projeto residencial de vanguarda no coração do Parque das Nações, uma das zonas mais modernas e dinâmicas de Lisboa.  Design Moderno: Cada apartamento foi projetado com um toque de elegância e estilo contemporâneo, proporcionando espaços funcionais, ambientes bem-iluminados e acabamentos de alta qualidade. Todos os detalhes foram cuidadosamente planeados para criar uma atmosfera acolhedora e luxuosa.  Neste condomínio privado poderá disfrutar de zona de jardins, piscinas e lazer; e estará servido por segurança 24 Horas e serviço de concierge. � Sobre o Apartamento: Este apartamento de 2 quartos, tem 124,73 m2 de área privativa interior, e uma varanda de 9,30 m2 totalizando 134,03m2. Perfeito para as necessidades do dia a dia, alia conforto e funcionalidade através de divisões espaçosas e bem-distribuídas:  - Mastersuite de 17,89 m2 + 5,75 m2, - Suite de 15,99 m2 + 4,87 m2; - Sala/cozinha de 43,28 m2 com a uma varanda de 9,30 m2; Com as suas amplas janelas que permitem receber a luz solar durante todo o dia, o apartamento virado a Sul dispõe de uma luminosidade natural espetacular e uma sensação acolhedora durante todas as estações do ano. A exposição solar deste apartamento proporcionará uma excelente temperatura interna, tornando o espaço ainda mais agradável e confortável. �️ Localização Privilegiada: A Zona Sul do Parque das Nações é uma área encantadora situada às margens do rio Tejo, em Lisboa, caracterizada por uma mistura de modernidade e beleza natural, esta região oferece uma experiência tranquila aos seus residentes e visitantes. Ao longo do extenso passeio ribeirinho, é possível desfrutar de agradáveis caminhadas, corridas ou passeios de bicicleta, enquanto contempla o rio Tejo e a paisagem deslumbrante que o circunda. Aqui, pode-se encontrar uma variedade de restaurantes, cafés, bares e lojas, oferecendo uma ampla seleção de gastronomia e opções de compras.  Muito procurado por famílias e indivíduos que valorizam o acesso a serviços de educação e cuidados de saúde de alta qualidade, aqui consegue ter acesso a várias escolas publicas e privadas bem como a escolas internacionais bem conceituadas, oferecendo uma educação de padrão internacional para estudantes de diversas nacionalidades.  A proximidade a um Hospital de referência para cuidados de saúde é também uma vantagem significativa para os moradores da desta zona do Parque das Nações. Ter um hospital de qualidade por perto é extremamente tranquilizador, pois garante pronto atendimento em situa.",False,good,False,False,6157.0,{},{'typology': 'flat'},"{'subtitle': 'Parque das Nações, Lisboa', 'title': 'Apartamento'}",True,False,False,False,{},[],False,False,,,
34064783,https://img4.idealista.pt/blur/WEB_LISTING/0/id.pro.pt.image.master/88/51/1a/278910287.webp,121511400-131,16,6,480000.0,"{'price': {'amount': 480000.0, 'currencySuffix': '€'}}",studio,sale,70.0,0,1,Calçada de Arroios,Lisboa,Arroios,São Jorge de Arroios,pt,38.7353207,-9.1388496,False,https://www.idealista.pt/imovel/34064783/,"Prédio situado em Arroios, na Rua de Arroios, 241. Está localizado a 5 minutos da rotunda da Estefânia, a 5 minutos do Metro de Arroios e a 10 minutos do Saldanha, a pé.  Nesta zona tem disponível todo o tipo de serviços, desde supermercados, farmácias, restaurantes, bancos, e muito comércio local.  O prédio está a ser todo reconstruído, com um elevado padrão de acabamentos e de materiais utilizados. Destacam-se as seguintes características: Elevador direto ao apartamento, com saída para as escadas do prédio paraos convidados;  Pavimentos Piso laminado de alta qualidade sobre membrana acústica;  Janelas de PVC com Gás Árgon e Película UV - Janelas de marcas dequalidade;  Parede principal em pedra e revestimento em mosaico cerâmico pintado àmão com elementos luminosos;  Paredes Traseiras revestidas com corkwall® (membrana elástica decortiça natural) na cor cinza claro;  O apartamento – 6º andar:  Loft, com 63m2, e uma varanda com cerca de 6,6m2, em que se destacam asseguintes características:  Pavimento de Alta qualidade laminado sobre membrana acústica;  Sistema de Ar Condicionado Wall AC Unidades de marca de qualidade;  Bancadas de cozinha Bancada em material composto preto.  Armários de Cozinha lacados na cor branca.  Equipamentos Máquina de lavar loiça, forno, frigorifico combinado, placa vitrocerâmica, exaustor e termoacumulador - aparelhos de qualidade.  Casa de Banho com:  Pavimentos e Paredes em mosaico de Mármore Carrara com acabamento polido.  (Mais informação sobre acabamentos do prédio e dos apartamentos soliciteo mapa de acabamentos).   Building located in Arroios, on Rua de Arroios, 241.It is situated 5 minutes from the Estefânia roundabout, 5 minutes from the Arroios Metro station, and 10 minutes from Saldanha, on foot. This area offers a wide range of services, including supermarkets, pharmacies, restaurants, banks, and various local shops. The building is undergoing a complete renovation, with a high standard of finishes and materials. The following features stand out: Elevator with direct access to the apartment, with an exit to the building’s stairs for guests; High-quality laminate flooring over an acoustic membrane; PVC windows with Argon gas and UV film – high-quality branded windows; Main wall made of stone and covered with hand-painted ceramic mosaic with lighting elements; Rear walls covered with corkwall® (elastic natural cork membrane) in light gray color. The Apartment – 6th Floor: A loft with 63m² of living space and a balcony of approximately 6.6m², featuring the following highlights: High-quality laminate flooring over an acoustic membrane; Wall AC System – high-quality branded air conditioning units; Kitchen countertops made of black composite material; Kitchen cabinets lacquered in white; Appliances: Dishwasher, oven, combined refrigerator, glass-ceramic hob, extractor hood, and water heater – all high-quality brands. Bathroom: Floors and walls covered in Carrara marble mosaic with a polished finish. (For more details about the building and apartment finishes, please request the finishes map.) .",False,good,False,True,6857.0,{},"{'typology': 'flat', 'subTypology': 'studio'}","{'subtitle': 'Estefânia, Lisboa', 'title': 'T0 em Calçada de Arroios'}",True,False,False,False,{},[],False,False,,Estefânia,
34064772,https://img4.idealista.pt/blur/WEB_LISTING/0/id.pro.pt.image.master/d7/e3/56/278910208.webp,121511400-130,16,2,620000.0,"{'price': {'amount': 620000.0, 'currencySuffix': '€'}}",flat,sale,94.0,2,2,Calçada de Arroios,Lisboa,Arroios,São Jorge de Arroios,pt,38.7335335,-9.1380363,False,https://www.idealista.pt/imovel/34064772/,"Prédio situado em Arroios, na Rua de Arroios, 241. Está localizado a 5 minutos da rotunda da Estefânia, a 5 minutos do Metro de Arroios e a 10 minutos do Saldanha, a pé.  Nesta zona tem disponível todo o tipo de serviços, desde supermercados, farmácias, restaurantes, bancos, e muito comércio local.  O prédio está a ser todo reconstruído, com um elevado padrão de acabamentos e de materiais utilizados. Destacam-se as seguintes características:  Elevador direto ao apartamento, com saída para as escadas do prédio para os convidados;  Pavimentos Piso laminado de alta qualidade sobre membrana acústica;  Janelas de PVC com Gás Árgon e Película UV - Janelas de marcas de qualidade;  Parede principal em pedra e revestimento em mosaico cerâmico pintado à mão com elementos luminosos;  Paredes Traseiras revestidas com corkwall® (membrana elástica de cortiça natural) na cor cinza claro;  O apartamento – 2º andar:  T2 com duas casas de banho, com 92m2, e uma varanda com cerca de 2m2, em que se destacam as seguintes características:  Quartos com roupeiros;  Sistema de Ar Condicionado Wall AC Unidades de marca de qualidade;  Bancadas de cozinha Bancada em material compósito preto.  Armários de Cozinha Painéis aglomerados envernizados na cor branca.  Eletrodomésticos, Máquina de lavar, micro-ondas/forno, frigorífico combinado, placa vitrocerâmica, exaustor e termoacumulador - aparelhos de marca de qualidade.  Casa de Banho principal com:  Pavimentos e Pavimentos em mosaico de Mármore Carrara com acabamento polido.  Casa de banho secundária:  Pavimentos e Paredes em mosaico preto Emperador com acabamento polido.  (Mais informação sobre acabamentos do prédio e dos apartamentos soliciteo mapa de acabamentos)   Building located in Arroios, on Rua de Arroios, 241.It is situated 5 minutes from the Estefânia roundabout, 5 minutes from the Arroios Metro station, and 10 minutes from Saldanha, on foot. This area offers a wide range of services, including supermarkets, pharmacies, restaurants, banks, and various local shops. The building is undergoing a complete renovation, with a high standard of finishes and materials. The following features stand out: Elevator with direct access to the apartment, with an exit to the building’s stairs for guests; High-quality laminate flooring over an acoustic membrane; PVC windows with Argon gas and UV film – high-quality branded windows; Main wall made of stone and covered with hand-painted ceramic mosaic with lighting elements; Rear walls covered with corkwall® (elastic natural cork membrane) in light gray color. The Apartment – 2nd Floor: A two-bedroom apartment (T2) with two bathrooms, 92m² of living space, and a balcony of approximately 2m², featuring the following highlights: Bedrooms with built-in wardrobes; Wall AC System – high-quality branded air conditioning units; Kitchen countertops made of black composite material; Kitchen cabinets – lacquered chipboard panels in white; Appliances: Washing machine, microwave/oven, combined refrigerator, glass-ceramic hob, extractor hood, and water heater – all from high-quality brands. Main Bathroom: Floors and walls covered in Carrara marble mosaic with a polished finish. Secondary Bathroom: Floors and walls covered in black Emperador marble mosaic with a polished finish. (For more details about the building and apartment finishes, please request the finishes map.) .",False,good,False,True,6596.0,{},{'typology': 'flat'},"{'subtitle': 'Estefânia, Lisboa', 'title': 'Apartamento em Calçada de Arroios'}",True,False,False,False,{},[],False,False,,Estefânia,
34064794,https://img4.idealista.pt/blur/WEB_LISTING/0/id.pro.pt.image.master/a9/0a/8e/278910243.webp,125501006-412,18,1,339000.0,"{'price': {'amount': 339000.0, 'currencySuffix': '€'}}",flat,sale,45.0,1,1,travessa Cruz de Soure,Lisboa,Misericórdia,Bairro Alto,pt,38.7152202,-9.1465485,False,https://www.idealista.pt/imovel/34064794/,"Situado no Príncipe Real, uma das zonas mais procuradas de Lisboa, este apartamento T1 é vendido totalmente mobilado e equipado, pronto a habitar. Encontra-se em ótimo estado, com todos os equipamentos e mobília em excelentes condições.   O imóvel possui licença de AL, com uma excelente rentabilidade para quem pretende investir em arrendamento turístico.   Rua muito tranquila, ideal para quem busca um ambiente calmo e ao mesmo tempo próximo de tudo o que o Príncipe Real tem para oferecer, como lojas, restaurantes e transportes públicos.   Ambiente acolhedor e moderno, ideal tanto para viver como para arrendar a turistas.     Located in Príncipe Real, one of the most sought areas of Lisbon, this 1-bedroom apartment is sold fully furnished and equipped, ready to move into. It is in excellent condition, with all equipment and furniture in excellent condition. The property has an AL license, with excellent profitability for those looking to invest in tourist rentals. Very quiet street, ideal for those looking for a calm environment and at the same time close to everything that Príncipe Real has to offer, such as shops, restaurants and public transport. Cozy and modern environment, ideal for both living and renting to tourists.   .",False,good,False,False,7533.0,{},{'typology': 'flat'},"{'subtitle': 'Misericórdia, Lisboa', 'title': 'Apartamento na travessa Cruz de Soure'}",False,False,False,False,{},[],False,False,,,
34064738,https://img4.idealista.pt/blur/WEB_LISTING/0/id.pro.pt.image.master/bb/e0/f4/278910154.webp,125911054-941,17,2,625000.0,"{'price': {'amount': 625000.0, 'currencySuffix': '€'}}",flat,sale,106.0,2,2,largo Santa Bárbara,Lisboa,Arroios,Anjos,pt,38.7258382,-9.1385975,False,https://www.idealista.pt/imovel/34064738/,"MODERNO T2 EM ARROIOS!   Descubra este incrível apartamento T2, situado no edifício Santa Barbara, em Arroios. Com uma arquitetura contemporânea e design funcional, este imóvel oferece o conforto e a praticidade que procura.   Distribuição inteligente: Sala e cozinha em open space,  que promove um ambiente amplo e iluminado. Espaço privado: Uma suíte espaçosa e mais um quarto servido por uma casa de banho adicional. Conforto: Equipado com ar condicionado,  garante bem-estar durante todo o ano.   Localizado numa das zonas mais vibrantes de Lisboa, com fácil acesso a transportes, comércio, serviços e uma vasta oferta cultural.   Venha conhecer este espaço único e experimente o melhor de viver no coração da cidade.",False,good,False,False,5896.0,{},{'typology': 'flat'},"{'subtitle': 'Arroios, Lisboa', 'title': 'Apartamento no largo Santa Bárbara'}",True,False,False,False,{},[],False,False,"{'hasParkingSpace': True, 'isParkingSpaceIncludedInPrice': True}",,
34064727,https://img4.idealista.pt/blur/WEB_LISTING/0/id.pro.pt.image.master/d1/3b/0d/278910129.webp,123251113-75,27,4,365000.0,"{'price': {'amount': 365000.0, 'currencySuffix': '€'}}",flat,sale,118.0,4,1,rua Francisco Sanches,Lisboa,Arroios,São Jorge de Arroios,pt,38.7310094,-9.1354866,False,https://www.idealista.pt/imovel/34064727/,"LOCALIZAÇÃO PREMIUM - O SEU PRÓXIMO INVESTIMENTO OU LAR NA PRAÇA DO CHILE! Se procura uma oportunidade única no coração de uma das áreas mais vibrantes e acessíveis de Lisboa, este é o imóvel ideal para si! Este espaçoso apartamento de 5 assoalhadas, com uma área total de 110 m2 e uma área dependente de 8 m2 (varanda e marquise), conta com dois quartos interiores e uma casa de banho completa. O seu grande potencial permite-lhe remodelar ao seu gosto e transformar este espaço num verdadeiro lar. Situado num 4º andar sem elevador, num edifício de tabique com traça antiga, este apartamento destaca-se pelo seu pé-direito alto e divisões amplas e luminosas. A apenas poucos passos da estação de metro, esta localização é sinônimo de comodidade e acessibilidade. A zona é extremamente tranquila e oferece uma vasta gama de serviços, comércio e transportes à porta, incluindo metro e diversas linhas de autocarros. Destaques da Localização: � Transportes Públicos: Metro Linha Verde a apenas 2 minutos a pé. Várias linhas de autocarro () a curta distância. � Comodidades e Acessos: Aeroporto Internacional de Lisboa a apenas 10 minutos de carro. A menos de 15 minutos a pé do Instituto Superior Técnico. Proximidade com escolas, comércio local e serviços essenciais. A verdadeira mais-valia deste imóvel é a sua localização privilegiada, nas imediações da Praça do Chile e da Avenida Almirante Reis, colocando-o no epicentro da vida citadina de Lisboa. Com transportes públicos próximos e excelentes acessos rodoviários, esta é uma opção ideal tanto para quem se desloca diariamente pela cidade como para investidores que procuram um imóvel com grande potencial de valorização. Seja para investimento ou para criar o lar dos seus sonhos, esta é uma oportunidade a não perder! � Contacte-me ainda hoje e venha conhecer este imóvel exclusivo!  .",False,good,False,False,3093.0,{},{'typology': 'flat'},"{'subtitle': 'Alameda - Praça do Chile - Almirante Reis, Lisboa', 'title': 'Apartamento na rua Francisco Sanches'}",True,False,False,False,{},[],False,False,,Alameda - Praça do Chile - Almirante Reis,
34064721,https://img4.idealista.pt/blur/WEB_LISTING/0/id.pro.pt.image.master/b7/db/84/278887426.webp,121511400-129,16,1,720000.0,"{'price': {'amount': 720000.0, 'currencySuffix': '€'}}",flat,sale,120.0,2,2,Calçada de Arroios,Lisboa,Arroios,São Jorge de Arroios,pt,38.7329125,-9.1398602,False,https://www.idealista.pt/imovel/34064721/,"Prédio situado em Arroios, na Rua de Arroios, 241. Está localizado a 5 minutos da rotunda da Estefânia, a 5 minutos do Metro de Arroios e a 10 minutos do Saldanha, a pé.  Nesta zona tem disponível todo o tipo de serviços, desde supermercados, farmácias, restaurantes, bancos, e muito comércio local.  O prédio está a ser todo reconstruído, com um elevado padrão de acabamentos e de materiais utilizados. Destacam-se as seguintes características:  Elevador direto ao apartamento, com saída para as escadas do prédio para os convidados;  Pavimentos Piso laminado de alta qualidade sobre membrana acústica;  Janelas de PVC com Gás Árgon e Película UV - Janelas de marcas de qualidade;  Parede principal em pedra e revestimento em mosaico cerâmico pintado à mão com elementos luminosos;  Paredes traseiras revestidas com corkwall® (membrana elástica de cortiça natural) na cor cinza claro;    O apartamento – 1º andar:  T2 com parqueamento, duas casas de banho e terraço/jardim, com 90m2, mais 30m2 de área de parqueamento e jardim, em que se destacam as seguintes características:  Quartos com roupeiros;  Sistema de Ar Condicionado Wall AC Unidades de marca de qualidade;  Bancadas de cozinha Bancada em material compósito preto.  Armários de Cozinha Painéis aglomerados envernizados na cor branca.  Eletrodomésticos, Máquina de lavar, micro-ondas/forno, frigorífico combinado, placa vitrocerâmica, exaustor e termoacumulador - aparelhos de marca de qualidade.  Casa de Banho principal com:  Pavimentos e Paredes em mosaico de Mármore Carrara com acabamento polido.  Casa de banho secundária:  Pavimentos e Paredes em mosaico preto Emperador com acabamento polido.  Paredes em mosaico preto Emperador com acabamento polido.  (Mais informação sobre acabamentos do prédio e dos apartamentos solicite o mapa de acabamentos).   Building located in Arroios, on Rua de Arroios, 241.It is situated 5 minutes from the Estefânia roundabout, 5 minutes from the Arroios Metro station, and 10 minutes from Saldanha, on foot. This area offers a wide range of services, including supermarkets, pharmacies, restaurants, banks, and various local businesses. The building is undergoing a complete reconstruction, with a high standard of finishes and materials used. The following features stand out: Elevator with direct access to the apartment, with an exit to the building’s stairs for guests; High-quality laminate flooring over an acoustic membrane; PVC windows with Argon gas and UV film – high-quality branded windows; Main wall made of stone and covered with hand-painted ceramic mosaic with lighting elements; Rear walls covered with corkwall® (elastic natural cork membrane) in light gray color. The Apartment – 1st Floor: A two-bedroom apartment (T2) with parking, two bathrooms, and a terrace/garden, with 90m² of living space, plus 30m² of parking and garden area, featuring the following highlights: Bedrooms with built-in wardrobes; Wall AC System – high-quality branded air conditioning units; Kitchen countertops made of black composite material; Kitchen cabinets – lacquered chipboard panels in white; Appliances: Washing machine, microwave/oven, combined refrigerator, glass-ceramic hob, extractor hood, and water heater – all from high-quality brands. Main Bathroom: Floors and walls covered in Carrara marble mosaic with a polished finish. Secondary Bathroom: Floors and walls covered in black Emperador marble mosaic with a polished finish. (For more details about the building and apartment finishes, please request the finishes map.) .",False,good,False,True,6000.0,{},{'typology': 'flat'},"{'subtitle': 'Estefânia, Lisboa', 'title': 'Apartamento em Calçada de Arroios'}",True,False,False,False,{},[],False,False,"{'hasParkingSpace': True, 'isParkingSpaceIncludedInPrice': True}",Estefânia,
34064615,https://img4.idealista.pt/blur/WEB_LISTING/0/id.pro.pt.image.master/1e/6f/45/278885226.webp,LX - 2200,37,7,1340000.0,"{'price': {'amount': 1340000.0, 'currencySuffix': '€'}}",flat,sale,103.0,2,2,rua Cidade de Bucareste,Lisboa,Areeiro,Av. de Roma - Campo Pequeno,pt,38.7399423,-9.1399626,False,https://www.idealista.pt/imovel/34064615/,"T2 espaçoso e luminoso com terraço, cozinha equipada, estacionamento. The One é a visão mais urbana da arquitetura de Eduardo Souto de Moura. Uma criação única do Pritzker português concebida para estabelecer um novo padrão de qualidade na oferta residencial de Lisboa. A orientação privilegiada, o espaços generoso e as amplas áreas envidraçadas garantem uma iluminação natural excecional, criando uma ligação perfeita entre o interior e o ambiente exterior. Localizado na Avenida João XXI é um dos eixos mais importantes de Lisboa, oferecendo um equilíbrio perfeito entre vida urbana e espaços verdes. Nas proximidades, encontra-se uma vasta oferta de serviços, cultura e lazer, incluindo parques, centros culturais, restaurantes de renome e instituições de ensino prestigiadas. A poucos passos do Campo Pequeno e da Avenida de Roma, rodeado por teatros, centros comerciais, lojas, restaurantes e supermercados, o The One é ideal para quem valoriza o seu tempo e deseja viver com estilo e conforto, sem perder tempo com deslocações. Com acesso facilitado ao aeroporto, metro, autocarros, escolas e jardins, este é o lugar onde tudo acontece e onde a vida urbana se torna mais fluida e prática. Para mais informações por favor entre em contacto!",False,good,False,True,13010.0,{},{'typology': 'flat'},"{'subtitle': 'Areeiro, Lisboa', 'title': 'Apartamento na rua Cidade de Bucareste'}",False,False,False,False,{},[],False,False,"{'hasParkingSpace': True, 'isParkingSpaceIncludedInPrice': True}",,
34064659,https://img4.idealista.pt/blur/WEB_LISTING/0/id.pro.pt.image.master/7b/4c/71/278885163.webp,120451365-10,18,4,1440000.0,"{'price': {'amount': 1440000.0, 'currencySuffix': '€'}}",flat,sale,250.0,5,4,rua Alves Redol,Lisboa,Areeiro,Arco do Cego,pt,38.7383685,-9.1402836,False,https://www.idealista.pt/imovel/34064659/,"Viva o Melhor de Lisboa: Apartamento à Venda em Localização Privilegiada Fabuloso apartamento, em prédio de prestígio, numa das melhores zonas de Lisboa, junto ao IST.  �Luz natural incrível � Localização premium no coração da cidade  �Espaço elegante e versátil � Vista panorâmica sobre a cidade Apresentamos um espaçoso e luminoso apartamento com 250 m², localizado numa das áreas mais procuradas de Lisboa. Próximo ao Instituto Superior Técnico (IST), Saldanha, Praça de Londres, Jardim do Arco do Cego, este imóvel é ideal para famílias grandes ou para quem procura um amplo espaço para viver.**Características do Apartamento:**O apartamento conta com cinco quartos generosos, todos com janelas grandes (e com acesso a varanda) que proporcionam excelente iluminação natural e vistas deslumbrantes da cidade.**Salas:** Uma ampla sala de estar, perfeita para momentos de convívio, e uma sala de jantar, ideal para jantares em família ou com amigos.**Cozinha:** Cozinha com despensa e copa e porta de serviço.**W.C.:** Quatro casas de banho completas**Varanda:** Uma varanda espaçosa, ideal para desfrutar de momentos relaxantes ao ar livre.**Estacionamento:** Inclui um lugar de estacionamento, uma comodidade valiosa na cidade.**Localização:**Situado numa localização de excelência, a poucos passos do IST, o apartamento está rodeado por uma excelente infraestrutura, incluindo supermercados, cafés, restaurantes, ginásios e transportes públicos. Tem, nas proximidades, algumas das melhores escolas públicas e privadas.  A proximidade com o centro da cidade torna este imóvel ainda mais atrativo para quem deseja viver no coração de Lisboa.Não perca a oportunidade de visitar e comprar este magnífico apartamento que combina conforto, espaço e uma localização privilegiada. Agende uma visita e venha conhecer o seu novo lar!Se precisar de mais detalhes, não hesite em telefonar.   /// EN   Live the Best of Lisbon: Apartment for Sale in a Prime Location    We present a spacious and bright apartment, with 250 m², located in one of the most sought-after areas of Lisbon.Close to the Instituto Superior Técnico (IST), Saldanha, Praça de Londres, Jardim do Arco do Cego, this property is ideal for large families or anyone looking for ample space to live.**Apartment Features:**The apartment has five generous bedrooms, all with large windows (and access to a balcony) that provide excellent natural lighting and stunning views of the city.**Living Rooms:** A large living room, perfect for socializing, and a dining room, ideal for family dinners or gatherings with friends.**Kitchen:** Kitchen with pantry and a service door.**W.C.:** Four complete bathrooms.**Balcony:** A spacious balcony, ideal for enjoying relaxing moments outdoors.**Parking:** Includes one parking space, a valuable convenience in the city.**Location:**Situated in an excellent location, just a few steps from IST, the apartment is surrounded by great infrastructure, including supermarkets, cafes, restaurants, gyms, and public transport. The proximity to the city center makes this property even more attractive for those wishing to live in the heart of Lisbon.Don’t miss the opportunity to acquire this magnificent apartment that combines comfort, space, and a privileged location.    Schedule a visit and come see your new home!If you need any further assistance, feel free to call!  .",False,renew,False,True,5760.0,{},{'typology': 'flat'},"{'subtitle': 'Areeiro, Lisboa', 'title': 'Apartamento na rua Alves Redol'}",True,False,False,False,{},[],False,False,"{'hasParkingSpace': True, 'isParkingSpaceIncludedInPrice': True}",,
34064614,https://img4.idealista.pt/blur/WEB_LISTING/0/id.pro.pt.image.master/ec/2a/e2/278885192.webp,LX - 2199,35,1,1675000.0,"{'price': {'amount': 1675000.0, 'currencySuffix': '€'}}",flat,sale,150.0,3,3,rua Cidade de Bucareste,Lisboa,Areeiro,Av. de Roma - Campo Pequeno,pt,38.7415728,-9.1418392,False,https://www.idealista.pt/imovel/34064614/,"T3 espaçoso e luminoso com terraço, cozinha equipada, estacionamento. The One é a visão mais urbana da arquitetura de Eduardo Souto de Moura. Uma criação única do Pritzker português concebida para estabelecer um novo padrão de qualidade na oferta residencial de Lisboa. A orientação privilegiada, o espaços generoso e as amplas áreas envidraçadas garantem uma iluminação natural excecional, criando uma ligação perfeita entre o interior e o ambiente exterior. Localizado na Avenida João XXI é um dos eixos mais importantes de Lisboa, oferecendo um equilíbrio perfeito entre vida urbana e espaços verdes. Nas proximidades, encontra-se uma vasta oferta de serviços, cultura e lazer, incluindo parques, centros culturais, restaurantes de renome e instituições de ensino prestigiadas. A poucos passos do Campo Pequeno e da Avenida de Roma, rodeado por teatros, centros comerciais, lojas, restaurantes e supermercados, o The One é ideal para quem valoriza o seu tempo e deseja viver com estilo e conforto, sem perder tempo com deslocações. Com acesso facilitado ao aeroporto, metro, autocarros, escolas e jardins, este é o lugar onde tudo acontece e onde a vida urbana se torna mais fluida e prática.",False,good,False,True,11167.0,{},{'typology': 'flat'},"{'subtitle': 'Areeiro, Lisboa', 'title': 'Apartamento na rua Cidade de Bucareste'}",False,False,False,False,{},[],False,False,"{'hasParkingSpace': True, 'isParkingSpaceIncludedInPrice': True}",,
34064639,https://img4.idealista.pt/blur/WEB_LISTING/0/id.pro.pt.image.master/1c/32/3e/278884359.webp,W-02YQ5F,31,,400000.0,"{'price': {'amount': 400000.0, 'currencySuffix': '€'}}",duplex,sale,84.0,1,1,Anjos,Lisboa,Arroios,Anjos,pt,38.7210431,-9.1366213,False,https://www.idealista.pt/imovel/34064639/,"Magnifico T1 Duplex vista largo do Intendente, quarto em Mezzanine envidraçada dando privacidade c/wc e pequena varanda para atrio interior. Cozinha em open space com teto muito alto dando amplitude à sala, wc social, tetos e paredes em betão e interruptores vintage, A/C nas 2 divisões, grande janela virada para o Largo (arrendado ate Dez 2025) Este é um bairro maioritariamente residencial e de comércio. As casas mantêm a arquitetura original, tendo por norma uma boa dimensão. De origem familiar, aqui concentra-se o comércio tradicional - lojas de mobiliário, cafés, restaurantes - mas igualmente se refletem as novas tendências. É um bairro muito interessante para viver, dada a sua centralidade, facilidade de acessos, rede de transportes públicos, proximidade a hospitais, escolas e Polícia. Arroios dispõe de três mercados recentemente requalificados e modernizados: Mercado 31 de Janeiro, Mercado de Arroios, com novos restaurantes à entrada, e Mercado do Forno do Tijolo, que alberga lojas com comércio tradicional, uma loja dos CTT - Correios de Portugal, a sala de leitura Clodomiro Alvarenga, o Complexo Desportivo Joaquim Campos, composto pela Piscina de Arroios, um polidesportivo e um parque infantil, assim como o Mercado de Culturas - um espaço multiusos que recebe projetos de cariz cultural.  Categoria Energética: B-  ref: W-02YQ5F.",False,good,False,False,4762.0,{},"{'typology': 'flat', 'subTypology': 'duplex'}","{'subtitle': 'Arroios, Lisboa', 'title': 'Duplex'}",True,False,True,False,{},[],False,False,,,{'groupDescription': 'Destaque'}
34064583,https://img4.idealista.pt/blur/WEB_LISTING/0/id.pro.pt.image.master/b7/d7/d9/278882809.webp,APA-APA_627,16,,440000.0,"{'price': {'amount': 440000.0, 'currencySuffix': '€'}}",flat,sale,56.0,1,1,Centro,Lisboa,Campolide,Centro,pt,38.7288883,-9.1636744,False,https://www.idealista.pt/imovel/34064583/,"Excelente T1 remodelado em Campolide a 700m do Centro Universitário! Esplêndido apartamento T1, completamente renovado, localizado na prestigiada zona de Campolide, com vistas amplas e desafogadas, que proporcionam um ambiente tranquilo e luminoso.  O imóvel encontra-se em fase final de remodelação, com previsão de conclusão muito breve, e conta com acabamentos modernos e de elevada qualidade, ideais para quem procura conforto e sofisticação.  Dispõe de uma agradável varanda, perfeita para momentos de lazer ao ar livre. A sua localização é privilegiada, situando-se a apenas 700 metros do Polo Universitário de Campolide, o que torna este apartamento uma excelente escolha tanto para estudantes como para profissionais.  Sem dúvida, uma oportunidade única de viver num dos bairros mais procurados e valorizados da cidade de Lisboa, com excelentes acessos e uma vasta oferta de serviços, comércio e transportes. Somos parceiros de entidades que fazem a gestão totalmente gratuita de todo o seu processo de financiamento sempre com as melhores soluções do mercado. Garantimos um acompanhamento pré e pós-escritura. Crédito Bancário: Somos Intermediários de Crédito devidamente autorizados pelo Banco de Portugal (Reg. 4292) e fazemos a gestão de todo o seu processo de financiamento, sempre com as melhores soluções do mercado. Oferecemos todo o envio pré e pós-escritura para garantir uma transferência tranquila e segura. Sobre nós: A One Brokers é uma marca que opera em Portugal desde 2018, liderada por uma equipe com mais de 10 anos de experiência no imobiliário e fornecida disponível para o ajudar em todo o processo de compra da sua nova casa! One Brokers - Confiança a 100% desde o 1º negócio! ********************************** Splendid T1 apartment, fully renovated, located in the prestigious area of Campolide, with wide and unobstructed views, providing a peaceful and bright environment. The property is in the final stages of renovation, with completion expected very soon, and features modern, high-quality finishes, ideal for those seeking comfort and sophistication. It also has a pleasant balcony, perfect for outdoor leisure moments. Its location is privileged, situated just 700 meters from the Campolide University Campus, making this apartment an excellent choice for both students and professionals. Undoubtedly, a unique opportunity to live in one of the most sought-after and valued neighborhoods in Lisbon, with excellent access and a wide range of services, shops, and transportation options.",False,good,False,,7857.0,{},{'typology': 'flat'},"{'subtitle': 'Campolide, Lisboa', 'title': 'Apartamento'}",False,False,False,False,{},[],False,False,,,
34064416,https://img4.idealista.pt/blur/WEB_LISTING/0/id.pro.pt.image.master/68/26/40/278880798.webp,APA_809,42,3,2750000.0,"{'price': {'amount': 2750000.0, 'currencySuffix': '€'}}",flat,sale,330.0,4,5,Lapa,Lisboa,Estrela,Lapa,pt,38.7118195,-9.1586483,False,https://www.idealista.pt/imovel/34064416/,"Apresentamos este deslumbrante apartamento, totalmente renovado, localizado no 3. º andar de um edifício de prestígio com elevador, no distinto bairro da Lapa, em Lisboa. Com uma área generosa de 300 m², esta propriedade oferece um espaço sofisticado e funcional para uma experiência de vida incomparável. Principais características: Hall de entrada amplo: Recebe-o com elegância e espaço, proporcionando uma transição harmoniosa para as áreas sociais. Duas salas de estar (55 m² ): Espaçosas e luminosas, ambas com acesso directo a uma varanda privada, ideais para momentos de lazer e convívio. Sala de jantar independente: Espaço reservado para refeições formais, garantindo privacidade e conforto. Cozinha moderna e equipada: Projectada para os amantes da culinária, com electrodomésticos de última geração e acabamentos de alta qualidade. Suíte adicional: Perfeita para hóspedes ou acomodação de funcionários, garantindo total privacidade. Três suítes principais com armários embutidos: Destaca-se a suíte master, que inclui um escritório privado e closets espaçosos. Climatização completa: Sistema de ar condicionado e aquecimento central em todas as divisões, assegurando conforto durante todo o ano. Estacionamento: Dois lugares de garagem exclusivos para a sua conveniência. Serviço de portaria: Garantia de segurança e assistência diária.  Categoria Energética: C  ref: APA_809.",False,good,False,True,8333.0,{},{'typology': 'flat'},"{'subtitle': 'Estrela, Lisboa', 'title': 'Apartamento'}",True,False,False,False,{},[],False,False,"{'hasParkingSpace': True, 'isParkingSpaceIncludedInPrice': True}",,
34064460,https://img4.idealista.pt/blur/WEB_LISTING/0/id.pro.pt.image.master/48/15/d0/278879110.webp,APA_364 (2),36,3,2500000.0,"{'price': {'amount': 2500000.0, 'currencySuffix': '€'}}",flat,sale,242.0,4,4,Centro,Lisboa,Campo de Ourique,Centro,pt,38.7196631,-9.1645274,False,https://www.idealista.pt/imovel/34064460/,"A Feraboli Real Estate apresenta este excelente apartamento familiar localizado no 3º andar de um edifício novo em Campo de Ourique. A entrada leva-o a uma grande sala de estar com janelas do chão ao teto, permitindo a entrada de muita luz natural de ambos os lados, um terraço privativo e uma cozinha totalmente equipada com eletrodomésticos Smeg. Na zona íntima, 4 suites. Cada quarto dispõe de roupeiro embutido, casa de banho privativa com chão radiante e acesso ao terraço. Ar condicionado embutido em todas as divisões. 3 lugares de estacionamento com acesso direto por elevador e arrecadação. Para mais informações, por favor contacte o nosso Gabinete Privado. Certificação Energética: A+ ref: APA_364 (2).",False,good,False,True,10331.0,{},{'typology': 'flat'},"{'subtitle': 'Campo de Ourique, Lisboa', 'title': 'Apartamento'}",True,False,False,False,{},[],False,False,"{'hasParkingSpace': True, 'isParkingSpaceIncludedInPrice': True}",,
34064442,https://img4.idealista.pt/blur/WEB_LISTING/0/id.pro.pt.image.master/3b/a4/40/278876927.webp,4260375,11,,395000.0,"{'price': {'amount': 395000.0, 'currencySuffix': '€'}}",flat,sale,60.0,1,1,rua Maria Pia s/n,Lisboa,Campo de Ourique,Prazeres - Maria Pia,pt,38.715579,-9.1728779,True,https://www.idealista.pt/imovel/34064442/,"Apartamento T1 em prédio novo na Rua Maria Pia, no charmoso bairro do Campo de Ourique. Este apartamento de 60 m² é vendido totalmente mobilado com decoração elegante, executada por um designer de interiores profissional. Com sala de estar em plano aberto com kitchenette, um quarto espaçoso e uma casa de banho moderna, combina perfeitamente design contemporâneo, conforto e funcionalidade — ideal para habitação e investimento em Lisboa. Destaques da Propriedade: • Sala de estar em plano aberto com kitchenette totalmente equipada • Quarto espaçoso com maravilhosas vistas panorâmicas para o Parque de Monsanto • Totalmente mobilado e pronto a habitar • Ar condicionado para conforto durante todo o ano • Localizado no 2º andar com excelente otimização de espaço • Localização privilegiada num bairro vibrante Um bairro animado e charmoso, o Campo de Ourique oferece tudo o que precisa a poucos passos: • Fácil acesso a transportes públicos, incluindo autocarros e elétricos que ligam às principais zonas da cidade • Perto de escolas, supermercados, farmácias e serviços essenciais • Rodeado de lojas locais, restaurantes e o famoso Mercado do Campo de Ourique • Acesso conveniente ao centro histórico de Lisboa e às principais atrações Informações Adicionais: • Certificação Energética: B • Ano de Construção: 2024 • Estado: Pronto a habitar • Preço: €395.000 Adicionalmente, possibilidade de adquirir a licença de alojamento local (Alojamento Local) aos atuais proprietários pelo preço de 10.000€. Existe também a opção de uma equipa profissional de gestão de arrendamento para gerir a propriedade para o proprietário com uma taxa de serviço de 30% da receita total.",False,good,False,,6583.0,{},{'typology': 'flat'},"{'subtitle': 'Campo de Ourique, Lisboa', 'title': 'Apartamento na rua Maria Pia s/n'}",False,False,False,False,{},[],False,False,,,
